ticket_id,created_date,resolved_date,category,priority,sla_target_hours,first_response_hours,resolution_time_hours,sla_breached,status,assigned_team,agent_name,location,channel,customer_satisfaction
INC100208,2025-01-01 12:06:25,2025-01-01 19:34:37,Access Management,Low,48,7.47,7.47,False,Closed,Security Team,L. Fernandes,Branch - New York,Email,5
INC100123,2025-01-01 13:36:24,2025-01-02 09:32:12,Printer,High,8,2.31,19.93,True,Resolved,Security Team,H. Osei,HQ - Dubai,Walk-in,4
INC100671,2025-01-01 13:38:35,2025-01-02 00:06:11,Software,High,8,3.2,10.46,True,Closed,Service Desk L1,E. Zhou,Branch - London,Self-Service Portal,1
INC100254,2025-01-01 16:58:07,2025-01-01 17:34:07,Email,High,8,0.6,0.6,False,Reopened,Network Ops,G. Petrov,HQ - Dubai,Self-Service Portal,
INC101299,2025-01-01 17:52:03,2025-01-02 11:20:15,Printer,High,8,1.75,17.47,True,Resolved,App Support,H. Osei,HQ - Dubai,Self-Service Portal,4
INC101178,2025-01-01 18:47:41,2025-01-04 23:53:05,Email,Low,48,16.84,77.09,True,Reopened,Systems Admin,H. Osei,Branch - London,Email,
INC100740,2025-01-01 19:37:20,2025-01-02 08:16:56,Application Support,High,8,0.47,12.66,True,Resolved,Network Ops,G. Petrov,Remote,Chat,4
INC101660,2025-01-01 21:10:18,2025-01-02 10:40:18,Access Management,Low,48,13.5,13.5,False,Reopened,Security Team,H. Osei,Branch - Singapore,Self-Service Portal,
INC101024,2025-01-02 01:36:33,2025-01-02 19:17:57,Hardware,Medium,24,2.19,17.69,False,Resolved,Service Desk L1,F. Torres,Branch - Singapore,Email,5
INC102474,2025-01-02 03:58:54,2025-01-02 18:25:18,Software,Medium,24,2.28,14.44,False,Resolved,Network Ops,K. Meyer,Remote,Self-Service Portal,5
INC100024,2025-01-02 04:42:35,2025-01-02 07:15:35,Network,Medium,24,0.96,2.55,False,Reopened,Security Team,A. Khan,HQ - Dubai,Phone,
INC101757,2025-01-02 08:25:39,2025-01-02 19:12:27,Access Management,Critical,4,1.86,10.78,True,Resolved,Service Desk L1,C. Novak,Branch - London,Phone,3
INC101193,2025-01-02 08:47:13,2025-01-02 14:47:13,Email,High,8,0.19,6.0,False,Resolved,Systems Admin,L. Fernandes,Remote,Chat,5
INC100535,2025-01-02 09:00:34,2025-01-05 01:32:22,Application Support,Low,48,1.2,64.53,True,Resolved,App Support,G. Petrov,Remote,Self-Service Portal,3
INC100622,2025-01-02 16:05:56,2025-01-02 23:41:56,Access Management,Medium,24,0.75,7.6,False,Resolved,Network Ops,K. Meyer,HQ - Dubai,Chat,4
INC102613,2025-01-02 18:29:59,2025-01-03 22:03:35,Software,Medium,24,3.83,27.56,True,Resolved,App Support,K. Meyer,Branch - Singapore,Self-Service Portal,2
INC102898,2025-01-03 00:40:11,2025-01-03 10:25:11,Software,High,8,3.2,9.75,True,Closed,Network Ops,G. Petrov,Remote,Phone,3
INC100589,2025-01-03 02:51:02,2025-01-04 09:39:38,Hardware,Low,48,21.84,30.81,False,Closed,Service Desk L1,C. Novak,Branch - Singapore,Email,4
INC100794,2025-01-03 06:56:15,2025-01-03 09:29:15,Network,High,8,1.71,2.55,False,Closed,Systems Admin,L. Fernandes,Branch - London,Email,5
INC102925,2025-01-03 10:50:30,2025-01-03 13:54:42,Email,High,8,3.07,3.07,False,Resolved,Desktop Support,G. Petrov,Remote,Phone,5
INC102307,2025-01-03 14:24:55,,Software,Medium,24,0.06,5.03,False,Reopened,App Support,I. Rossi,HQ - Dubai,Email,
INC100274,2025-01-03 14:34:41,2025-01-04 17:16:41,Printer,Medium,24,2.74,26.7,True,Resolved,Security Team,D. Ahmed,Branch - Singapore,Chat,4
INC101292,2025-01-03 19:59:21,2025-01-04 16:49:09,Software,Medium,24,6.25,20.83,False,Resolved,Security Team,H. Osei,Remote,Phone,5
INC102870,2025-01-03 23:48:37,,Hardware,Low,48,17.33,81.22,True,Reopened,Security Team,J. Kim,HQ - Dubai,Phone,
INC102574,2025-01-04 00:15:16,2025-01-16 00:15:16,Network,Low,48,0.92,288.0,True,Reopened,Desktop Support,K. Meyer,Remote,Chat,
INC100087,2025-01-04 03:30:36,2025-01-06 10:33:36,Software,Low,48,8.64,55.05,True,Resolved,Systems Admin,A. Khan,Remote,Self-Service Portal,4
INC100648,2025-01-04 08:13:10,2025-01-05 21:26:22,Software,Low,48,18.42,37.22,False,Resolved,Network Ops,K. Meyer,Branch - New York,Chat,4
INC102068,2025-01-04 11:56:26,2025-01-04 18:31:14,Printer,Medium,24,6.12,6.58,False,Closed,Network Ops,H. Osei,Branch - New York,Email,4
INC101542,2025-01-04 16:26:48,2025-01-06 15:55:00,Network,Medium,24,3.27,47.47,True,Resolved,Network Ops,L. Fernandes,Branch - New York,Email,3
INC101752,2025-01-04 17:41:58,2025-01-05 01:50:58,Network,High,8,1.61,8.15,True,Resolved,Service Desk L1,I. Rossi,HQ - Dubai,Self-Service Portal,3
INC101058,2025-01-04 18:55:59,2025-01-05 04:37:23,Email,Medium,24,9.69,9.69,False,Resolved,Desktop Support,E. Zhou,Branch - Singapore,Email,4
INC101283,2025-01-05 11:45:52,2025-01-05 17:56:04,Application Support,High,8,1.13,6.17,False,Resolved,Service Desk L1,E. Zhou,Remote,Email,5
INC102591,2025-01-05 11:47:56,2025-01-06 05:28:08,Email,Medium,24,4.45,17.67,False,Resolved,Desktop Support,I. Rossi,HQ - Dubai,Email,3
INC101806,2025-01-05 12:31:59,2025-01-05 18:07:23,Security Incident,High,8,3.03,5.59,False,Reopened,Desktop Support,D. Ahmed,HQ - Dubai,Self-Service Portal,
INC102031,2025-01-05 14:28:30,2025-01-05 21:12:18,Access Management,High,8,1.27,6.73,False,Reopened,Security Team,B. Silva,Remote,Email,
INC100238,2025-01-05 15:51:30,2025-01-06 06:34:42,Hardware,Medium,24,11.07,14.72,False,Resolved,Network Ops,G. Petrov,Remote,Email,3
INC102151,2025-01-05 15:52:12,2025-01-05 19:42:36,Printer,High,8,2.47,3.84,False,Reopened,App Support,K. Meyer,HQ - Dubai,Email,
INC102144,2025-01-05 15:58:39,,Application Support,Low,48,17.66,17.66,False,Reopened,Network Ops,L. Fernandes,Branch - London,Self-Service Portal,
INC100902,2025-01-05 21:39:30,2025-01-08 03:40:06,Application Support,Low,48,9.57,54.01,True,Resolved,Desktop Support,H. Osei,Branch - New York,Phone,4
INC102881,2025-01-05 21:50:26,2025-01-06 20:40:50,Software,Medium,24,6.62,22.84,False,Resolved,Service Desk L1,D. Ahmed,Branch - New York,Self-Service Portal,4
INC100483,2025-01-06 03:38:21,,Software,Low,48,16.48,143.47,True,Reopened,Desktop Support,G. Petrov,Remote,Phone,
INC100855,2025-01-06 04:32:25,2025-01-07 01:46:49,Software,Low,48,18.1,21.24,False,Closed,Service Desk L1,G. Petrov,Branch - London,Phone,5
INC100564,2025-01-06 04:49:55,2025-01-07 06:54:07,Application Support,Low,48,0.26,26.07,False,Resolved,Service Desk L1,C. Novak,HQ - Dubai,Self-Service Portal,3
INC102173,2025-01-06 07:18:18,2025-01-07 01:12:18,Hardware,Medium,24,11.45,17.9,False,Resolved,Desktop Support,A. Khan,Branch - London,Email,4
INC101218,2025-01-06 09:43:30,2025-01-06 15:16:30,Software,High,8,0.52,5.55,False,Resolved,Desktop Support,L. Fernandes,Branch - New York,Self-Service Portal,4
INC102116,2025-01-06 16:23:56,2025-01-08 19:42:32,Software,Low,48,3.0,51.31,True,Closed,Desktop Support,D. Ahmed,Branch - London,Walk-in,3
INC100688,2025-01-06 16:24:32,2025-01-07 02:20:20,Hardware,Medium,24,9.93,9.93,False,Resolved,Desktop Support,J. Kim,Branch - Singapore,Self-Service Portal,4
INC100165,2025-01-06 16:27:14,2025-01-07 03:05:38,Network,Medium,24,9.41,10.64,False,Reopened,App Support,G. Petrov,Remote,Phone,
INC100941,2025-01-06 18:12:42,2025-01-08 11:18:06,Hardware,Low,48,9.74,41.09,False,Resolved,Systems Admin,I. Rossi,Branch - Singapore,Email,5
INC100502,2025-01-06 18:34:23,2025-01-07 04:47:35,Software,Medium,24,6.37,10.22,False,Resolved,Systems Admin,B. Silva,Remote,Walk-in,5
INC100381,2025-01-06 19:12:37,2025-01-07 13:57:37,Application Support,Medium,24,3.56,18.75,False,Reopened,Security Team,E. Zhou,HQ - Dubai,Self-Service Portal,
INC102364,2025-01-06 23:59:09,2025-01-09 11:57:57,Hardware,Medium,24,0.24,59.98,True,Resolved,Desktop Support,J. Kim,Branch - London,Self-Service Portal,3
INC100602,2025-01-07 03:05:25,2025-01-08 16:42:37,Network,Low,48,12.58,37.62,False,Closed,Systems Admin,K. Meyer,Remote,Chat,4
INC100722,2025-01-07 03:43:51,2025-01-07 22:23:27,Network,Low,48,5.57,18.66,False,Resolved,App Support,A. Khan,HQ - Dubai,Email,4
INC102262,2025-01-07 08:32:28,2025-01-11 15:06:40,Email,Low,48,20.11,102.57,True,Resolved,Service Desk L1,I. Rossi,Remote,Self-Service Portal,4
INC102017,2025-01-07 08:33:59,2025-01-10 11:55:35,Access Management,Low,48,17.84,75.36,True,Resolved,Security Team,I. Rossi,Remote,Email,5
INC101066,2025-01-07 08:50:22,2025-01-08 12:02:22,Network,Low,48,18.48,27.2,False,Resolved,Systems Admin,H. Osei,HQ - Dubai,Self-Service Portal,5
INC100345,2025-01-07 10:03:14,2025-01-08 16:51:50,Software,Low,48,21.06,30.81,False,Resolved,Systems Admin,F. Torres,HQ - Dubai,Email,4
INC100100,2025-01-07 12:51:25,2025-01-08 11:41:13,Security Incident,Low,48,10.64,22.83,False,Resolved,Security Team,F. Torres,Branch - New York,Email,4
INC101590,2025-01-07 14:27:31,2025-01-08 04:31:43,Application Support,Low,48,9.4,14.07,False,Resolved,Systems Admin,I. Rossi,Remote,Email,5
INC102843,2025-01-07 14:38:27,2025-01-09 04:41:27,Email,Medium,24,6.27,38.05,True,Resolved,Security Team,G. Petrov,Branch - New York,Phone,4
INC101317,2025-01-07 14:47:30,2025-01-07 23:37:54,Network,Medium,24,8.84,8.84,False,Resolved,Security Team,G. Petrov,Branch - London,Phone,5
INC102130,2025-01-08 00:10:09,2025-01-08 05:47:57,Application Support,High,8,2.7,5.63,False,Resolved,Network Ops,A. Khan,HQ - Dubai,Email,5
INC101689,2025-01-08 01:46:53,2025-01-08 16:58:17,Security Incident,Medium,24,8.06,15.19,False,Resolved,App Support,D. Ahmed,HQ - Dubai,Self-Service Portal,5
INC101173,2025-01-08 08:33:25,2025-01-08 21:03:25,Software,Medium,24,3.75,12.5,False,Resolved,Systems Admin,G. Petrov,Remote,Self-Service Portal,4
INC102716,2025-01-08 11:48:16,2025-01-09 11:16:28,Software,Medium,24,10.82,23.47,False,Reopened,Systems Admin,E. Zhou,HQ - Dubai,Self-Service Portal,
INC100533,2025-01-08 12:19:10,2025-01-09 09:02:22,Printer,Low,48,4.81,20.72,False,Resolved,Network Ops,E. Zhou,Branch - London,Phone,5
INC102803,2025-01-08 16:34:28,2025-01-09 01:31:28,Network,High,8,2.89,8.95,True,Resolved,Security Team,G. Petrov,Remote,Self-Service Portal,3
INC100532,2025-01-08 17:05:26,2025-01-09 03:58:14,Hardware,Medium,24,4.5,10.88,False,Closed,Systems Admin,L. Fernandes,Remote,Phone,5
INC100749,2025-01-08 19:38:30,2025-01-09 06:53:30,Network,Medium,24,1.42,11.25,False,Closed,Service Desk L1,K. Meyer,HQ - Dubai,Chat,5
INC101805,2025-01-09 00:09:17,2025-01-09 03:47:41,Printer,Medium,24,3.64,3.64,False,Resolved,Desktop Support,B. Silva,Remote,Phone,4
INC102890,2025-01-09 02:09:16,2025-01-10 20:29:04,Software,Low,48,18.04,42.33,False,Resolved,App Support,E. Zhou,Branch - Singapore,Self-Service Portal,4
INC101623,2025-01-09 03:27:42,2025-01-09 16:25:18,Network,Low,48,5.54,12.96,False,Resolved,Service Desk L1,A. Khan,HQ - Dubai,Chat,5
INC102874,2025-01-09 03:57:55,2025-01-09 08:32:07,Hardware,High,8,3.61,4.57,False,Resolved,Network Ops,G. Petrov,Branch - London,Self-Service Portal,5
INC101078,2025-01-09 04:34:49,2025-01-09 05:43:49,Hardware,Critical,4,0.44,1.15,False,Resolved,Network Ops,G. Petrov,HQ - Dubai,Chat,4
INC102832,2025-01-09 15:36:59,2025-01-11 00:45:59,Hardware,Medium,24,5.68,33.15,True,Resolved,Security Team,K. Meyer,Remote,Email,3
INC100185,2025-01-09 21:46:38,2025-01-09 23:12:26,Hardware,Critical,4,0.57,1.43,False,Reopened,Security Team,K. Meyer,Branch - New York,Self-Service Portal,
INC102366,2025-01-10 05:39:28,2025-01-12 05:26:52,Software,Medium,24,7.87,47.79,True,Resolved,Security Team,D. Ahmed,HQ - Dubai,Chat,3
INC102720,2025-01-10 06:15:01,2025-01-10 12:00:01,Software,Low,48,5.75,5.75,False,Resolved,App Support,I. Rossi,Branch - London,Self-Service Portal,4
INC100597,2025-01-10 07:08:48,2025-01-11 03:23:48,Application Support,Medium,24,0.81,20.25,False,Resolved,App Support,K. Meyer,Remote,Phone,5
INC102283,2025-01-10 09:41:01,2025-01-10 20:31:25,Software,Medium,24,1.84,10.84,False,Resolved,Systems Admin,B. Silva,Branch - London,Email,5
INC100273,2025-01-10 09:52:48,2025-01-10 12:31:48,Access Management,Critical,4,1.36,2.65,False,Reopened,Security Team,I. Rossi,Remote,Self-Service Portal,
INC101937,2025-01-10 16:46:43,2025-01-10 21:28:43,Hardware,High,8,1.07,4.7,False,Closed,App Support,I. Rossi,Branch - London,Email,4
INC102996,2025-01-10 17:56:26,2025-01-11 12:04:50,Application Support,Medium,24,9.2,18.14,False,Resolved,Network Ops,D. Ahmed,Remote,Email,5
INC102970,2025-01-10 23:54:23,2025-01-12 11:24:59,Email,Low,48,23.66,35.51,False,Resolved,Desktop Support,B. Silva,Branch - London,Chat,4
INC101373,2025-01-11 02:32:52,2025-01-11 15:44:52,Printer,Medium,24,3.13,13.2,False,Resolved,Security Team,J. Kim,Branch - New York,Chat,4
INC100192,2025-01-11 02:52:51,2025-01-13 11:12:03,Network,Medium,24,10.26,56.32,True,Resolved,Desktop Support,G. Petrov,HQ - Dubai,Email,4
INC100321,2025-01-11 12:58:01,2025-01-11 15:18:25,Network,High,8,1.64,2.34,False,Reopened,Systems Admin,I. Rossi,HQ - Dubai,Chat,
INC101249,2025-01-11 22:26:29,2025-01-12 15:18:05,Hardware,Medium,24,2.65,16.86,False,Resolved,Systems Admin,K. Meyer,Branch - New York,Chat,5
INC101408,2025-01-12 00:59:19,2025-01-12 15:26:55,Access Management,Medium,24,0.76,14.46,False,Resolved,Desktop Support,L. Fernandes,HQ - Dubai,Phone,4
INC101303,2025-01-12 01:08:00,2025-01-13 09:14:36,Network,Low,48,1.81,32.11,False,Closed,Security Team,F. Torres,HQ - Dubai,Email,3
INC101592,2025-01-12 04:42:24,2025-01-12 16:34:36,Access Management,Low,48,9.07,11.87,False,Resolved,Systems Admin,J. Kim,HQ - Dubai,Email,3
INC100530,2025-01-12 12:42:41,2025-01-14 07:51:41,Application Support,Low,48,16.61,43.15,False,Resolved,App Support,F. Torres,HQ - Dubai,Phone,4
INC101569,2025-01-12 12:48:50,2025-01-16 16:24:14,Software,Low,48,2.78,99.59,True,Resolved,Network Ops,G. Petrov,Branch - Singapore,Self-Service Portal,4
INC100104,2025-01-12 15:48:13,2025-01-13 22:51:49,Access Management,Low,48,18.24,31.06,False,Resolved,Service Desk L1,B. Silva,HQ - Dubai,Self-Service Portal,5
INC101766,2025-01-12 17:55:29,2025-01-13 14:23:41,Network,Low,48,4.36,20.47,False,Resolved,Network Ops,K. Meyer,Remote,Email,5
INC101983,2025-01-12 19:22:34,2025-01-12 22:44:10,Hardware,High,8,0.42,3.36,False,Resolved,Systems Admin,C. Novak,HQ - Dubai,Email,3
INC100599,2025-01-13 01:47:13,2025-01-13 04:35:49,Application Support,Medium,24,2.81,2.81,False,Resolved,Desktop Support,D. Ahmed,HQ - Dubai,Phone,5
INC101824,2025-01-13 06:20:22,2025-01-13 09:32:58,Hardware,High,8,2.61,3.21,False,Reopened,App Support,D. Ahmed,Branch - London,Phone,
INC101147,2025-01-13 09:50:00,2025-01-14 01:49:24,Printer,Medium,24,4.86,15.99,False,Resolved,Desktop Support,I. Rossi,Remote,Email,5
INC101111,2025-01-13 09:57:27,2025-01-13 13:58:03,Hardware,Medium,24,4.01,4.01,False,Closed,Service Desk L1,A. Khan,Remote,Self-Service Portal,4
INC102333,2025-01-13 10:36:01,2025-01-14 04:00:01,Application Support,Medium,24,8.35,17.4,False,Resolved,Security Team,E. Zhou,HQ - Dubai,Self-Service Portal,3
INC100545,2025-01-13 11:53:20,2025-01-13 23:15:32,Application Support,Low,48,11.37,11.37,False,Resolved,Security Team,I. Rossi,HQ - Dubai,Phone,3
INC100689,2025-01-13 13:54:40,2025-01-14 11:34:52,Hardware,Low,48,9.98,21.67,False,Resolved,App Support,F. Torres,Remote,Email,5
INC102796,2025-01-13 17:41:40,2025-01-14 02:48:52,Printer,Low,48,6.71,9.12,False,Resolved,Network Ops,B. Silva,HQ - Dubai,Email,5
INC100666,2025-01-13 17:42:47,2025-01-14 06:39:11,Application Support,High,8,0.08,12.94,True,Closed,App Support,J. Kim,Remote,Self-Service Portal,3
INC100291,2025-01-13 22:50:43,2025-01-14 07:35:07,Network,Medium,24,4.24,8.74,False,Closed,Systems Admin,E. Zhou,HQ - Dubai,Email,5
INC102155,2025-01-14 02:37:38,2025-01-14 09:46:38,Email,High,8,0.9,7.15,False,Reopened,Security Team,I. Rossi,Branch - New York,Phone,
INC101366,2025-01-14 03:32:44,2025-01-15 17:09:20,Hardware,Low,48,22.64,37.61,False,Resolved,Security Team,A. Khan,Remote,Email,4
INC100221,2025-01-14 21:44:42,2025-01-16 05:44:06,Hardware,Low,48,1.16,31.99,False,Closed,Network Ops,J. Kim,Remote,Chat,5
INC102978,2025-01-14 23:14:21,2025-01-15 02:20:57,Network,Critical,4,1.14,3.11,False,Closed,Security Team,C. Novak,HQ - Dubai,Email,4
INC102669,2025-01-14 23:17:48,2025-01-15 01:28:00,Application Support,High,8,2.13,2.17,False,Resolved,Desktop Support,G. Petrov,HQ - Dubai,Email,4
INC101198,2025-01-15 01:38:22,2025-01-16 05:35:58,Application Support,Medium,24,1.0,27.96,True,Resolved,Systems Admin,A. Khan,HQ - Dubai,Chat,3
INC101152,2025-01-15 03:41:09,2025-01-17 20:18:57,Security Incident,Low,48,1.07,64.63,True,Resolved,App Support,B. Silva,Branch - London,Email,3
INC101793,2025-01-15 04:41:16,2025-01-15 10:50:16,Application Support,Medium,24,4.15,6.15,False,Resolved,Network Ops,E. Zhou,Branch - London,Self-Service Portal,4
INC100361,2025-01-15 08:44:42,2025-01-15 14:47:42,Printer,Medium,24,6.05,6.05,False,Closed,Service Desk L1,A. Khan,Branch - New York,Email,5
INC101491,2025-01-15 12:46:04,2025-01-22 03:49:40,Email,Low,48,2.53,159.06,True,Resolved,Service Desk L1,L. Fernandes,Remote,Phone,3
INC102582,2025-01-15 13:25:49,2025-01-17 06:45:01,Hardware,Low,48,18.15,41.32,False,Reopened,Security Team,F. Torres,HQ - Dubai,Self-Service Portal,
INC100026,2025-01-15 14:45:52,2025-01-15 17:32:40,Application Support,Critical,4,0.59,2.78,False,Resolved,Desktop Support,D. Ahmed,Remote,Walk-in,3
INC101822,2025-01-15 17:01:36,,Network,Low,48,5.31,18.74,False,Reopened,App Support,J. Kim,Branch - Singapore,Phone,
INC102739,2025-01-15 18:37:27,2025-01-17 14:03:51,Software,Low,48,9.53,43.44,False,Resolved,Desktop Support,H. Osei,Branch - New York,Email,3
INC102620,2025-01-15 20:46:22,,Hardware,Low,48,0.9,30.82,False,Reopened,Desktop Support,E. Zhou,HQ - Dubai,Self-Service Portal,
INC100118,2025-01-15 20:59:20,2025-01-18 02:41:20,Network,Low,48,6.98,53.7,True,Resolved,App Support,J. Kim,HQ - Dubai,Chat,4
INC100837,2025-01-15 21:24:03,,Network,High,8,1.98,5.48,False,Reopened,Security Team,I. Rossi,Branch - London,Phone,
INC101185,2025-01-16 03:11:46,2025-01-18 00:18:22,Application Support,Low,48,7.43,45.11,False,Resolved,App Support,I. Rossi,Branch - London,Self-Service Portal,5
INC102468,2025-01-16 03:28:27,2025-01-18 03:49:27,Email,Low,48,0.48,48.35,True,Reopened,App Support,L. Fernandes,HQ - Dubai,Email,
INC100936,2025-01-16 13:20:27,2025-01-16 23:42:39,Application Support,Medium,24,4.67,10.37,False,Resolved,Network Ops,L. Fernandes,Remote,Phone,5
INC100661,2025-01-16 15:44:55,2025-01-17 09:13:07,Hardware,High,8,1.2,17.47,True,Resolved,Service Desk L1,E. Zhou,Remote,Self-Service Portal,5
INC102607,2025-01-16 22:52:49,2025-01-17 12:01:13,Printer,High,8,2.6,13.14,True,Closed,Desktop Support,H. Osei,Remote,Chat,4
INC102674,2025-01-17 01:16:20,2025-01-18 16:24:44,Network,Low,48,7.78,39.14,False,Resolved,Systems Admin,F. Torres,Branch - London,Email,4
INC101802,2025-01-17 04:58:03,2025-01-17 10:44:51,Network,Medium,24,5.78,5.78,False,Closed,Desktop Support,L. Fernandes,HQ - Dubai,Email,4
INC100684,2025-01-17 06:05:30,2025-01-18 08:06:06,Application Support,Low,48,14.11,26.01,False,Resolved,Desktop Support,C. Novak,Branch - London,Phone,5
INC100482,2025-01-17 08:54:26,2025-01-18 01:27:26,Software,Low,48,15.91,16.55,False,Resolved,App Support,A. Khan,Branch - Singapore,Email,4
INC101315,2025-01-17 09:20:12,2025-01-21 13:04:00,Software,Low,48,23.09,99.73,True,Closed,Service Desk L1,C. Novak,Branch - New York,Self-Service Portal,4
INC100437,2025-01-17 09:56:15,,Printer,High,8,0.3,5.77,False,Reopened,Security Team,I. Rossi,HQ - Dubai,Phone,
INC100583,2025-01-17 11:21:26,2025-01-20 05:31:38,Hardware,Low,48,18.7,66.17,True,Resolved,Desktop Support,G. Petrov,Branch - Singapore,Email,3
INC102455,2025-01-17 17:01:57,2025-01-18 01:37:57,Access Management,High,8,1.01,8.6,True,Resolved,Desktop Support,G. Petrov,Remote,Phone,2
INC100868,2025-01-17 20:08:28,2025-01-18 04:20:28,Printer,Medium,24,2.7,8.2,False,Reopened,Network Ops,D. Ahmed,HQ - Dubai,Self-Service Portal,
INC102921,2025-01-17 20:17:45,2025-01-17 23:05:45,Email,High,8,1.8,2.8,False,Closed,App Support,L. Fernandes,Remote,Self-Service Portal,5
INC100062,2025-01-17 23:08:09,2025-01-18 11:47:45,Software,Low,48,12.66,12.66,False,Resolved,Desktop Support,G. Petrov,Branch - London,Email,4
INC101798,2025-01-18 08:54:04,2025-01-18 22:11:28,Network,Medium,24,9.81,13.29,False,Resolved,Security Team,G. Petrov,HQ - Dubai,Phone,5
INC102081,2025-01-18 12:42:22,2025-01-18 15:05:10,Application Support,High,8,0.9,2.38,False,Resolved,Security Team,D. Ahmed,HQ - Dubai,Self-Service Portal,4
INC101922,2025-01-18 15:21:42,2025-01-19 00:18:42,Application Support,High,8,2.41,8.95,True,Resolved,Desktop Support,A. Khan,HQ - Dubai,Chat,4
INC101054,2025-01-18 18:07:06,2025-01-19 22:11:54,Network,Medium,24,9.37,28.08,True,Reopened,Service Desk L1,L. Fernandes,HQ - Dubai,Chat,
INC101911,2025-01-19 02:38:38,2025-01-20 02:48:14,Software,Low,48,10.79,24.16,False,Closed,Desktop Support,C. Novak,Branch - Singapore,Email,4
INC100953,2025-01-19 12:33:16,2025-01-21 15:09:16,Printer,Low,48,12.66,50.6,True,Closed,Security Team,D. Ahmed,Remote,Email,4
INC101123,2025-01-19 12:53:16,2025-01-19 23:39:28,Email,Medium,24,7.44,10.77,False,Resolved,Desktop Support,J. Kim,HQ - Dubai,Phone,5
INC102190,2025-01-19 18:42:52,2025-01-20 11:36:52,Hardware,Medium,24,11.3,16.9,False,Closed,Service Desk L1,E. Zhou,HQ - Dubai,Self-Service Portal,5
INC101112,2025-01-19 21:05:07,2025-01-21 10:23:43,Network,Low,48,20.34,37.31,False,Closed,Network Ops,G. Petrov,Branch - London,Email,3
INC100982,2025-01-19 22:12:36,2025-01-20 19:46:48,Access Management,Medium,24,8.67,21.57,False,Resolved,App Support,F. Torres,Remote,Email,4
INC100578,2025-01-20 01:25:11,,Hardware,High,8,1.55,2.48,False,Reopened,Security Team,B. Silva,Branch - London,Phone,
INC102838,2025-01-20 03:39:13,2025-01-21 06:28:25,Access Management,Low,48,8.23,26.82,False,Resolved,Desktop Support,C. Novak,Branch - Singapore,Email,4
INC101219,2025-01-20 03:43:36,2025-01-21 01:10:36,Network,Low,48,3.32,21.45,False,Resolved,Systems Admin,J. Kim,Branch - London,Phone,5
INC102240,2025-01-20 04:11:11,2025-01-23 07:15:23,Printer,Low,48,5.14,75.07,True,Reopened,Security Team,G. Petrov,HQ - Dubai,Chat,
INC100311,2025-01-20 04:51:06,2025-01-22 14:07:54,Security Incident,Low,48,6.17,57.28,True,Reopened,Network Ops,D. Ahmed,Branch - London,Chat,
INC100303,2025-01-20 05:38:29,2025-01-20 07:54:41,Security Incident,Medium,24,2.27,2.27,False,Closed,Desktop Support,C. Novak,Branch - Singapore,Email,4
INC101721,2025-01-20 17:40:15,2025-01-21 22:25:51,Network,Low,48,12.11,28.76,False,Resolved,App Support,I. Rossi,Remote,Phone,4
INC100999,2025-01-20 22:25:20,2025-01-21 02:10:56,Software,Critical,4,1.8,3.76,False,Resolved,App Support,K. Meyer,Remote,Chat,5
INC102136,2025-01-20 23:21:30,2025-01-21 00:34:06,Email,High,8,1.21,1.21,False,Closed,App Support,L. Fernandes,Branch - London,Self-Service Portal,5
INC102180,2025-01-21 00:37:08,2025-01-23 06:58:44,Software,Low,48,22.7,54.36,True,Resolved,Desktop Support,G. Petrov,Remote,Self-Service Portal,3
INC101743,2025-01-21 01:14:25,2025-01-21 14:55:49,Hardware,Low,48,6.14,13.69,False,Closed,Security Team,G. Petrov,HQ - Dubai,Phone,4
INC100135,2025-01-21 02:31:35,2025-01-25 11:27:59,Software,Low,48,4.67,104.94,True,Resolved,Systems Admin,C. Novak,Remote,Email,2
INC100629,2025-01-21 05:33:34,2025-01-21 10:50:58,Hardware,Medium,24,5.29,5.29,False,Resolved,Network Ops,A. Khan,HQ - Dubai,Self-Service Portal,4
INC101457,2025-01-21 21:31:08,2025-01-22 04:14:56,Access Management,Medium,24,6.28,6.73,False,Resolved,Systems Admin,K. Meyer,Branch - Singapore,Email,4
INC102650,2025-01-21 21:36:48,2025-01-22 05:56:00,Email,Medium,24,5.11,8.32,False,Closed,Service Desk L1,H. Osei,Branch - London,Email,5
INC102092,2025-01-22 04:12:33,2025-01-22 23:35:21,Security Incident,Medium,24,11.09,19.38,False,Resolved,Network Ops,C. Novak,HQ - Dubai,Email,3
INC101695,2025-01-22 06:57:13,2025-01-24 05:08:01,Hardware,Medium,24,3.16,46.18,True,Resolved,App Support,G. Petrov,Branch - London,Walk-in,4
INC101964,2025-01-22 07:34:08,2025-01-24 00:35:20,Software,Medium,24,8.15,41.02,True,Resolved,App Support,L. Fernandes,HQ - Dubai,Self-Service Portal,4
INC102322,2025-01-22 09:17:45,2025-01-22 20:35:09,Software,Medium,24,8.78,11.29,False,Resolved,Security Team,D. Ahmed,Branch - New York,Chat,5
INC101093,2025-01-22 09:43:16,2025-01-22 13:47:28,Email,Critical,4,0.61,4.07,True,Closed,Security Team,B. Silva,Remote,Email,3
INC101087,2025-01-22 11:16:11,2025-01-23 05:51:35,Access Management,Low,48,1.61,18.59,False,Resolved,Service Desk L1,J. Kim,Remote,Email,4
INC102007,2025-01-22 12:33:02,2025-01-23 13:26:26,Software,Medium,24,5.7,24.89,True,Resolved,Security Team,C. Novak,HQ - Dubai,Phone,4
INC100076,2025-01-22 15:42:08,2025-01-22 18:12:44,Access Management,High,8,2.51,2.51,False,Resolved,Service Desk L1,B. Silva,Remote,Self-Service Portal,5
INC100908,2025-01-22 16:23:41,2025-01-22 20:41:41,Access Management,Medium,24,4.3,4.3,False,Closed,Systems Admin,D. Ahmed,Remote,Phone,5
INC100859,2025-01-22 18:04:50,2025-01-25 11:38:26,Security Incident,Low,48,20.98,65.56,True,Resolved,Systems Admin,D. Ahmed,Remote,Email,4
INC101552,2025-01-22 23:25:39,,Application Support,High,8,3.43,5.72,False,Reopened,Systems Admin,A. Khan,Remote,Chat,
INC101122,2025-01-23 02:45:05,2025-01-23 09:58:17,Access Management,Medium,24,7.22,7.22,False,Closed,Service Desk L1,F. Torres,HQ - Dubai,Chat,4
INC102824,2025-01-23 03:16:24,2025-01-23 13:53:36,Email,Low,48,5.19,10.62,False,Resolved,Security Team,J. Kim,HQ - Dubai,Phone,3
INC102267,2025-01-23 09:42:20,2025-01-25 11:27:56,Hardware,Medium,24,0.16,49.76,True,Closed,Systems Admin,L. Fernandes,Branch - London,Chat,3
INC102516,2025-01-23 10:59:29,2025-01-23 13:09:05,Access Management,Critical,4,1.31,2.16,False,Closed,App Support,G. Petrov,Branch - London,Chat,3
INC102181,2025-01-23 12:46:33,2025-01-23 22:21:57,Hardware,Medium,24,8.71,9.59,False,Resolved,Systems Admin,A. Khan,Branch - Singapore,Chat,4
INC102533,2025-01-23 12:47:10,2025-01-23 19:17:10,Security Incident,High,8,2.8,6.5,False,Resolved,App Support,E. Zhou,Branch - London,Self-Service Portal,1
INC102434,2025-01-23 13:02:43,2025-01-23 18:31:31,Hardware,High,8,2.18,5.48,False,Resolved,Service Desk L1,F. Torres,HQ - Dubai,Self-Service Portal,5
INC102153,2025-01-23 13:40:13,2025-01-24 03:54:01,Application Support,High,8,0.68,14.23,True,Closed,Service Desk L1,D. Ahmed,Branch - London,Phone,3
INC100244,2025-01-23 14:48:29,2025-01-24 13:34:05,Hardware,Low,48,2.83,22.76,False,Closed,Network Ops,H. Osei,Branch - London,Self-Service Portal,3
INC102604,2025-01-23 16:40:26,2025-01-30 21:47:38,Printer,Low,48,9.01,173.12,True,Resolved,Service Desk L1,G. Petrov,Branch - London,Chat,3
INC102800,2025-01-23 16:59:37,2025-01-24 04:21:49,Network,Medium,24,1.85,11.37,False,Resolved,App Support,D. Ahmed,HQ - Dubai,Phone,5
INC101687,2025-01-23 17:02:45,2025-01-24 05:29:45,Access Management,Medium,24,7.25,12.45,False,Reopened,Service Desk L1,A. Khan,Branch - London,Chat,
INC100421,2025-01-23 22:58:29,,Software,Low,48,9.9,53.54,True,Reopened,App Support,C. Novak,Branch - London,Email,
INC100480,2025-01-24 00:32:53,2025-01-25 18:22:05,Hardware,Low,48,21.68,41.82,False,Resolved,Desktop Support,L. Fernandes,Branch - London,Email,4
INC102500,2025-01-24 01:33:45,2025-01-24 11:45:09,Access Management,Medium,24,9.92,10.19,False,Resolved,App Support,B. Silva,Branch - New York,Self-Service Portal,3
INC102856,2025-01-24 03:20:54,2025-01-24 08:05:54,Security Incident,High,8,1.59,4.75,False,Resolved,App Support,H. Osei,Remote,Self-Service Portal,3
INC101240,2025-01-24 03:43:29,2025-01-24 09:53:41,Application Support,High,8,2.96,6.17,False,Resolved,Network Ops,D. Ahmed,Branch - Singapore,Email,3
INC101527,2025-01-24 04:12:04,2025-01-24 23:54:04,Hardware,Medium,24,6.06,19.7,False,Resolved,Systems Admin,H. Osei,HQ - Dubai,Email,4
INC100310,2025-01-24 05:49:47,2025-01-24 20:35:59,Security Incident,High,8,2.15,14.77,True,Resolved,Service Desk L1,I. Rossi,Remote,Self-Service Portal,3
INC100220,2025-01-24 06:03:41,2025-01-26 03:15:41,Network,Low,48,22.09,45.2,False,Closed,Service Desk L1,C. Novak,Remote,Self-Service Portal,5
INC100344,2025-01-24 10:59:53,2025-01-24 16:28:05,Hardware,Medium,24,5.47,5.47,False,Resolved,Security Team,J. Kim,Remote,Chat,4
INC101927,2025-01-24 13:30:48,2025-01-24 17:38:36,Software,High,8,1.55,4.13,False,Resolved,Desktop Support,F. Torres,Branch - London,Email,5
INC102992,2025-01-24 18:46:20,2025-01-25 12:03:08,Hardware,Medium,24,6.68,17.28,False,Resolved,Network Ops,G. Petrov,Branch - New York,Email,4
INC100693,2025-01-24 19:02:03,2025-01-25 22:31:27,Network,Medium,24,5.93,27.49,True,Reopened,Desktop Support,C. Novak,Remote,Phone,
INC102848,2025-01-25 03:30:13,2025-01-25 22:09:13,Application Support,High,8,1.57,18.65,True,Resolved,Systems Admin,J. Kim,Remote,Chat,5
INC102609,2025-01-25 04:36:52,2025-01-25 09:15:52,Software,High,8,1.73,4.65,False,Closed,Systems Admin,G. Petrov,HQ - Dubai,Email,4
INC100313,2025-01-25 20:53:35,2025-01-26 09:05:35,Printer,Medium,24,9.67,12.2,False,Resolved,App Support,B. Silva,Branch - London,Self-Service Portal,3
INC101369,2025-01-25 22:49:08,2025-01-27 11:03:32,Software,Low,48,17.42,36.24,False,Resolved,Network Ops,I. Rossi,Branch - New York,Chat,4
INC101208,2025-01-26 09:03:34,2025-01-27 04:13:10,Printer,Medium,24,5.34,19.16,False,Resolved,Security Team,I. Rossi,Remote,Email,5
INC100351,2025-01-26 12:24:24,2025-01-26 13:08:48,Software,Critical,4,0.22,0.74,False,Reopened,App Support,F. Torres,Remote,Self-Service Portal,
INC100893,2025-01-26 18:08:20,2025-01-30 04:32:20,Hardware,Low,48,16.46,82.4,True,Reopened,App Support,H. Osei,Branch - Singapore,Chat,
INC102540,2025-01-26 19:13:00,2025-02-01 05:12:24,Software,Medium,24,0.44,129.99,True,Closed,Systems Admin,H. Osei,HQ - Dubai,Email,2
INC100006,2025-01-26 20:41:29,2025-01-28 04:00:41,Email,Low,48,2.74,31.32,False,Resolved,Security Team,A. Khan,HQ - Dubai,Email,5
INC100234,2025-01-26 20:50:00,2025-01-27 03:02:36,Application Support,High,8,2.46,6.21,False,Closed,Service Desk L1,B. Silva,HQ - Dubai,Chat,5
INC101467,2025-01-26 23:31:42,2025-01-27 05:24:30,Hardware,Medium,24,0.58,5.88,False,Resolved,Systems Admin,I. Rossi,Branch - New York,Chat,4
INC100694,2025-01-27 00:43:08,2025-01-27 05:07:44,Network,High,8,1.7,4.41,False,Resolved,Systems Admin,G. Petrov,Branch - New York,Phone,4
INC100419,2025-01-27 06:17:22,2025-01-27 11:34:46,Access Management,High,8,3.66,5.29,False,Resolved,App Support,E. Zhou,HQ - Dubai,Email,3
INC100812,2025-01-27 08:19:20,2025-01-27 18:18:44,Security Incident,Medium,24,4.41,9.99,False,Resolved,App Support,E. Zhou,Remote,Self-Service Portal,3
INC100634,2025-01-27 11:43:47,2025-01-28 11:39:35,Security Incident,Medium,24,1.79,23.93,False,Closed,Service Desk L1,L. Fernandes,HQ - Dubai,Self-Service Portal,5
INC100787,2025-01-27 19:42:16,2025-01-31 15:44:04,Network,Low,48,12.02,92.03,True,Reopened,Security Team,H. Osei,HQ - Dubai,Email,
INC102649,2025-01-27 20:38:08,2025-01-28 20:17:44,Application Support,Low,48,14.75,23.66,False,Resolved,App Support,A. Khan,Branch - London,Phone,3
INC102528,2025-01-27 21:07:46,2025-01-27 22:18:34,Printer,High,8,1.18,1.18,False,Resolved,Security Team,I. Rossi,HQ - Dubai,Phone,4
INC102113,2025-01-28 01:56:07,2025-01-28 05:44:43,Access Management,High,8,1.78,3.81,False,Closed,Systems Admin,J. Kim,Remote,Email,4
INC101288,2025-01-28 06:57:01,2025-01-30 00:37:49,Access Management,Low,48,4.03,41.68,False,Closed,Desktop Support,H. Osei,Remote,Phone,5
INC102553,2025-01-28 08:39:59,2025-01-28 19:17:47,Software,Medium,24,10.63,10.63,False,Resolved,Service Desk L1,E. Zhou,Branch - Singapore,Self-Service Portal,5
INC102167,2025-01-28 09:23:30,2025-01-29 05:01:54,Security Incident,Low,48,19.48,19.64,False,Resolved,App Support,A. Khan,Branch - New York,Email,5
INC100903,2025-01-28 11:12:19,2025-01-30 09:35:43,Network,Medium,24,1.17,46.39,True,Resolved,Security Team,G. Petrov,HQ - Dubai,Email,2
INC102837,2025-01-28 13:22:12,2025-01-28 19:49:12,Software,High,8,0.38,6.45,False,Reopened,Service Desk L1,G. Petrov,HQ - Dubai,Phone,
INC101133,2025-01-28 13:45:57,2025-01-28 22:50:09,Application Support,High,8,0.86,9.07,True,Resolved,Service Desk L1,H. Osei,Branch - London,Phone,3
INC100795,2025-01-28 14:54:48,2025-01-31 05:44:00,Hardware,Low,48,18.52,62.82,True,Resolved,Network Ops,D. Ahmed,Remote,Phone,3
INC102404,2025-01-28 15:43:03,2025-01-28 21:34:39,Access Management,Medium,24,5.86,5.86,False,Resolved,Network Ops,B. Silva,Remote,Email,3
INC101594,2025-01-28 22:02:29,2025-01-29 04:17:29,Printer,Medium,24,3.13,6.25,False,Reopened,Security Team,F. Torres,Branch - London,Walk-in,
INC101768,2025-01-29 00:22:44,2025-01-29 01:51:32,Network,High,8,1.48,1.48,False,Resolved,Service Desk L1,F. Torres,Remote,Phone,5
INC101540,2025-01-29 02:19:00,,Software,Low,48,11.35,55.61,True,Reopened,Systems Admin,B. Silva,Branch - Singapore,Chat,
INC100049,2025-01-29 02:33:08,2025-01-29 05:14:32,Email,High,8,2.69,2.69,False,Reopened,Network Ops,B. Silva,Remote,Email,
INC102347,2025-01-29 06:24:26,2025-01-30 04:22:02,Network,Low,48,2.6,21.96,False,Reopened,Service Desk L1,I. Rossi,HQ - Dubai,Email,
INC101070,2025-01-29 09:35:52,2025-01-29 11:08:52,Printer,Medium,24,1.55,1.55,False,Resolved,Network Ops,G. Petrov,HQ - Dubai,Self-Service Portal,4
INC102341,2025-01-29 15:29:28,2025-01-30 05:43:16,Network,Low,48,1.71,14.23,False,Resolved,App Support,J. Kim,HQ - Dubai,Self-Service Portal,3
INC100228,2025-01-29 18:06:53,2025-01-30 01:24:17,Hardware,Medium,24,7.29,7.29,False,Closed,Service Desk L1,K. Meyer,Branch - New York,Phone,5
INC101891,2025-01-29 19:51:46,2025-01-30 06:55:58,Hardware,Critical,4,1.17,11.07,True,Resolved,Systems Admin,B. Silva,HQ - Dubai,Email,4
INC100528,2025-01-29 23:29:31,2025-02-01 16:31:19,Printer,Low,48,6.32,65.03,True,Resolved,Desktop Support,B. Silva,HQ - Dubai,Phone,3
INC101097,2025-01-30 05:55:54,2025-01-31 17:37:54,Software,Low,48,19.61,35.7,False,Reopened,Security Team,G. Petrov,HQ - Dubai,Email,
INC102281,2025-01-30 08:08:57,2025-02-01 13:43:09,Application Support,Low,48,15.52,53.57,True,Resolved,App Support,A. Khan,Remote,Phone,3
INC100212,2025-01-30 09:24:08,2025-01-30 11:33:08,Application Support,High,8,2.15,2.15,False,Resolved,Systems Admin,B. Silva,Remote,Chat,3
INC102412,2025-01-30 10:17:17,2025-01-31 16:31:05,Printer,Medium,24,7.21,30.23,True,Reopened,Systems Admin,F. Torres,Branch - Singapore,Self-Service Portal,
INC100240,2025-01-30 11:53:41,2025-01-30 18:35:41,Application Support,Medium,24,6.55,6.7,False,Resolved,Desktop Support,E. Zhou,Branch - New York,Email,5
INC100298,2025-01-30 14:37:11,2025-01-31 15:46:11,Software,High,8,1.54,25.15,True,Resolved,Systems Admin,B. Silva,HQ - Dubai,Email,3
INC101229,2025-01-30 17:21:43,2025-02-01 01:04:19,Security Incident,Low,48,0.99,31.71,False,Closed,App Support,J. Kim,HQ - Dubai,Phone,5
INC100713,2025-01-31 01:31:20,2025-01-31 02:54:44,Security Incident,Critical,4,1.17,1.39,False,Resolved,Network Ops,A. Khan,Branch - London,Phone,5
INC102538,2025-01-31 03:40:14,2025-01-31 09:24:02,Hardware,High,8,1.5,5.73,False,Closed,Security Team,J. Kim,Branch - London,Walk-in,3
INC101405,2025-01-31 04:44:49,2025-02-02 07:05:13,Email,Low,48,4.9,50.34,True,Reopened,App Support,E. Zhou,Branch - London,Email,
INC102606,2025-01-31 05:54:35,2025-02-01 14:37:11,Access Management,Low,48,8.6,32.71,False,Reopened,Security Team,G. Petrov,Remote,Chat,
INC102765,2025-01-31 09:45:44,2025-01-31 11:13:20,Network,High,8,1.18,1.46,False,Resolved,Service Desk L1,L. Fernandes,Branch - London,Phone,3
INC100111,2025-01-31 10:45:08,2025-01-31 16:13:20,Application Support,Medium,24,5.47,5.47,False,Reopened,Security Team,A. Khan,HQ - Dubai,Chat,
INC100731,2025-01-31 13:25:28,2025-02-02 02:44:04,Software,Medium,24,9.24,37.31,True,Resolved,Network Ops,G. Petrov,Remote,Self-Service Portal,3
INC100703,2025-01-31 15:46:30,2025-02-02 06:29:06,Hardware,Low,48,0.41,38.71,False,Closed,Network Ops,J. Kim,Branch - London,Phone,4
INC101772,2025-01-31 16:58:13,2025-02-02 02:25:49,Printer,Low,48,11.0,33.46,False,Resolved,Network Ops,D. Ahmed,Branch - London,Email,3
INC102370,2025-01-31 17:46:11,2025-01-31 18:59:23,Printer,Critical,4,1.11,1.22,False,Reopened,Service Desk L1,L. Fernandes,Remote,Chat,
INC101035,2025-01-31 18:29:31,2025-02-01 12:02:31,Hardware,Medium,24,2.93,17.55,False,Resolved,Security Team,D. Ahmed,Remote,Phone,4
INC100051,2025-01-31 19:44:06,2025-02-01 11:42:18,Software,Critical,4,0.53,15.97,True,Resolved,Security Team,G. Petrov,HQ - Dubai,Email,3
INC100929,2025-01-31 21:04:27,2025-02-01 01:49:27,Email,High,8,2.67,4.75,False,Resolved,Network Ops,E. Zhou,Branch - New York,Phone,3
INC100070,2025-01-31 21:39:55,2025-02-01 01:42:19,Printer,High,8,1.76,4.04,False,Resolved,Security Team,J. Kim,HQ - Dubai,Self-Service Portal,4
INC101506,2025-02-01 00:55:19,2025-02-01 18:45:07,Printer,Medium,24,8.9,17.83,False,Resolved,Network Ops,G. Petrov,Remote,Self-Service Portal,5
INC101095,2025-02-01 03:34:36,2025-02-03 07:49:00,Hardware,Low,48,18.23,52.24,True,Resolved,Security Team,L. Fernandes,Branch - Singapore,Self-Service Portal,4
INC101616,2025-02-01 04:24:47,2025-02-01 08:11:35,Hardware,High,8,1.92,3.78,False,Reopened,Systems Admin,I. Rossi,Remote,Chat,
INC101675,2025-02-01 04:35:46,2025-02-04 17:32:10,Application Support,Low,48,16.41,84.94,True,Resolved,Systems Admin,J. Kim,Remote,Phone,4
INC100519,2025-02-01 05:43:35,2025-02-02 11:17:47,Hardware,Medium,24,6.92,29.57,True,Resolved,Network Ops,E. Zhou,HQ - Dubai,Email,4
INC100110,2025-02-01 07:10:38,2025-02-01 15:38:50,Application Support,High,8,0.59,8.47,True,Resolved,Network Ops,G. Petrov,Branch - Singapore,Phone,2
INC102120,2025-02-01 08:50:41,,Software,Low,48,6.64,16.97,False,Reopened,Systems Admin,G. Petrov,Remote,Chat,
INC102287,2025-02-01 08:57:06,2025-02-01 21:30:42,Software,Low,48,3.03,12.56,False,Resolved,Systems Admin,J. Kim,HQ - Dubai,Chat,4
INC101853,2025-02-01 12:04:24,2025-02-01 14:00:12,Application Support,Critical,4,0.69,1.93,False,Resolved,Network Ops,H. Osei,Remote,Chat,5
INC102508,2025-02-01 14:47:18,2025-02-05 00:21:30,Printer,Low,48,22.78,81.57,True,Reopened,Desktop Support,H. Osei,HQ - Dubai,Phone,
INC102794,2025-02-01 16:09:42,2025-02-01 18:40:54,Hardware,High,8,2.52,2.52,False,Resolved,Service Desk L1,D. Ahmed,Remote,Phone,5
INC100789,2025-02-01 23:40:42,,Access Management,Low,48,6.82,29.09,False,Reopened,Service Desk L1,J. Kim,Remote,Email,
INC102263,2025-02-02 02:28:27,2025-02-04 03:09:51,Email,Medium,24,3.66,48.69,True,Closed,Security Team,E. Zhou,HQ - Dubai,Chat,3
INC102266,2025-02-02 02:32:19,2025-02-03 00:25:07,Application Support,Medium,24,3.86,21.88,False,Resolved,Security Team,E. Zhou,HQ - Dubai,Self-Service Portal,3
INC101501,2025-02-02 07:40:27,,Access Management,Critical,4,0.21,3.91,False,Reopened,Service Desk L1,A. Khan,HQ - Dubai,Self-Service Portal,
INC102767,2025-02-02 16:58:16,2025-02-03 14:49:52,Security Incident,Low,48,17.73,21.86,False,Resolved,Network Ops,A. Khan,Remote,Email,5
INC102735,2025-02-02 19:05:52,2025-02-03 10:36:28,Application Support,Low,48,8.46,15.51,False,Reopened,App Support,B. Silva,HQ - Dubai,Email,
INC100591,2025-02-02 21:26:32,2025-02-04 09:01:20,Network,Low,48,23.27,35.58,False,Resolved,Network Ops,F. Torres,HQ - Dubai,Email,3
INC102605,2025-02-02 22:11:04,2025-02-03 02:55:28,Software,Medium,24,4.74,4.74,False,Closed,Service Desk L1,K. Meyer,HQ - Dubai,Phone,5
INC102619,2025-02-03 00:49:50,2025-02-03 04:25:50,Network,High,8,1.2,3.6,False,Closed,App Support,A. Khan,HQ - Dubai,Phone,4
INC101750,2025-02-03 02:14:04,2025-02-03 20:05:04,Printer,Medium,24,10.64,17.85,False,Resolved,Desktop Support,B. Silva,HQ - Dubai,Phone,3
INC101320,2025-02-03 03:29:53,2025-02-03 06:28:41,Software,Critical,4,1.21,2.98,False,Resolved,Security Team,A. Khan,HQ - Dubai,Email,4
INC100101,2025-02-03 07:46:30,2025-02-04 10:51:18,Email,Low,48,20.4,27.08,False,Closed,Security Team,E. Zhou,HQ - Dubai,Self-Service Portal,5
INC102958,2025-02-03 08:29:37,2025-02-03 19:25:25,Software,Medium,24,10.93,10.93,False,Closed,Security Team,D. Ahmed,Remote,Chat,4
INC102791,2025-02-03 10:01:36,2025-02-03 21:30:24,Application Support,Medium,24,0.31,11.48,False,Resolved,Systems Admin,E. Zhou,Remote,Phone,4
INC102781,2025-02-03 10:08:18,2025-02-03 22:19:42,Security Incident,Low,48,12.19,12.19,False,Resolved,App Support,D. Ahmed,Remote,Email,4
INC100573,2025-02-03 13:43:23,2025-02-03 22:03:11,Software,High,8,3.57,8.33,True,Closed,App Support,L. Fernandes,Remote,Phone,3
INC102514,2025-02-03 14:33:53,2025-02-04 05:11:41,Network,Medium,24,8.77,14.63,False,Resolved,Desktop Support,I. Rossi,HQ - Dubai,Email,3
INC100393,2025-02-03 14:55:41,2025-02-03 16:31:41,Hardware,High,8,1.6,1.6,False,Reopened,Security Team,H. Osei,Branch - New York,Self-Service Portal,
INC100229,2025-02-03 15:36:00,2025-02-03 20:29:24,Software,High,8,0.87,4.89,False,Resolved,App Support,G. Petrov,Branch - New York,Chat,4
INC100455,2025-02-03 21:05:09,2025-02-04 12:28:33,Access Management,Low,48,15.39,15.39,False,Resolved,Network Ops,F. Torres,HQ - Dubai,Chat,3
INC102382,2025-02-04 00:09:59,2025-02-04 23:39:23,Printer,Low,48,11.56,23.49,False,Resolved,Desktop Support,A. Khan,Branch - New York,Self-Service Portal,5
INC100204,2025-02-04 05:57:14,2025-02-04 18:05:38,Email,High,8,0.18,12.14,True,Resolved,Service Desk L1,J. Kim,Branch - Singapore,Email,3
INC101188,2025-02-04 08:00:22,2025-02-04 09:43:34,Email,Critical,4,0.48,1.72,False,Resolved,App Support,H. Osei,Remote,Self-Service Portal,4
INC100700,2025-02-04 10:44:02,2025-02-06 03:59:02,Access Management,Low,48,8.95,41.25,False,Resolved,Service Desk L1,C. Novak,HQ - Dubai,Walk-in,4
INC101884,2025-02-04 11:06:30,2025-02-04 15:02:18,Application Support,Medium,24,1.89,3.93,False,Resolved,Systems Admin,H. Osei,HQ - Dubai,Email,4
INC100723,2025-02-04 14:24:35,2025-02-04 22:33:35,Application Support,Medium,24,7.92,8.15,False,Resolved,Service Desk L1,J. Kim,HQ - Dubai,Walk-in,4
INC102813,2025-02-05 03:38:19,2025-02-06 01:16:07,Printer,Medium,24,0.22,21.63,False,Closed,Security Team,B. Silva,Remote,Self-Service Portal,5
INC102682,2025-02-05 04:31:07,2025-02-06 08:01:07,Access Management,Low,48,2.63,27.5,False,Resolved,Service Desk L1,G. Petrov,Branch - Singapore,Self-Service Portal,4
INC102094,2025-02-05 04:49:01,2025-02-06 03:47:49,Application Support,Low,48,22.24,22.98,False,Resolved,Service Desk L1,L. Fernandes,Branch - Singapore,Self-Service Portal,5
INC100097,2025-02-05 06:27:42,2025-02-08 22:00:42,Security Incident,Low,48,7.76,87.55,True,Resolved,Service Desk L1,C. Novak,Branch - London,Phone,4
INC100302,2025-02-05 15:39:49,2025-02-06 18:22:25,Printer,Low,48,6.58,26.71,False,Resolved,App Support,J. Kim,HQ - Dubai,Email,4
INC100481,2025-02-05 15:46:01,2025-02-06 20:19:37,Email,Medium,24,4.88,28.56,True,Closed,Service Desk L1,A. Khan,HQ - Dubai,Self-Service Portal,3
INC102479,2025-02-05 15:51:31,2025-02-06 09:38:55,Application Support,Low,48,17.79,17.79,False,Resolved,Service Desk L1,L. Fernandes,HQ - Dubai,Email,4
INC101395,2025-02-05 17:16:16,2025-02-06 12:49:52,Software,Low,48,16.41,19.56,False,Resolved,Network Ops,D. Ahmed,Remote,Chat,5
INC101277,2025-02-05 19:30:35,2025-02-06 13:10:11,Network,Low,48,13.43,17.66,False,Closed,Systems Admin,J. Kim,Branch - Singapore,Phone,4
INC102980,2025-02-06 02:33:32,2025-02-06 05:26:56,Application Support,High,8,2.55,2.89,False,Reopened,Network Ops,C. Novak,Remote,Email,
INC102718,2025-02-06 03:29:11,2025-02-06 08:32:11,Software,Medium,24,1.13,5.05,False,Resolved,App Support,L. Fernandes,Branch - Singapore,Email,4
INC101156,2025-02-06 04:09:14,2025-02-09 23:18:14,Access Management,Low,48,17.71,91.15,True,Reopened,Service Desk L1,L. Fernandes,HQ - Dubai,Email,
INC101791,2025-02-06 07:42:25,2025-02-06 12:16:37,Software,High,8,3.0,4.57,False,Resolved,App Support,F. Torres,Branch - London,Self-Service Portal,4
INC102694,2025-02-06 07:52:24,2025-02-06 09:06:48,Hardware,Critical,4,0.6,1.24,False,Resolved,Service Desk L1,K. Meyer,HQ - Dubai,Self-Service Portal,4
INC102398,2025-02-06 11:31:22,2025-02-06 14:13:22,Software,High,8,1.34,2.7,False,Resolved,Desktop Support,E. Zhou,Remote,Email,4
INC100529,2025-02-06 18:43:45,2025-02-07 17:31:45,Software,Medium,24,1.61,22.8,False,Reopened,Network Ops,H. Osei,Branch - Singapore,Self-Service Portal,
INC102704,2025-02-06 20:39:50,2025-02-08 00:22:26,Access Management,Medium,24,1.53,27.71,True,Resolved,Desktop Support,J. Kim,Remote,Phone,4
INC101003,2025-02-06 23:52:20,2025-02-07 07:19:20,Printer,Medium,24,5.58,7.45,False,Closed,App Support,D. Ahmed,Remote,Self-Service Portal,3
INC102400,2025-02-07 03:40:16,2025-02-07 09:45:04,Email,Medium,24,6.08,6.08,False,Resolved,Systems Admin,K. Meyer,Remote,Email,5
INC102109,2025-02-07 08:57:08,2025-02-07 22:28:20,Software,Low,48,13.52,13.52,False,Resolved,Security Team,F. Torres,HQ - Dubai,Phone,3
INC100992,2025-02-07 15:08:18,2025-02-07 16:46:42,Security Incident,High,8,1.64,1.64,False,Reopened,Service Desk L1,K. Meyer,Branch - Singapore,Phone,
INC100191,2025-02-07 16:33:35,2025-02-09 14:19:47,Access Management,Low,48,3.8,45.77,False,Resolved,Service Desk L1,B. Silva,HQ - Dubai,Chat,5
INC102631,2025-02-07 16:46:21,2025-02-08 01:07:57,Access Management,Critical,4,0.3,8.36,True,Resolved,Systems Admin,L. Fernandes,HQ - Dubai,Email,4
INC100762,2025-02-07 18:55:08,2025-02-07 20:20:56,Email,High,8,1.43,1.43,False,Resolved,Service Desk L1,A. Khan,Branch - Singapore,Self-Service Portal,3
INC101727,2025-02-07 19:20:02,2025-02-08 06:56:38,Hardware,Medium,24,4.51,11.61,False,Resolved,Network Ops,A. Khan,Branch - New York,Self-Service Portal,4
INC101887,2025-02-08 03:54:51,2025-02-08 04:42:51,Application Support,High,8,0.8,0.8,False,Resolved,Desktop Support,L. Fernandes,HQ - Dubai,Email,5
INC102390,2025-02-08 05:36:29,2025-02-08 09:56:17,Software,Medium,24,3.0,4.33,False,Resolved,Desktop Support,L. Fernandes,HQ - Dubai,Self-Service Portal,5
INC100971,2025-02-08 08:44:52,2025-02-10 02:13:04,Email,Medium,24,6.02,41.47,True,Resolved,Security Team,H. Osei,HQ - Dubai,Email,3
INC100870,2025-02-08 09:59:04,2025-02-08 23:34:28,Software,High,8,2.33,13.59,True,Resolved,App Support,H. Osei,Branch - New York,Phone,2
INC100190,2025-02-08 13:17:48,2025-02-10 09:17:48,Security Incident,Low,48,12.47,44.0,False,Resolved,Systems Admin,C. Novak,Branch - Singapore,Phone,4
INC100897,2025-02-08 15:20:42,2025-02-08 18:47:42,Access Management,Medium,24,3.45,3.45,False,Reopened,Security Team,E. Zhou,Remote,Self-Service Portal,
INC102318,2025-02-08 15:50:16,2025-02-09 15:38:16,Access Management,Low,48,4.35,23.8,False,Resolved,Security Team,C. Novak,Remote,Chat,4
INC100198,2025-02-08 16:53:34,2025-02-09 03:00:46,Hardware,High,8,0.56,10.12,True,Resolved,Systems Admin,F. Torres,Branch - New York,Self-Service Portal,3
INC100022,2025-02-08 17:06:09,2025-02-09 02:37:21,Software,Low,48,8.11,9.52,False,Resolved,Desktop Support,C. Novak,Remote,Phone,5
INC101837,2025-02-08 18:54:38,2025-02-09 04:02:26,Network,Low,48,9.13,9.13,False,Closed,Security Team,I. Rossi,HQ - Dubai,Self-Service Portal,5
INC101577,2025-02-08 22:38:15,2025-02-10 02:04:03,Hardware,Low,48,8.36,27.43,False,Resolved,App Support,L. Fernandes,HQ - Dubai,Email,5
INC100106,2025-02-08 23:10:12,2025-02-09 18:36:00,Hardware,Low,48,4.18,19.43,False,Reopened,Service Desk L1,K. Meyer,Remote,Email,
INC100727,2025-02-09 00:02:00,2025-02-09 08:27:12,Application Support,Low,48,8.42,8.42,False,Resolved,App Support,D. Ahmed,HQ - Dubai,Self-Service Portal,3
INC100572,2025-02-09 02:46:09,2025-02-09 12:27:33,Security Incident,Medium,24,8.04,9.69,False,Resolved,Systems Admin,F. Torres,Branch - Singapore,Self-Service Portal,2
INC100059,2025-02-09 04:22:37,2025-02-09 07:09:25,Software,Critical,4,1.66,2.78,False,Resolved,Security Team,G. Petrov,HQ - Dubai,Self-Service Portal,5
INC101482,2025-02-09 04:41:41,2025-02-09 21:48:53,Hardware,Low,48,1.3,17.12,False,Closed,App Support,C. Novak,HQ - Dubai,Chat,3
INC101942,2025-02-09 07:04:09,2025-02-09 09:27:33,Hardware,Critical,4,1.48,2.39,False,Resolved,Systems Admin,G. Petrov,HQ - Dubai,Chat,5
INC101458,2025-02-09 16:12:55,2025-02-10 08:27:19,Access Management,Medium,24,3.49,16.24,False,Resolved,Security Team,H. Osei,Branch - Singapore,Chat,4
INC101938,2025-02-09 17:43:02,2025-02-10 12:42:26,Hardware,Low,48,18.99,18.99,False,Closed,Service Desk L1,C. Novak,HQ - Dubai,Email,4
INC102268,2025-02-09 18:09:15,2025-02-10 11:11:39,Software,Low,48,3.11,17.04,False,Resolved,Network Ops,C. Novak,Branch - London,Self-Service Portal,4
INC101659,2025-02-09 19:09:10,2025-02-10 19:01:58,Email,Low,48,2.26,23.88,False,Closed,App Support,A. Khan,Branch - London,Self-Service Portal,4
INC100454,2025-02-09 20:41:24,2025-02-10 19:51:36,Printer,Medium,24,0.18,23.17,False,Resolved,Systems Admin,A. Khan,Branch - London,Email,3
INC101638,2025-02-09 21:57:58,2025-02-12 06:23:46,Software,Medium,24,11.42,56.43,True,Closed,Network Ops,E. Zhou,HQ - Dubai,Self-Service Portal,3
INC100452,2025-02-09 22:42:36,2025-02-10 14:09:36,Network,Low,48,2.31,15.45,False,Resolved,Security Team,H. Osei,Branch - London,Email,5
INC102299,2025-02-10 08:31:09,2025-02-10 17:59:57,Hardware,Medium,24,8.12,9.48,False,Resolved,Desktop Support,F. Torres,Remote,Chat,5
INC100112,2025-02-10 10:44:39,2025-02-11 02:00:15,Software,Medium,24,2.94,15.26,False,Resolved,Security Team,D. Ahmed,Branch - Singapore,Self-Service Portal,5
INC100549,2025-02-10 13:05:57,2025-02-17 13:01:09,Hardware,Low,48,10.35,167.92,True,Resolved,Security Team,B. Silva,Branch - Singapore,Chat,2
INC101705,2025-02-10 19:38:57,2025-02-11 01:56:21,Network,High,8,3.26,6.29,False,Reopened,App Support,A. Khan,Remote,Email,
INC101537,2025-02-11 09:57:06,2025-02-12 03:49:54,Application Support,Medium,24,10.06,17.88,False,Resolved,Service Desk L1,H. Osei,Branch - London,Phone,4
INC100088,2025-02-11 11:45:02,2025-02-12 06:33:38,Application Support,Medium,24,9.88,18.81,False,Resolved,Security Team,J. Kim,Remote,Self-Service Portal,4
INC102128,2025-02-11 15:21:46,2025-02-12 02:33:10,Application Support,High,8,2.35,11.19,True,Resolved,Systems Admin,B. Silva,Branch - London,Self-Service Portal,4
INC100780,2025-02-11 15:57:45,2025-02-12 05:12:45,Security Incident,Low,48,1.17,13.25,False,Closed,Service Desk L1,D. Ahmed,HQ - Dubai,Email,5
INC101355,2025-02-11 18:42:16,2025-02-11 21:26:40,Software,Critical,4,1.18,2.74,False,Resolved,App Support,I. Rossi,Branch - New York,Chat,5
INC100338,2025-02-11 19:30:00,2025-02-11 23:21:00,Software,Medium,24,0.08,3.85,False,Resolved,Systems Admin,B. Silva,Remote,Chat,3
INC100617,2025-02-11 19:30:10,2025-02-12 04:09:10,Security Incident,High,8,1.02,8.65,True,Resolved,Security Team,H. Osei,HQ - Dubai,Self-Service Portal,2
INC102659,2025-02-11 22:08:58,2025-02-12 05:11:22,Network,High,8,1.43,7.04,False,Resolved,Network Ops,F. Torres,Remote,Email,5
INC102715,2025-02-12 05:00:04,2025-02-13 00:23:28,Application Support,Medium,24,1.1,19.39,False,Resolved,App Support,D. Ahmed,Branch - Singapore,Self-Service Portal,4
INC102257,2025-02-12 08:39:45,2025-02-12 14:12:09,Software,High,8,0.77,5.54,False,Reopened,App Support,L. Fernandes,Remote,Self-Service Portal,
INC101403,2025-02-12 14:34:22,2025-02-13 14:04:22,Security Incident,Low,48,11.54,23.5,False,Reopened,App Support,I. Rossi,Branch - Singapore,Email,
INC100656,2025-02-12 17:55:05,2025-02-12 18:41:17,Access Management,Critical,4,0.77,0.77,False,Resolved,Desktop Support,I. Rossi,HQ - Dubai,Self-Service Portal,4
INC100584,2025-02-12 18:39:21,2025-02-15 11:44:45,Hardware,Low,48,1.17,65.09,True,Closed,Security Team,D. Ahmed,Branch - London,Self-Service Portal,3
INC102961,2025-02-12 18:42:56,2025-02-13 08:37:32,Email,Medium,24,8.42,13.91,False,Closed,Desktop Support,J. Kim,HQ - Dubai,Chat,4
INC100612,2025-02-12 19:36:31,2025-02-13 04:08:19,Hardware,Medium,24,0.43,8.53,False,Resolved,Network Ops,J. Kim,Remote,Walk-in,3
INC101190,2025-02-12 22:10:54,2025-02-13 14:55:18,Application Support,Low,48,16.74,16.74,False,Resolved,Desktop Support,H. Osei,Branch - New York,Self-Service Portal,5
INC102303,2025-02-13 02:09:06,2025-02-14 08:27:06,Application Support,Low,48,3.3,30.3,False,Resolved,Network Ops,E. Zhou,HQ - Dubai,Email,4
INC100750,2025-02-13 07:13:16,2025-02-13 21:33:04,Software,Medium,24,1.57,14.33,False,Resolved,App Support,I. Rossi,Branch - New York,Self-Service Portal,5
INC101787,2025-02-13 09:59:58,2025-02-14 11:56:58,Printer,Low,48,5.94,25.95,False,Resolved,Security Team,G. Petrov,Branch - London,Email,5
INC101324,2025-02-13 11:52:54,2025-02-13 15:23:30,Network,High,8,1.05,3.51,False,Reopened,Network Ops,H. Osei,HQ - Dubai,Chat,
INC102208,2025-02-13 12:54:35,2025-02-14 02:16:11,Access Management,Medium,24,1.96,13.36,False,Resolved,Service Desk L1,G. Petrov,Remote,Self-Service Portal,3
INC100704,2025-02-13 13:17:04,2025-02-14 04:38:04,Security Incident,Medium,24,2.83,15.35,False,Closed,Network Ops,I. Rossi,Branch - London,Email,4
INC100786,2025-02-13 16:00:11,2025-02-13 21:28:23,Software,High,8,0.41,5.47,False,Resolved,Security Team,H. Osei,Remote,Email,5
INC100444,2025-02-13 16:02:42,2025-02-14 02:30:18,Hardware,High,8,2.36,10.46,True,Resolved,Security Team,I. Rossi,Remote,Phone,3
INC100792,2025-02-13 20:19:00,2025-02-14 05:41:48,Application Support,Low,48,9.38,9.38,False,Reopened,Desktop Support,G. Petrov,Branch - Singapore,Email,
INC101917,2025-02-14 03:14:30,2025-02-14 08:58:54,Hardware,Critical,4,1.49,5.74,True,Reopened,Service Desk L1,L. Fernandes,HQ - Dubai,Email,
INC101970,2025-02-14 07:27:13,2025-02-15 06:01:25,Software,Medium,24,9.17,22.57,False,Reopened,Systems Admin,L. Fernandes,HQ - Dubai,Self-Service Portal,
INC102501,2025-02-14 08:42:58,2025-02-14 19:53:10,Network,Low,48,11.17,11.17,False,Resolved,Service Desk L1,D. Ahmed,HQ - Dubai,Self-Service Portal,5
INC102622,2025-02-14 14:22:01,2025-02-14 17:45:25,Software,High,8,2.72,3.39,False,Resolved,Service Desk L1,J. Kim,Branch - London,Self-Service Portal,5
INC100145,2025-02-14 14:22:19,2025-02-15 14:54:07,Software,Low,48,4.31,24.53,False,Resolved,Systems Admin,K. Meyer,Remote,Email,4
INC101859,2025-02-14 20:35:54,2025-02-17 22:43:06,Network,Low,48,17.76,74.12,True,Closed,App Support,F. Torres,Remote,Email,5
INC101226,2025-02-14 22:03:13,2025-02-15 17:52:25,Printer,Low,48,1.14,19.82,False,Resolved,App Support,F. Torres,Branch - Singapore,Phone,5
INC102438,2025-02-14 22:22:29,2025-02-15 03:01:29,Hardware,High,8,2.07,4.65,False,Resolved,Systems Admin,L. Fernandes,Remote,Email,4
INC100474,2025-02-14 23:33:22,2025-02-16 02:47:10,Software,Low,48,2.93,27.23,False,Resolved,Security Team,C. Novak,HQ - Dubai,Chat,4
INC100979,2025-02-15 06:55:42,2025-02-19 23:47:18,Hardware,Low,48,11.07,112.86,True,Resolved,Systems Admin,A. Khan,HQ - Dubai,Email,2
INC102222,2025-02-15 21:02:15,2025-02-16 18:37:03,Hardware,Medium,24,1.39,21.58,False,Resolved,Desktop Support,L. Fernandes,HQ - Dubai,Email,5
INC101016,2025-02-16 00:47:46,2025-02-16 01:57:58,Application Support,Critical,4,0.72,1.17,False,Resolved,Network Ops,I. Rossi,Branch - New York,Email,5
INC102124,2025-02-16 01:11:42,2025-02-16 09:11:06,Hardware,High,8,3.45,7.99,False,Resolved,App Support,L. Fernandes,HQ - Dubai,Chat,4
INC102329,2025-02-16 11:52:16,2025-02-17 00:18:40,Network,Low,48,3.14,12.44,False,Resolved,Desktop Support,H. Osei,Branch - London,Self-Service Portal,5
INC102786,2025-02-16 15:51:04,2025-02-16 19:48:40,Network,Medium,24,0.09,3.96,False,Resolved,Security Team,F. Torres,Branch - London,Self-Service Portal,4
INC102802,2025-02-16 16:10:54,2025-02-16 20:54:06,Access Management,High,8,3.36,4.72,False,Closed,Service Desk L1,E. Zhou,HQ - Dubai,Email,3
INC100686,2025-02-16 17:04:11,2025-02-17 04:18:35,Network,High,8,1.14,11.24,True,Closed,Security Team,C. Novak,Branch - Singapore,Self-Service Portal,4
INC101023,2025-02-16 18:21:19,2025-02-16 18:41:43,Security Incident,Critical,4,0.34,0.34,False,Resolved,Security Team,D. Ahmed,HQ - Dubai,Self-Service Portal,5
INC101447,2025-02-16 23:11:33,2025-02-17 08:45:45,Application Support,Medium,24,8.7,9.57,False,Resolved,Service Desk L1,F. Torres,Branch - Singapore,Email,5
INC101378,2025-02-17 00:41:49,2025-02-18 07:21:25,Access Management,Low,48,9.51,30.66,False,Resolved,Security Team,F. Torres,Branch - Singapore,Self-Service Portal,4
INC102238,2025-02-17 02:05:16,2025-02-17 04:30:28,Hardware,High,8,2.42,2.42,False,Closed,Network Ops,H. Osei,Branch - Singapore,Walk-in,5
INC101881,2025-02-17 06:39:12,2025-02-17 09:44:36,Network,Medium,24,3.09,3.09,False,Resolved,Desktop Support,A. Khan,Branch - London,Self-Service Portal,5
INC101625,2025-02-17 08:41:37,2025-02-18 14:20:01,Application Support,Medium,24,6.55,29.64,True,Resolved,Network Ops,B. Silva,Remote,Self-Service Portal,4
INC102721,2025-02-17 11:03:32,2025-02-19 08:38:56,Application Support,Low,48,9.6,45.59,False,Resolved,Network Ops,G. Petrov,Remote,Phone,3
INC101053,2025-02-17 11:04:33,2025-02-17 15:29:45,Access Management,Critical,4,0.16,4.42,True,Closed,Network Ops,L. Fernandes,Branch - Singapore,Email,5
INC102504,2025-02-17 15:16:51,2025-02-17 18:06:39,Email,High,8,1.73,2.83,False,Resolved,Security Team,F. Torres,Remote,Self-Service Portal,4
INC102885,2025-02-17 15:52:03,2025-02-18 21:26:51,Application Support,Medium,24,7.41,29.58,True,Resolved,Desktop Support,L. Fernandes,HQ - Dubai,Email,2
INC101830,2025-02-17 19:37:59,2025-02-19 08:10:59,Software,Low,48,2.61,36.55,False,Resolved,Desktop Support,I. Rossi,HQ - Dubai,Email,5
INC100320,2025-02-17 20:41:54,2025-02-18 10:36:30,Hardware,High,8,3.83,13.91,True,Resolved,App Support,L. Fernandes,Remote,Chat,4
INC101978,2025-02-17 21:14:30,2025-02-18 14:44:30,Hardware,Medium,24,3.61,17.5,False,Resolved,Desktop Support,G. Petrov,Branch - New York,Email,5
INC101262,2025-02-18 00:28:07,2025-02-19 09:07:43,Hardware,Low,48,17.75,32.66,False,Resolved,Security Team,K. Meyer,HQ - Dubai,Phone,5
INC100077,2025-02-18 02:14:59,2025-02-18 04:14:59,Email,Critical,4,0.47,2.0,False,Resolved,Desktop Support,F. Torres,Branch - New York,Self-Service Portal,5
INC102860,2025-02-18 02:35:32,2025-02-18 11:27:08,Access Management,Medium,24,8.86,8.86,False,Resolved,Systems Admin,A. Khan,Branch - New York,Walk-in,4
INC102417,2025-02-18 03:09:09,2025-02-19 06:47:33,Security Incident,Low,48,10.27,27.64,False,Resolved,App Support,H. Osei,Remote,Email,4
INC100937,2025-02-18 05:21:40,2025-02-19 23:31:52,Software,Low,48,8.38,42.17,False,Resolved,Security Team,C. Novak,Remote,Phone,4
INC102168,2025-02-18 09:11:43,2025-02-18 18:35:07,Software,Medium,24,9.39,9.39,False,Resolved,Network Ops,E. Zhou,Branch - New York,Phone,4
INC102083,2025-02-18 09:17:36,2025-02-18 14:33:48,Application Support,Medium,24,5.27,5.27,False,Resolved,Security Team,I. Rossi,Branch - New York,Self-Service Portal,5
INC100531,2025-02-18 10:10:39,2025-02-18 22:14:15,Access Management,Low,48,1.47,12.06,False,Resolved,Desktop Support,L. Fernandes,HQ - Dubai,Phone,5
INC101794,2025-02-18 10:14:16,2025-02-18 16:00:28,Security Incident,Critical,4,1.5,5.77,True,Reopened,App Support,F. Torres,Remote,Phone,
INC102545,2025-02-18 11:34:51,,Application Support,Critical,4,1.62,2.29,False,Reopened,App Support,D. Ahmed,HQ - Dubai,Self-Service Portal,
INC101954,2025-02-18 12:44:20,,Hardware,Medium,24,0.38,32.79,True,Reopened,Network Ops,E. Zhou,Remote,Self-Service Portal,
INC100715,2025-02-18 13:59:31,2025-02-18 20:24:43,Security Incident,Medium,24,6.29,6.42,False,Resolved,App Support,G. Petrov,Branch - New York,Phone,4
INC102652,2025-02-18 20:20:59,2025-02-19 06:39:35,Network,High,8,2.37,10.31,True,Resolved,Systems Admin,I. Rossi,Remote,Email,2
INC101222,2025-02-18 20:30:38,2025-02-23 12:07:50,Printer,Low,48,5.49,111.62,True,Closed,Systems Admin,K. Meyer,HQ - Dubai,Email,4
INC101676,2025-02-18 22:46:55,2025-02-19 12:40:19,Software,High,8,2.03,13.89,True,Resolved,Service Desk L1,A. Khan,Remote,Self-Service Portal,5
INC101693,2025-02-19 02:09:21,2025-02-20 08:54:57,Network,Low,48,10.81,30.76,False,Resolved,Service Desk L1,B. Silva,Remote,Phone,5
INC100265,2025-02-19 07:13:42,2025-02-21 00:23:54,Application Support,Medium,24,9.47,41.17,True,Resolved,Security Team,L. Fernandes,Remote,Email,4
INC101737,2025-02-19 07:52:26,2025-02-22 22:15:50,Software,Low,48,4.61,86.39,True,Resolved,Systems Admin,E. Zhou,Remote,Email,4
INC102702,2025-02-19 11:04:05,2025-02-20 00:07:05,Software,Medium,24,4.23,13.05,False,Resolved,Systems Admin,C. Novak,Branch - Singapore,Self-Service Portal,3
INC100592,2025-02-19 16:55:39,2025-02-22 19:41:51,Printer,Medium,24,4.01,74.77,True,Resolved,Systems Admin,A. Khan,HQ - Dubai,Email,2
INC100418,2025-02-19 18:55:54,2025-02-20 01:21:06,Hardware,High,8,2.11,6.42,False,Resolved,Network Ops,F. Torres,Branch - London,Email,4
INC102033,2025-02-19 23:10:48,2025-02-20 19:50:24,Printer,Low,48,11.05,20.66,False,Resolved,Service Desk L1,C. Novak,Remote,Phone,4
INC101979,2025-02-19 23:25:22,2025-02-21 01:16:22,Hardware,Medium,24,0.52,25.85,True,Closed,Desktop Support,J. Kim,HQ - Dubai,Phone,5
INC100236,2025-02-20 00:37:32,2025-02-20 07:51:20,Hardware,Medium,24,7.23,7.23,False,Resolved,Desktop Support,K. Meyer,Branch - Singapore,Phone,3
INC102157,2025-02-20 00:43:46,2025-02-20 05:19:46,Software,High,8,0.58,4.6,False,Reopened,Network Ops,G. Petrov,HQ - Dubai,Self-Service Portal,
INC100469,2025-02-20 04:24:28,2025-02-20 17:58:04,Hardware,Medium,24,3.99,13.56,False,Resolved,Systems Admin,H. Osei,Branch - London,Phone,4
INC102880,2025-02-20 05:14:03,,Software,Low,48,0.43,44.21,False,Reopened,Systems Admin,I. Rossi,Branch - London,Self-Service Portal,
INC100352,2025-02-20 06:02:27,,Security Incident,High,8,2.28,23.7,True,Reopened,Service Desk L1,C. Novak,HQ - Dubai,Chat,
INC100990,2025-02-20 07:09:20,2025-02-21 05:26:08,Application Support,Low,48,21.59,22.28,False,Resolved,Service Desk L1,L. Fernandes,Branch - New York,Walk-in,5
INC100284,2025-02-20 14:28:13,2025-02-21 19:07:13,Printer,Medium,24,7.6,28.65,True,Reopened,Desktop Support,I. Rossi,HQ - Dubai,Self-Service Portal,
INC101505,2025-02-20 19:27:00,2025-02-20 22:51:36,Access Management,High,8,2.0,3.41,False,Resolved,Service Desk L1,F. Torres,Branch - Singapore,Email,5
INC100814,2025-02-21 00:30:49,2025-02-21 17:59:37,Security Incident,Low,48,17.48,17.48,False,Closed,Service Desk L1,F. Torres,HQ - Dubai,Chat,5
INC102456,2025-02-21 00:49:12,,Email,Low,48,15.37,45.14,False,Reopened,App Support,G. Petrov,Remote,Email,
INC102280,2025-02-21 04:13:10,2025-02-21 22:40:46,Hardware,Low,48,16.4,18.46,False,Resolved,Desktop Support,F. Torres,Remote,Email,5
INC100543,2025-02-21 04:23:21,2025-02-21 08:04:45,Software,High,8,3.0,3.69,False,Resolved,Desktop Support,B. Silva,Remote,Chat,5
INC101825,2025-02-21 04:26:15,2025-02-21 10:41:15,Software,High,8,3.81,6.25,False,Resolved,Systems Admin,B. Silva,Remote,Chat,5
INC100815,2025-02-21 05:30:19,2025-02-21 07:50:07,Access Management,High,8,1.13,2.33,False,Resolved,Security Team,C. Novak,HQ - Dubai,Phone,4
INC102953,2025-02-21 06:11:30,2025-02-22 08:08:30,Access Management,Medium,24,7.56,25.95,True,Resolved,Desktop Support,F. Torres,HQ - Dubai,Self-Service Portal,3
INC102348,2025-02-21 08:41:17,2025-02-21 19:17:17,Printer,Medium,24,6.65,10.6,False,Resolved,Security Team,C. Novak,Branch - London,Self-Service Portal,5
INC102570,2025-02-21 10:22:58,2025-02-21 17:38:34,Network,Medium,24,7.26,7.26,False,Resolved,Systems Admin,B. Silva,HQ - Dubai,Email,4
INC100986,2025-02-21 15:50:18,2025-02-21 19:01:42,Network,High,8,0.1,3.19,False,Reopened,Network Ops,E. Zhou,HQ - Dubai,Self-Service Portal,
INC100993,2025-02-21 16:19:10,2025-02-21 22:43:10,Access Management,High,8,2.45,6.4,False,Closed,Service Desk L1,J. Kim,Remote,Phone,4
INC100659,2025-02-21 16:37:51,2025-02-22 01:32:27,Hardware,High,8,0.84,8.91,True,Resolved,App Support,E. Zhou,Branch - New York,Self-Service Portal,3
INC102550,2025-02-22 00:45:11,,Application Support,Medium,24,2.14,13.88,False,Reopened,Security Team,B. Silva,HQ - Dubai,Self-Service Portal,
INC102129,2025-02-22 03:49:14,2025-02-22 07:04:14,Access Management,High,8,0.88,3.25,False,Closed,Service Desk L1,D. Ahmed,HQ - Dubai,Phone,5
INC100020,2025-02-22 07:56:13,2025-02-24 04:06:25,Software,Low,48,16.51,44.17,False,Resolved,Desktop Support,C. Novak,HQ - Dubai,Walk-in,3
INC102653,2025-02-22 12:01:59,2025-03-03 07:58:59,Access Management,Low,48,13.44,211.95,True,Resolved,Service Desk L1,D. Ahmed,Branch - London,Walk-in,3
INC100152,2025-02-22 14:39:43,2025-02-23 03:49:19,Hardware,Low,48,13.16,13.16,False,Resolved,Security Team,B. Silva,HQ - Dubai,Self-Service Portal,4
INC102629,2025-02-22 23:23:53,2025-02-23 02:47:17,Hardware,Medium,24,3.39,3.39,False,Resolved,App Support,J. Kim,Branch - New York,Self-Service Portal,5
INC100943,2025-02-22 23:43:58,2025-02-23 08:48:10,Email,Medium,24,8.53,9.07,False,Resolved,Network Ops,G. Petrov,Branch - New York,Walk-in,5
INC100701,2025-02-23 00:14:41,2025-02-25 02:36:53,Access Management,Low,48,19.27,50.37,True,Closed,Service Desk L1,A. Khan,HQ - Dubai,Email,3
INC101175,2025-02-23 01:18:17,2025-02-23 05:05:05,Software,High,8,3.51,3.78,False,Resolved,Network Ops,E. Zhou,HQ - Dubai,Self-Service Portal,5
INC101485,2025-02-23 02:32:14,2025-02-23 18:45:26,Network,Low,48,15.8,16.22,False,Resolved,Security Team,J. Kim,HQ - Dubai,Self-Service Portal,5
INC100744,2025-02-23 04:21:17,2025-02-24 05:31:29,Email,Low,48,14.79,25.17,False,Resolved,App Support,B. Silva,Branch - London,Self-Service Portal,3
INC102617,2025-02-23 05:48:28,2025-02-23 07:53:16,Security Incident,Critical,4,1.54,2.08,False,Resolved,App Support,F. Torres,Branch - New York,Email,4
INC100610,2025-02-23 06:03:40,,Hardware,Low,48,3.91,123.36,True,Reopened,Network Ops,E. Zhou,HQ - Dubai,Walk-in,
INC101267,2025-02-23 09:12:18,2025-02-23 16:51:18,Hardware,Medium,24,2.01,7.65,False,Resolved,Security Team,I. Rossi,Remote,Self-Service Portal,4
INC102177,2025-02-23 11:30:50,2025-02-27 01:29:02,Network,Low,48,3.45,85.97,True,Resolved,Network Ops,B. Silva,HQ - Dubai,Email,3
INC101404,2025-02-23 14:57:58,2025-02-23 18:34:34,Email,High,8,2.82,3.61,False,Reopened,Service Desk L1,G. Petrov,HQ - Dubai,Email,
INC102656,2025-02-23 20:59:58,2025-02-25 14:37:46,Access Management,Low,48,1.34,41.63,False,Resolved,App Support,E. Zhou,Branch - New York,Phone,5
INC101076,2025-02-23 21:48:13,2025-02-24 10:50:37,Printer,Medium,24,9.5,13.04,False,Resolved,Network Ops,J. Kim,HQ - Dubai,Self-Service Portal,4
INC102537,2025-02-23 22:27:41,,Printer,High,8,2.22,6.79,False,Reopened,Service Desk L1,H. Osei,Remote,Email,
INC101556,2025-02-23 22:43:49,2025-02-24 11:47:25,Printer,Critical,4,0.73,13.06,True,Closed,Network Ops,L. Fernandes,Remote,Phone,3
INC102523,2025-02-24 03:38:34,2025-03-01 14:57:10,Security Incident,Low,48,2.77,131.31,True,Resolved,Network Ops,B. Silva,Branch - New York,Email,3
INC102172,2025-02-24 05:12:26,2025-02-25 07:16:02,Application Support,Medium,24,1.09,26.06,True,Resolved,Network Ops,D. Ahmed,HQ - Dubai,Email,4
INC100728,2025-02-24 12:37:55,2025-02-24 14:41:31,Email,Critical,4,0.32,2.06,False,Resolved,Systems Admin,A. Khan,Remote,Email,5
INC102014,2025-02-24 15:17:22,2025-02-24 21:59:22,Application Support,High,8,2.61,6.7,False,Closed,Network Ops,K. Meyer,HQ - Dubai,Chat,5
INC102914,2025-02-24 18:05:41,2025-02-25 13:09:17,Hardware,Low,48,11.92,19.06,False,Resolved,App Support,F. Torres,HQ - Dubai,Email,4
INC102985,2025-02-24 19:38:39,2025-02-25 05:11:03,Email,Medium,24,7.18,9.54,False,Resolved,App Support,I. Rossi,Remote,Self-Service Portal,5
INC102489,2025-02-25 00:57:49,2025-02-25 06:21:49,Software,Medium,24,5.4,5.4,False,Closed,Security Team,B. Silva,Branch - New York,Self-Service Portal,5
INC102931,2025-02-25 01:06:16,2025-02-25 03:00:16,Email,Critical,4,0.73,1.9,False,Resolved,Network Ops,C. Novak,Remote,Self-Service Portal,4
INC100137,2025-02-25 07:54:10,2025-02-25 18:18:10,Software,High,8,1.86,10.4,True,Resolved,App Support,A. Khan,Branch - Singapore,Email,5
INC101162,2025-02-25 08:34:43,2025-02-25 14:26:55,Software,High,8,0.76,5.87,False,Resolved,App Support,I. Rossi,Branch - London,Self-Service Portal,4
INC102038,2025-02-25 09:25:56,2025-02-25 14:21:08,Software,High,8,0.36,4.92,False,Resolved,Desktop Support,J. Kim,HQ - Dubai,Self-Service Portal,4
INC102555,2025-02-25 10:44:51,,Email,Medium,24,9.68,9.94,False,Reopened,Network Ops,I. Rossi,Branch - New York,Phone,
INC101918,2025-02-25 15:07:05,2025-02-26 09:01:05,Software,Low,48,12.34,17.9,False,Resolved,Desktop Support,C. Novak,Branch - New York,Phone,3
INC102203,2025-02-25 16:20:33,2025-02-26 03:03:09,Application Support,Low,48,10.71,10.71,False,Closed,Security Team,D. Ahmed,HQ - Dubai,Self-Service Portal,3
INC102816,2025-02-25 21:13:46,2025-02-28 06:14:22,Hardware,Low,48,17.58,57.01,True,Resolved,Systems Admin,A. Khan,Branch - Singapore,Self-Service Portal,4
INC100708,2025-02-25 22:32:57,2025-02-26 15:33:33,Network,Medium,24,6.13,17.01,False,Resolved,Network Ops,F. Torres,HQ - Dubai,Chat,4
INC102444,2025-02-26 02:01:50,2025-02-26 02:50:26,Software,Critical,4,0.81,0.81,False,Reopened,Desktop Support,E. Zhou,HQ - Dubai,Email,
INC100889,2025-02-26 02:44:47,2025-02-26 04:30:23,Hardware,High,8,1.76,1.76,False,Resolved,Security Team,J. Kim,Remote,Email,5
INC101564,2025-02-26 05:00:47,2025-02-26 18:52:23,Printer,High,8,3.45,13.86,True,Closed,Service Desk L1,B. Silva,Branch - New York,Chat,5
INC101377,2025-02-26 09:46:34,2025-02-26 13:33:22,Software,High,8,2.24,3.78,False,Resolved,Security Team,K. Meyer,Branch - London,Email,3
INC102771,2025-02-26 10:41:12,2025-03-03 06:31:36,Security Incident,Low,48,22.65,115.84,True,Closed,Service Desk L1,J. Kim,HQ - Dubai,Email,4
INC101402,2025-02-26 12:34:40,2025-02-27 02:53:52,Application Support,Medium,24,2.35,14.32,False,Closed,Network Ops,B. Silva,HQ - Dubai,Self-Service Portal,5
INC101819,2025-02-26 17:51:06,2025-03-02 14:12:42,Application Support,Low,48,12.89,92.36,True,Resolved,Service Desk L1,E. Zhou,HQ - Dubai,Phone,2
INC101321,2025-02-26 19:37:27,2025-02-27 17:06:15,Software,Low,48,17.2,21.48,False,Closed,Security Team,K. Meyer,Branch - Singapore,Email,4
INC102386,2025-02-26 19:49:36,2025-03-02 18:18:24,Hardware,Low,48,14.58,94.48,True,Reopened,Service Desk L1,F. Torres,Branch - New York,Phone,
INC102983,2025-02-27 03:16:40,2025-02-27 12:38:16,Email,Low,48,8.02,9.36,False,Closed,App Support,J. Kim,Branch - New York,Walk-in,4
INC102269,2025-02-27 03:18:30,2025-02-27 07:42:30,Network,High,8,2.13,4.4,False,Resolved,Systems Admin,E. Zhou,Branch - Singapore,Phone,5
INC102768,2025-02-27 03:19:52,2025-02-28 02:49:52,Security Incident,Low,48,1.84,23.5,False,Resolved,Network Ops,E. Zhou,HQ - Dubai,Phone,5
INC100596,2025-02-27 05:28:25,2025-03-01 04:40:25,Hardware,Medium,24,2.39,47.2,True,Resolved,Network Ops,I. Rossi,HQ - Dubai,Self-Service Portal,4
INC101986,2025-02-27 05:39:29,2025-02-27 06:06:29,Email,Critical,4,0.45,0.45,False,Reopened,App Support,G. Petrov,HQ - Dubai,Phone,
INC100878,2025-02-27 06:51:39,2025-03-01 17:31:15,Hardware,Low,48,5.92,58.66,True,Resolved,Service Desk L1,K. Meyer,Branch - London,Self-Service Portal,3
INC100272,2025-02-27 11:10:50,2025-02-28 10:02:26,Software,Medium,24,7.33,22.86,False,Reopened,Systems Admin,D. Ahmed,Remote,Phone,
INC102361,2025-02-27 15:41:02,2025-02-27 20:29:38,Software,Medium,24,4.81,4.81,False,Closed,Service Desk L1,G. Petrov,Branch - London,Phone,4
INC100017,2025-02-27 15:45:05,2025-02-28 20:42:05,Software,Low,48,10.98,28.95,False,Resolved,Network Ops,C. Novak,Remote,Email,3
INC100863,2025-02-27 16:34:05,2025-02-28 05:18:29,Application Support,Medium,24,11.97,12.74,False,Resolved,Systems Admin,I. Rossi,Branch - Singapore,Self-Service Portal,5
INC101879,2025-02-27 17:28:16,2025-02-28 06:46:16,Hardware,Medium,24,8.1,13.3,False,Resolved,Systems Admin,B. Silva,Remote,Email,4
INC102714,2025-02-27 18:22:41,2025-02-27 21:58:05,Printer,High,8,2.01,3.59,False,Resolved,Security Team,K. Meyer,Remote,Email,4
INC100985,2025-02-27 21:10:45,2025-02-28 05:02:57,Software,High,8,1.47,7.87,False,Resolved,Desktop Support,L. Fernandes,HQ - Dubai,Walk-in,4
INC102054,2025-02-27 22:16:38,2025-02-28 12:26:14,Printer,High,8,0.57,14.16,True,Resolved,Desktop Support,H. Osei,Branch - Singapore,Email,4
INC102040,2025-02-28 04:02:44,2025-02-28 08:37:32,Access Management,Critical,4,0.15,4.58,True,Resolved,Systems Admin,F. Torres,Remote,Self-Service Portal,3
INC102857,2025-02-28 09:20:42,2025-03-05 10:00:18,Software,Low,48,1.17,120.66,True,Resolved,Network Ops,K. Meyer,Remote,Chat,3
INC101260,2025-02-28 12:41:01,2025-02-28 17:32:01,Application Support,High,8,0.66,4.85,False,Resolved,Systems Admin,H. Osei,HQ - Dubai,Phone,4
INC100804,2025-02-28 20:09:29,2025-03-02 02:47:53,Software,Low,48,15.61,30.64,False,Closed,Desktop Support,B. Silva,Branch - Singapore,Chat,4
INC100649,2025-02-28 20:28:41,2025-03-01 01:14:53,Network,Medium,24,1.12,4.77,False,Closed,Service Desk L1,K. Meyer,HQ - Dubai,Email,5
INC102142,2025-02-28 21:07:48,2025-03-01 14:14:24,Hardware,Medium,24,8.19,17.11,False,Closed,Security Team,L. Fernandes,Remote,Self-Service Portal,5
INC101114,2025-03-01 02:29:23,2025-03-02 10:39:35,Software,Low,48,5.59,32.17,False,Resolved,Service Desk L1,K. Meyer,HQ - Dubai,Chat,5
INC100919,2025-03-01 05:55:22,2025-03-02 11:06:46,Software,Medium,24,9.32,29.19,True,Resolved,Service Desk L1,B. Silva,HQ - Dubai,Self-Service Portal,4
INC102220,2025-03-01 07:33:15,2025-03-01 18:36:15,Application Support,Medium,24,3.85,11.05,False,Resolved,Network Ops,B. Silva,Branch - London,Email,4
INC100451,2025-03-01 09:06:37,2025-03-01 15:33:37,Software,Medium,24,1.36,6.45,False,Resolved,App Support,D. Ahmed,Branch - London,Email,4
INC100410,2025-03-01 10:10:07,2025-03-02 13:08:55,Printer,Medium,24,9.51,26.98,True,Reopened,Network Ops,K. Meyer,HQ - Dubai,Chat,
INC100043,2025-03-01 13:53:01,2025-03-03 06:03:13,Hardware,Low,48,14.96,40.17,False,Resolved,Service Desk L1,C. Novak,Branch - New York,Chat,5
INC102633,2025-03-01 15:40:48,2025-03-02 10:39:36,Application Support,High,8,2.12,18.98,True,Resolved,Network Ops,A. Khan,HQ - Dubai,Self-Service Portal,5
INC102272,2025-03-01 16:11:12,2025-03-02 09:43:00,Network,Low,48,6.22,17.53,False,Resolved,Service Desk L1,E. Zhou,Remote,Self-Service Portal,4
INC101045,2025-03-01 18:54:39,2025-03-02 20:46:51,Hardware,Low,48,22.3,25.87,False,Resolved,Security Team,F. Torres,HQ - Dubai,Chat,5
INC100121,2025-03-01 20:57:16,2025-03-02 04:17:40,Software,Critical,4,1.93,7.34,True,Closed,Service Desk L1,A. Khan,HQ - Dubai,Chat,3
INC100362,2025-03-02 00:08:22,2025-03-03 10:37:46,Printer,Medium,24,5.23,34.49,True,Resolved,Systems Admin,I. Rossi,Branch - London,Phone,4
INC102061,2025-03-02 02:34:38,2025-03-02 11:13:38,Email,Medium,24,5.2,8.65,False,Resolved,Network Ops,D. Ahmed,Remote,Self-Service Portal,5
INC101237,2025-03-02 03:27:47,,Network,Low,48,15.8,35.82,False,Reopened,Network Ops,B. Silva,Branch - New York,Phone,
INC102610,2025-03-02 13:00:52,2025-03-05 12:50:04,Access Management,Low,48,17.9,71.82,True,Resolved,Network Ops,J. Kim,Branch - London,Email,3
INC100949,2025-03-02 14:46:36,2025-03-02 22:39:24,Application Support,Medium,24,6.3,7.88,False,Resolved,Desktop Support,C. Novak,Remote,Self-Service Portal,5
INC101364,2025-03-02 15:05:31,2025-03-03 00:45:43,Security Incident,High,8,2.16,9.67,True,Reopened,Security Team,G. Petrov,HQ - Dubai,Self-Service Portal,
INC102352,2025-03-02 15:53:38,2025-03-03 05:33:14,Security Incident,Low,48,13.66,13.66,False,Reopened,Network Ops,G. Petrov,Remote,Phone,
INC101895,2025-03-02 19:30:24,2025-03-03 00:27:24,Email,High,8,1.2,4.95,False,Resolved,App Support,B. Silva,HQ - Dubai,Email,3
INC102410,2025-03-03 03:19:39,2025-03-03 16:29:51,Application Support,Medium,24,8.2,13.17,False,Closed,Systems Admin,J. Kim,Remote,Email,4
INC101391,2025-03-03 03:23:11,2025-03-03 21:14:11,Email,Medium,24,7.03,17.85,False,Resolved,Systems Admin,L. Fernandes,Branch - London,Email,5
INC102363,2025-03-03 05:38:37,2025-03-03 09:40:25,Software,Medium,24,2.53,4.03,False,Resolved,Service Desk L1,J. Kim,HQ - Dubai,Email,3
INC100876,2025-03-03 09:28:29,2025-03-04 23:50:05,Email,Low,48,2.42,38.36,False,Closed,Systems Admin,E. Zhou,HQ - Dubai,Email,5
INC100395,2025-03-03 13:53:05,2025-03-04 08:23:41,Application Support,Medium,24,4.78,18.51,False,Resolved,Systems Admin,H. Osei,HQ - Dubai,Self-Service Portal,5
INC100798,2025-03-03 17:17:40,2025-03-04 00:04:28,Access Management,High,8,1.38,6.78,False,Resolved,App Support,K. Meyer,Branch - London,Phone,5
INC100402,2025-03-03 17:25:52,2025-03-04 10:09:40,Application Support,Medium,24,6.72,16.73,False,Reopened,Desktop Support,F. Torres,HQ - Dubai,Email,
INC101397,2025-03-03 20:57:34,2025-03-04 05:47:22,Hardware,Low,48,8.83,8.83,False,Resolved,Security Team,L. Fernandes,Branch - London,Phone,5
INC101307,2025-03-03 21:23:37,2025-03-04 01:41:01,Network,Critical,4,1.0,4.29,True,Resolved,Service Desk L1,F. Torres,Branch - London,Phone,3
INC101449,2025-03-04 11:21:02,2025-03-05 00:46:14,Access Management,Low,48,6.4,13.42,False,Resolved,Desktop Support,J. Kim,HQ - Dubai,Chat,4
INC101595,2025-03-04 11:41:09,2025-03-07 02:39:21,Hardware,Low,48,1.23,62.97,True,Resolved,App Support,I. Rossi,Branch - London,Self-Service Portal,4
INC102019,2025-03-04 14:25:53,2025-03-04 22:00:05,Printer,Medium,24,6.52,7.57,False,Resolved,Network Ops,L. Fernandes,Remote,Self-Service Portal,3
INC100845,2025-03-04 14:44:21,2025-03-05 05:56:57,Printer,Medium,24,3.96,15.21,False,Resolved,App Support,K. Meyer,Remote,Self-Service Portal,4
INC102221,2025-03-04 15:07:43,2025-03-04 18:14:55,Access Management,High,8,2.88,3.12,False,Resolved,Security Team,C. Novak,Branch - Singapore,Self-Service Portal,3
INC102743,2025-03-04 16:39:35,2025-03-05 06:52:47,Hardware,High,8,3.64,14.22,True,Resolved,App Support,I. Rossi,Branch - London,Email,4
INC102834,2025-03-04 22:44:44,2025-03-05 01:29:08,Software,High,8,2.74,2.74,False,Reopened,Desktop Support,B. Silva,HQ - Dubai,Email,
INC102955,2025-03-04 22:57:13,2025-03-05 02:02:37,Application Support,Critical,4,1.28,3.09,False,Closed,Service Desk L1,A. Khan,HQ - Dubai,Self-Service Portal,3
INC101146,2025-03-05 03:29:30,2025-03-05 23:11:30,Access Management,Low,48,9.09,19.7,False,Resolved,App Support,F. Torres,Remote,Self-Service Portal,5
INC100824,2025-03-05 05:26:50,2025-03-05 13:29:14,Hardware,High,8,1.44,8.04,True,Reopened,Network Ops,C. Novak,Remote,Email,
INC100288,2025-03-05 09:40:47,,Hardware,Low,48,14.43,55.51,True,Reopened,Security Team,A. Khan,Branch - Singapore,Chat,
INC102355,2025-03-05 10:32:20,2025-03-05 12:16:08,Software,High,8,1.73,1.73,False,Resolved,Systems Admin,H. Osei,HQ - Dubai,Chat,5
INC102070,2025-03-05 12:51:04,2025-03-06 14:27:40,Email,Medium,24,0.32,25.61,True,Closed,Service Desk L1,K. Meyer,Remote,Email,4
INC101734,2025-03-05 15:39:53,2025-03-08 12:56:41,Email,Low,48,13.45,69.28,True,Resolved,Systems Admin,A. Khan,Remote,Email,2
INC100161,2025-03-05 20:13:09,2025-03-06 01:31:09,Email,High,8,2.59,5.3,False,Resolved,Desktop Support,F. Torres,Branch - London,Chat,4
INC101465,2025-03-05 22:53:53,2025-03-06 16:47:17,Software,Low,48,17.15,17.89,False,Resolved,Network Ops,G. Petrov,HQ - Dubai,Walk-in,3
INC102587,2025-03-06 02:22:46,2025-03-06 10:25:46,Software,Low,48,8.05,8.05,False,Resolved,App Support,A. Khan,HQ - Dubai,Email,2
INC102598,2025-03-06 02:54:30,2025-03-06 20:53:54,Security Incident,Low,48,4.38,17.99,False,Closed,Service Desk L1,D. Ahmed,Branch - New York,Chat,5
INC101017,2025-03-06 08:09:16,2025-03-06 21:09:16,Access Management,Medium,24,2.72,13.0,False,Resolved,Systems Admin,A. Khan,HQ - Dubai,Self-Service Portal,4
INC102862,2025-03-06 08:45:12,2025-03-07 14:03:48,Software,Low,48,22.1,29.31,False,Closed,Security Team,L. Fernandes,Branch - London,Phone,5
INC100948,2025-03-06 09:01:07,2025-03-06 12:50:55,Security Incident,High,8,0.38,3.83,False,Resolved,Systems Admin,D. Ahmed,HQ - Dubai,Phone,4
INC101663,2025-03-06 13:44:39,2025-03-07 15:56:03,Application Support,Low,48,12.73,26.19,False,Resolved,Desktop Support,K. Meyer,Remote,Self-Service Portal,3
INC101291,2025-03-06 15:11:03,2025-03-07 07:31:27,Network,Medium,24,11.67,16.34,False,Resolved,Desktop Support,G. Petrov,Branch - Singapore,Email,5
INC102915,2025-03-06 20:58:46,2025-03-06 22:42:34,Software,High,8,1.6,1.73,False,Resolved,Desktop Support,F. Torres,Branch - New York,Email,4
INC100193,2025-03-07 10:37:17,2025-03-07 16:03:05,Network,Medium,24,0.53,5.43,False,Closed,Security Team,K. Meyer,Branch - London,Self-Service Portal,5
INC101376,2025-03-07 10:56:18,2025-03-09 21:35:54,Access Management,Low,48,8.78,58.66,True,Closed,Desktop Support,F. Torres,Remote,Walk-in,3
INC100890,2025-03-07 11:53:16,2025-03-07 16:31:40,Application Support,Critical,4,0.86,4.64,True,Resolved,Network Ops,E. Zhou,Branch - New York,Self-Service Portal,4
INC100028,2025-03-07 13:33:09,2025-03-07 17:24:45,Software,High,8,0.55,3.86,False,Closed,Systems Admin,C. Novak,Branch - New York,Phone,4
INC102200,2025-03-07 15:43:25,2025-03-08 00:44:01,Printer,Low,48,0.5,9.01,False,Closed,App Support,B. Silva,HQ - Dubai,Phone,4
INC100280,2025-03-07 16:18:39,2025-03-07 16:39:39,Hardware,Critical,4,0.35,0.35,False,Closed,App Support,I. Rossi,Branch - New York,Email,4
INC100644,2025-03-07 23:00:48,2025-03-09 00:14:36,Application Support,Low,48,1.85,25.23,False,Closed,Systems Admin,A. Khan,Remote,Self-Service Portal,5
INC101840,2025-03-08 00:16:34,2025-03-09 16:23:10,Printer,Medium,24,6.71,40.11,True,Resolved,Systems Admin,C. Novak,HQ - Dubai,Chat,2
INC101129,2025-03-08 05:53:21,2025-03-08 12:55:45,Access Management,Medium,24,7.04,7.04,False,Resolved,Systems Admin,H. Osei,Branch - London,Walk-in,4
INC100267,2025-03-08 06:26:10,2025-03-08 11:31:34,Access Management,High,8,1.67,5.09,False,Resolved,Systems Admin,J. Kim,Remote,Email,4
INC100647,2025-03-08 10:07:32,2025-03-08 17:42:56,Security Incident,High,8,0.05,7.59,False,Reopened,Systems Admin,H. Osei,Branch - Singapore,Walk-in,
INC102763,2025-03-08 11:08:53,2025-03-08 19:34:05,Network,Medium,24,6.9,8.42,False,Resolved,Systems Admin,I. Rossi,HQ - Dubai,Email,4
INC100032,2025-03-08 11:17:46,2025-03-09 01:42:22,Email,High,8,1.68,14.41,True,Resolved,Service Desk L1,K. Meyer,HQ - Dubai,Email,4
INC100888,2025-03-08 12:29:32,2025-03-08 21:04:20,Network,High,8,3.82,8.58,True,Reopened,Security Team,C. Novak,HQ - Dubai,Self-Service Portal,
INC101504,2025-03-08 12:40:35,2025-03-09 06:27:23,Email,Medium,24,1.57,17.78,False,Resolved,Service Desk L1,K. Meyer,Branch - New York,Email,4
INC102332,2025-03-08 13:18:03,2025-03-11 16:49:15,Printer,Medium,24,8.12,75.52,True,Resolved,Systems Admin,A. Khan,Branch - London,Phone,3
INC101316,2025-03-08 14:00:10,2025-03-09 14:10:22,Hardware,Low,48,19.7,24.17,False,Reopened,App Support,G. Petrov,Branch - London,Self-Service Portal,
INC102971,2025-03-08 22:26:22,2025-03-10 02:22:10,Software,Low,48,3.54,27.93,False,Closed,Network Ops,K. Meyer,HQ - Dubai,Email,4
INC101584,2025-03-08 23:17:45,2025-03-09 00:20:45,Printer,High,8,1.05,1.05,False,Resolved,App Support,J. Kim,Branch - New York,Phone,4
INC100873,2025-03-09 04:54:26,2025-03-09 13:07:38,Printer,Medium,24,5.63,8.22,False,Resolved,Service Desk L1,K. Meyer,Branch - Singapore,Self-Service Portal,4
INC102140,2025-03-09 05:37:21,2025-03-09 07:33:45,Application Support,Medium,24,1.94,1.94,False,Resolved,Systems Admin,J. Kim,HQ - Dubai,Self-Service Portal,5
INC101309,2025-03-09 05:48:21,,Access Management,High,8,0.71,3.48,False,Reopened,Security Team,C. Novak,HQ - Dubai,Email,
INC101446,2025-03-09 06:49:25,2025-03-10 05:46:25,Network,Medium,24,7.96,22.95,False,Resolved,App Support,I. Rossi,Remote,Email,5
INC100237,2025-03-09 09:16:24,2025-03-09 17:14:36,Network,High,8,0.41,7.97,False,Resolved,Service Desk L1,H. Osei,Branch - London,Phone,3
INC100414,2025-03-09 17:59:44,2025-03-10 16:17:44,Security Incident,Medium,24,2.44,22.3,False,Resolved,Service Desk L1,A. Khan,HQ - Dubai,Chat,5
INC101196,2025-03-09 23:12:34,2025-03-10 03:49:46,Access Management,High,8,2.37,4.62,False,Resolved,Systems Admin,C. Novak,Remote,Phone,4
INC102946,2025-03-10 00:43:29,2025-03-10 03:56:41,Software,High,8,0.14,3.22,False,Resolved,Service Desk L1,B. Silva,Branch - London,Chat,4
INC100177,2025-03-10 03:46:34,2025-03-10 05:14:46,Security Incident,High,8,1.47,1.47,False,Reopened,Desktop Support,H. Osei,HQ - Dubai,Self-Service Portal,
INC100231,2025-03-10 05:39:04,2025-03-10 16:45:40,Hardware,High,8,3.71,11.11,True,Resolved,App Support,L. Fernandes,Remote,Self-Service Portal,5
INC100385,2025-03-10 19:49:54,2025-03-11 12:24:06,Software,Medium,24,8.05,16.57,False,Resolved,Network Ops,I. Rossi,HQ - Dubai,Self-Service Portal,5
INC102046,2025-03-10 22:07:58,2025-03-11 10:42:10,Access Management,Medium,24,5.03,12.57,False,Reopened,Desktop Support,A. Khan,Branch - New York,Self-Service Portal,
INC100915,2025-03-11 01:31:46,2025-03-13 08:11:22,Email,Low,48,2.31,54.66,True,Reopened,Network Ops,H. Osei,Branch - Singapore,Email,
INC102928,2025-03-11 07:03:49,2025-03-11 15:12:49,Hardware,High,8,3.61,8.15,True,Resolved,App Support,C. Novak,Branch - London,Phone,2
INC102936,2025-03-11 11:18:16,2025-03-12 19:14:40,Software,Medium,24,10.7,31.94,True,Resolved,Network Ops,D. Ahmed,Branch - Singapore,Self-Service Portal,3
INC100021,2025-03-11 16:11:17,2025-03-11 23:44:53,Network,High,8,2.76,7.56,False,Reopened,Service Desk L1,C. Novak,Remote,Self-Service Portal,
INC102164,2025-03-11 18:09:48,2025-03-12 02:25:24,Application Support,Low,48,4.16,8.26,False,Resolved,Security Team,H. Osei,Branch - London,Chat,5
INC100375,2025-03-11 22:11:35,2025-03-12 07:25:23,Application Support,Medium,24,3.5,9.23,False,Resolved,Systems Admin,F. Torres,Remote,Email,5
INC100881,2025-03-12 04:08:23,2025-03-12 07:13:47,Software,Critical,4,1.77,3.09,False,Closed,Systems Admin,C. Novak,HQ - Dubai,Self-Service Portal,4
INC100910,2025-03-12 09:25:50,2025-03-12 17:15:38,Security Incident,Medium,24,2.07,7.83,False,Closed,Network Ops,B. Silva,Remote,Email,5
INC102576,2025-03-12 10:39:28,2025-03-14 16:58:40,Hardware,Low,48,10.0,54.32,True,Reopened,Network Ops,K. Meyer,HQ - Dubai,Email,
INC101633,2025-03-12 12:54:27,2025-03-15 02:26:15,Application Support,Low,48,6.37,61.53,True,Resolved,Service Desk L1,J. Kim,Branch - New York,Phone,1
INC100595,2025-03-12 13:18:49,2025-03-13 09:07:25,Security Incident,Low,48,2.52,19.81,False,Resolved,Service Desk L1,D. Ahmed,HQ - Dubai,Chat,3
INC101439,2025-03-12 13:38:11,2025-03-12 17:01:35,Printer,High,8,0.82,3.39,False,Reopened,Security Team,C. Novak,Branch - New York,Phone,
INC100516,2025-03-12 14:20:28,2025-03-12 15:58:16,Software,Critical,4,1.63,1.63,False,Resolved,Desktop Support,J. Kim,Remote,Email,5
INC100428,2025-03-12 15:58:45,2025-03-12 18:24:33,Hardware,High,8,2.43,2.43,False,Reopened,Network Ops,B. Silva,Branch - Singapore,Email,
INC100034,2025-03-12 18:16:30,2025-03-14 17:30:18,Software,Low,48,21.57,47.23,False,Resolved,Systems Admin,J. Kim,Branch - Singapore,Phone,5
INC102183,2025-03-12 18:45:18,2025-03-13 05:26:06,Hardware,Low,48,10.68,10.68,False,Resolved,App Support,F. Torres,Remote,Email,5
INC100717,2025-03-12 19:41:40,2025-03-13 01:57:16,Application Support,High,8,1.98,6.26,False,Resolved,Network Ops,L. Fernandes,Branch - Singapore,Email,5
INC101921,2025-03-12 21:02:49,2025-03-13 00:12:25,Email,Low,48,3.16,3.16,False,Resolved,Desktop Support,D. Ahmed,Branch - London,Self-Service Portal,5
INC102897,2025-03-13 02:28:46,2025-03-13 04:26:22,Email,Critical,4,1.52,1.96,False,Resolved,Desktop Support,H. Osei,HQ - Dubai,Email,5
INC102503,2025-03-13 05:09:01,2025-03-16 14:39:01,Hardware,Low,48,17.21,81.5,True,Resolved,Desktop Support,C. Novak,HQ - Dubai,Phone,3
INC102143,2025-03-13 05:52:59,2025-03-13 10:32:35,Hardware,High,8,0.37,4.66,False,Resolved,App Support,F. Torres,HQ - Dubai,Self-Service Portal,4
INC102342,2025-03-13 08:49:20,2025-03-13 18:39:08,Access Management,Medium,24,6.02,9.83,False,Closed,Desktop Support,J. Kim,Branch - London,Email,4
INC101719,2025-03-13 16:32:36,2025-03-13 23:50:36,Software,Medium,24,3.31,7.3,False,Resolved,Service Desk L1,I. Rossi,Branch - New York,Phone,4
INC101015,2025-03-13 16:53:20,2025-03-13 18:56:56,Access Management,Critical,4,0.06,2.06,False,Resolved,App Support,D. Ahmed,Remote,Chat,5
INC100840,2025-03-13 18:24:06,2025-03-14 11:10:18,Hardware,Low,48,13.97,16.77,False,Resolved,Systems Admin,C. Novak,Remote,Self-Service Portal,4
INC101702,2025-03-13 18:50:58,2025-03-14 06:02:22,Security Incident,Medium,24,9.51,11.19,False,Reopened,App Support,K. Meyer,HQ - Dubai,Phone,
INC100466,2025-03-13 22:17:04,2025-03-16 01:48:16,Printer,Low,48,20.31,51.52,True,Closed,Systems Admin,B. Silva,Remote,Phone,5
INC101574,2025-03-14 02:53:39,2025-03-14 07:49:27,Software,Low,48,4.93,4.93,False,Resolved,Systems Admin,L. Fernandes,Branch - London,Phone,4
INC101821,2025-03-14 03:18:59,2025-03-15 06:56:47,Security Incident,Low,48,13.76,27.63,False,Resolved,App Support,D. Ahmed,Remote,Email,4
INC101779,2025-03-14 04:59:55,2025-03-14 14:25:43,Security Incident,Low,48,9.43,9.43,False,Resolved,Security Team,H. Osei,Remote,Phone,4
INC101528,2025-03-14 11:28:25,2025-03-15 03:45:13,Hardware,Low,48,1.09,16.28,False,Resolved,App Support,D. Ahmed,Remote,Chat,3
INC102895,2025-03-14 16:03:22,2025-03-14 18:28:34,Network,Critical,4,0.68,2.42,False,Reopened,App Support,A. Khan,HQ - Dubai,Phone,
INC100974,2025-03-14 17:51:28,2025-03-17 15:34:04,Application Support,Low,48,2.12,69.71,True,Reopened,Security Team,G. Petrov,Branch - Singapore,Self-Service Portal,
INC101205,2025-03-14 19:55:18,2025-03-15 08:45:06,Hardware,Low,48,12.83,12.83,False,Resolved,Desktop Support,K. Meyer,HQ - Dubai,Email,5
INC102888,2025-03-14 23:02:25,2025-03-16 23:31:49,Email,Low,48,16.21,48.49,True,Resolved,Security Team,B. Silva,HQ - Dubai,Email,4
INC100307,2025-03-15 01:55:27,2025-03-15 04:32:39,Access Management,High,8,2.62,2.62,False,Resolved,Desktop Support,D. Ahmed,Branch - Singapore,Chat,4
INC100581,2025-03-15 03:28:27,2025-03-16 03:35:03,Email,Low,48,18.6,24.11,False,Reopened,Service Desk L1,H. Osei,Branch - Singapore,Self-Service Portal,
INC101127,2025-03-15 11:29:24,2025-03-17 01:03:00,Access Management,Medium,24,7.24,37.56,True,Resolved,Security Team,D. Ahmed,Branch - Singapore,Self-Service Portal,3
INC101459,2025-03-15 13:37:08,2025-03-16 00:37:08,Printer,Medium,24,9.09,11.0,False,Closed,Network Ops,L. Fernandes,HQ - Dubai,Walk-in,5
INC100074,2025-03-16 01:13:06,2025-03-16 20:10:42,Access Management,Medium,24,8.98,18.96,False,Resolved,Security Team,J. Kim,Branch - New York,Chat,4
INC100319,2025-03-16 02:53:23,2025-03-16 18:22:11,Access Management,Low,48,15.48,15.48,False,Closed,Network Ops,G. Petrov,Branch - London,Self-Service Portal,4
INC102205,2025-03-16 06:41:05,2025-03-17 01:47:41,Application Support,Low,48,14.65,19.11,False,Resolved,Security Team,D. Ahmed,HQ - Dubai,Chat,4
INC102873,2025-03-16 09:42:20,2025-03-17 05:28:32,Application Support,High,8,2.51,19.77,True,Reopened,Network Ops,B. Silva,Remote,Self-Service Portal,
INC101261,2025-03-16 11:54:06,2025-03-17 11:19:18,Application Support,Medium,24,0.81,23.42,False,Resolved,Security Team,H. Osei,HQ - Dubai,Phone,4
INC102294,2025-03-16 12:53:30,2025-03-17 19:21:06,Network,Low,48,14.9,30.46,False,Resolved,Network Ops,J. Kim,Branch - New York,Email,3
INC101235,2025-03-17 00:42:12,2025-03-18 00:01:24,Software,Low,48,11.74,23.32,False,Resolved,Desktop Support,K. Meyer,Branch - Singapore,Chat,3
INC100262,2025-03-17 01:15:31,2025-03-17 05:17:55,Access Management,Medium,24,2.51,4.04,False,Resolved,Desktop Support,D. Ahmed,Branch - New York,Chat,5
INC102601,2025-03-17 03:17:58,2025-03-17 11:22:46,Hardware,High,8,2.48,8.08,True,Resolved,Systems Admin,H. Osei,Remote,Email,3
INC101163,2025-03-17 06:00:32,2025-03-18 03:01:44,Printer,Medium,24,3.95,21.02,False,Reopened,Desktop Support,K. Meyer,Remote,Phone,
INC102032,2025-03-17 06:26:56,2025-03-17 07:52:08,Access Management,Critical,4,1.18,1.42,False,Resolved,Service Desk L1,B. Silva,Branch - London,Self-Service Portal,5
INC100180,2025-03-17 08:27:05,2025-03-19 21:25:17,Hardware,Low,48,1.73,60.97,True,Resolved,Systems Admin,J. Kim,Remote,Email,3
INC101618,2025-03-17 08:47:14,2025-03-17 11:59:50,Network,High,8,3.0,3.21,False,Resolved,App Support,K. Meyer,HQ - Dubai,Self-Service Portal,4
INC100514,2025-03-17 09:00:40,2025-03-18 02:01:16,Network,Low,48,7.25,17.01,False,Resolved,App Support,D. Ahmed,Remote,Chat,5
INC102929,2025-03-17 10:10:16,,Access Management,Medium,24,9.33,57.52,True,Reopened,Network Ops,G. Petrov,Branch - New York,Phone,
INC101098,2025-03-17 19:19:06,2025-03-18 13:53:54,Application Support,High,8,3.15,18.58,True,Resolved,App Support,F. Torres,HQ - Dubai,Chat,3
INC102235,2025-03-17 20:50:35,2025-03-18 08:18:11,Application Support,Low,48,10.71,11.46,False,Resolved,Systems Admin,C. Novak,Branch - Singapore,Email,5
INC100518,2025-03-17 21:06:08,2025-03-19 00:28:56,Access Management,Medium,24,7.93,27.38,True,Reopened,Desktop Support,G. Petrov,Branch - London,Chat,
INC100125,2025-03-17 21:09:28,2025-03-18 06:49:40,Software,High,8,1.69,9.67,True,Closed,Service Desk L1,C. Novak,Branch - London,Self-Service Portal,2
INC101696,2025-03-18 00:53:52,2025-03-20 03:16:40,Software,Low,48,22.1,50.38,True,Resolved,Network Ops,K. Meyer,HQ - Dubai,Self-Service Portal,4
INC101526,2025-03-18 02:35:16,2025-03-18 06:17:52,Software,High,8,2.57,3.71,False,Reopened,App Support,H. Osei,Branch - Singapore,Email,
INC101873,2025-03-18 02:50:51,2025-03-18 05:00:27,Hardware,High,8,2.16,2.16,False,Resolved,Service Desk L1,E. Zhou,Branch - Singapore,Email,4
INC102822,2025-03-18 03:32:17,2025-03-20 15:22:41,Printer,Medium,24,3.91,59.84,True,Resolved,Systems Admin,F. Torres,Branch - Singapore,Self-Service Portal,4
INC102861,2025-03-18 07:21:50,2025-03-19 10:23:02,Hardware,Medium,24,3.2,27.02,True,Resolved,Desktop Support,A. Khan,Branch - New York,Phone,4
INC100637,2025-03-18 08:38:39,2025-03-18 18:15:15,Printer,Low,48,9.61,9.61,False,Resolved,Desktop Support,E. Zhou,HQ - Dubai,Self-Service Portal,5
INC100282,2025-03-18 11:54:40,2025-03-18 19:38:28,Network,Medium,24,0.25,7.73,False,Resolved,Desktop Support,D. Ahmed,Branch - London,Self-Service Portal,5
INC101357,2025-03-18 19:55:55,2025-03-21 16:43:19,Network,Medium,24,9.06,68.79,True,Resolved,Security Team,E. Zhou,HQ - Dubai,Email,1
INC100823,2025-03-18 22:18:25,2025-03-20 01:22:37,Hardware,Low,48,15.77,27.07,False,Reopened,Systems Admin,L. Fernandes,HQ - Dubai,Chat,
INC100299,2025-03-19 01:58:28,,Application Support,High,8,2.4,4.22,False,Reopened,App Support,I. Rossi,HQ - Dubai,Email,
INC101531,2025-03-19 05:08:38,2025-03-19 10:45:50,Network,High,8,3.25,5.62,False,Resolved,Systems Admin,A. Khan,Remote,Phone,4
INC102708,2025-03-19 08:05:35,2025-03-20 13:12:47,Access Management,Medium,24,9.92,29.12,True,Resolved,Security Team,F. Torres,Remote,Self-Service Portal,3
INC102712,2025-03-19 10:05:42,2025-03-20 15:48:18,Software,Low,48,15.46,29.71,False,Resolved,Desktop Support,A. Khan,Remote,Email,5
INC100754,2025-03-19 14:47:04,2025-03-20 17:48:52,Email,Low,48,20.2,27.03,False,Resolved,App Support,B. Silva,Remote,Email,4
INC101994,2025-03-19 17:05:01,2025-03-19 17:47:37,Network,High,8,0.71,0.71,False,Reopened,Service Desk L1,F. Torres,HQ - Dubai,Self-Service Portal,
INC101987,2025-03-19 22:20:15,2025-03-20 09:43:39,Access Management,Medium,24,10.01,11.39,False,Reopened,Network Ops,C. Novak,Branch - London,Phone,
INC102403,2025-03-19 23:28:40,,Printer,Medium,24,3.33,16.16,False,Reopened,Security Team,E. Zhou,Remote,Self-Service Portal,
INC100867,2025-03-20 00:54:31,2025-03-20 03:55:43,Printer,Medium,24,3.02,3.02,False,Resolved,Network Ops,A. Khan,Branch - London,Phone,4
INC100566,2025-03-20 04:12:30,2025-03-21 10:25:06,Software,Low,48,2.02,30.21,False,Closed,Security Team,C. Novak,HQ - Dubai,Email,5
INC101786,2025-03-20 14:22:48,2025-03-21 04:28:12,Printer,Low,48,14.09,14.09,False,Resolved,Network Ops,F. Torres,Remote,Email,4
INC102938,2025-03-20 19:43:03,2025-03-21 08:52:39,Software,Medium,24,11.3,13.16,False,Resolved,Systems Admin,C. Novak,Remote,Chat,5
INC101814,2025-03-21 00:28:19,2025-03-22 11:14:31,Hardware,Low,48,21.03,34.77,False,Resolved,Security Team,E. Zhou,Branch - London,Email,5
INC102088,2025-03-21 05:43:12,2025-03-21 12:18:36,Access Management,High,8,2.66,6.59,False,Closed,App Support,C. Novak,HQ - Dubai,Self-Service Portal,4
INC102759,2025-03-21 07:16:43,2025-03-26 11:16:43,Hardware,Low,48,8.81,124.0,True,Resolved,App Support,A. Khan,HQ - Dubai,Email,3
INC100730,2025-03-21 08:01:40,2025-03-21 10:32:16,Email,High,8,0.27,2.51,False,Resolved,Desktop Support,D. Ahmed,Remote,Walk-in,3
INC101566,2025-03-21 08:54:18,2025-03-21 23:54:54,Access Management,Medium,24,11.16,15.01,False,Resolved,Security Team,E. Zhou,HQ - Dubai,Email,5
INC101179,2025-03-21 09:33:11,2025-03-27 16:16:59,Application Support,Low,48,16.49,150.73,True,Resolved,App Support,L. Fernandes,Branch - London,Self-Service Portal,2
INC101874,2025-03-21 11:33:38,2025-03-21 23:10:14,Access Management,Medium,24,10.74,11.61,False,Resolved,Service Desk L1,A. Khan,Branch - New York,Phone,5
INC101322,2025-03-21 15:28:09,2025-03-22 05:34:09,Printer,Medium,24,1.82,14.1,False,Resolved,Service Desk L1,H. Osei,Branch - London,Email,4
INC102933,2025-03-21 20:01:13,2025-03-22 05:09:01,Access Management,High,8,2.61,9.13,True,Resolved,App Support,J. Kim,HQ - Dubai,Chat,5
INC100176,2025-03-21 22:32:06,2025-03-22 19:36:54,Access Management,Medium,24,2.95,21.08,False,Resolved,Desktop Support,L. Fernandes,HQ - Dubai,Email,5
INC100173,2025-03-22 00:42:30,2025-03-22 08:49:06,Software,Medium,24,8.11,8.11,False,Reopened,Security Team,H. Osei,Branch - London,Phone,
INC101710,2025-03-22 01:54:49,2025-03-22 13:56:37,Hardware,Medium,24,1.16,12.03,False,Resolved,Security Team,J. Kim,Branch - Singapore,Self-Service Portal,5
INC100913,2025-03-22 03:51:17,2025-03-23 05:36:53,Hardware,Low,48,10.48,25.76,False,Closed,Network Ops,C. Novak,Branch - Singapore,Chat,4
INC102696,2025-03-22 06:36:14,2025-03-22 19:48:50,Software,Medium,24,11.19,13.21,False,Resolved,Service Desk L1,I. Rossi,Branch - Singapore,Email,5
INC100864,2025-03-22 07:41:45,2025-03-23 19:12:57,Hardware,Low,48,17.96,35.52,False,Resolved,Service Desk L1,I. Rossi,Remote,Chat,4
INC101379,2025-03-22 08:07:25,2025-03-23 11:43:25,Access Management,Medium,24,4.14,27.6,True,Resolved,Desktop Support,D. Ahmed,HQ - Dubai,Self-Service Portal,4
INC101778,2025-03-22 08:55:21,2025-03-23 01:27:45,Email,Medium,24,9.35,16.54,False,Resolved,Security Team,E. Zhou,Branch - London,Phone,4
INC101065,2025-03-22 11:35:57,2025-03-23 02:59:57,Email,Medium,24,0.98,15.4,False,Resolved,Desktop Support,B. Silva,Branch - London,Self-Service Portal,3
INC102806,2025-03-22 18:22:20,2025-03-23 13:19:20,Application Support,Medium,24,7.27,18.95,False,Resolved,Service Desk L1,E. Zhou,HQ - Dubai,Self-Service Portal,5
INC100841,2025-03-22 19:58:16,2025-03-23 00:49:16,Access Management,Medium,24,4.85,4.85,False,Closed,App Support,E. Zhou,Remote,Walk-in,3
INC101855,2025-03-22 20:12:00,2025-03-22 23:31:48,Application Support,Medium,24,1.08,3.33,False,Closed,Desktop Support,J. Kim,Branch - London,Chat,4
INC100866,2025-03-23 01:09:47,2025-03-23 04:43:23,Software,High,8,2.96,3.56,False,Resolved,App Support,E. Zhou,Remote,Self-Service Portal,5
INC101679,2025-03-23 06:30:55,2025-03-23 14:17:07,Printer,Medium,24,7.77,7.77,False,Resolved,App Support,J. Kim,HQ - Dubai,Email,5
INC101388,2025-03-23 06:31:02,,Hardware,Medium,24,8.33,15.35,False,Reopened,Security Team,E. Zhou,Remote,Email,
INC101602,2025-03-23 06:38:56,2025-03-23 14:35:56,Network,Medium,24,3.12,7.95,False,Resolved,Network Ops,A. Khan,Remote,Email,5
INC101270,2025-03-23 23:16:52,2025-03-24 00:57:04,Network,High,8,1.1,1.67,False,Resolved,Service Desk L1,B. Silva,Remote,Self-Service Portal,5
INC101041,2025-03-24 04:49:33,2025-03-24 16:48:57,Software,Low,48,11.99,11.99,False,Resolved,App Support,G. Petrov,HQ - Dubai,Self-Service Portal,4
INC100296,2025-03-24 05:07:10,2025-03-25 00:40:10,Application Support,Low,48,17.64,19.55,False,Reopened,Network Ops,H. Osei,Branch - London,Self-Service Portal,
INC100151,2025-03-24 12:35:44,2025-03-24 22:59:08,Software,Low,48,10.39,10.39,False,Closed,Systems Admin,H. Osei,HQ - Dubai,Chat,4
INC101966,2025-03-24 13:15:08,2025-03-25 00:03:08,Network,Low,48,10.8,10.8,False,Resolved,Security Team,J. Kim,Branch - Singapore,Walk-in,4
INC100967,2025-03-24 14:13:49,2025-03-25 11:46:13,Security Incident,Low,48,12.46,21.54,False,Resolved,Service Desk L1,L. Fernandes,Remote,Phone,4
INC101975,2025-03-24 18:52:27,2025-03-24 23:27:51,Application Support,Medium,24,4.59,4.59,False,Resolved,Systems Admin,A. Khan,Remote,Email,4
INC100630,2025-03-24 19:58:40,2025-03-25 07:22:04,Software,Medium,24,1.22,11.39,False,Resolved,Systems Admin,K. Meyer,Branch - London,Walk-in,5
INC101991,2025-03-25 03:53:17,2025-03-25 11:29:53,Printer,Medium,24,7.61,7.61,False,Resolved,Desktop Support,G. Petrov,Branch - Singapore,Email,4
INC102621,2025-03-25 06:54:02,2025-03-25 20:24:38,Hardware,High,8,2.57,13.51,True,Closed,Network Ops,A. Khan,Remote,Email,4
INC100249,2025-03-25 09:32:27,2025-03-25 10:27:39,Access Management,Critical,4,0.92,0.92,False,Resolved,Systems Admin,I. Rossi,HQ - Dubai,Chat,4
INC102535,2025-03-25 18:49:47,2025-03-26 07:23:59,Access Management,Medium,24,2.05,12.57,False,Resolved,Service Desk L1,H. Osei,Branch - London,Email,5
INC100995,2025-03-25 21:51:43,2025-03-26 06:33:07,Access Management,High,8,2.05,8.69,True,Resolved,Desktop Support,E. Zhou,Branch - London,Self-Service Portal,4
INC102486,2025-03-26 02:10:06,2025-03-26 08:20:54,Hardware,Medium,24,4.27,6.18,False,Resolved,Service Desk L1,L. Fernandes,Remote,Email,4
INC100443,2025-03-26 02:16:35,2025-03-26 05:42:59,Software,High,8,0.14,3.44,False,Resolved,App Support,J. Kim,Remote,Phone,5
INC101725,2025-03-26 03:51:16,2025-03-26 16:54:52,Email,Low,48,10.05,13.06,False,Closed,Service Desk L1,J. Kim,Branch - London,Phone,5
INC100090,2025-03-26 06:36:09,2025-03-26 11:10:21,Application Support,High,8,1.88,4.57,False,Resolved,Service Desk L1,K. Meyer,HQ - Dubai,Walk-in,3
INC102219,2025-03-26 06:38:25,2025-03-29 22:07:13,Software,Low,48,12.33,87.48,True,Resolved,App Support,C. Novak,HQ - Dubai,Phone,4
INC100498,2025-03-26 16:02:40,2025-03-28 18:15:16,Network,Medium,24,4.69,50.21,True,Resolved,Security Team,H. Osei,HQ - Dubai,Phone,5
INC100405,2025-03-26 19:35:41,2025-03-26 21:31:29,Software,High,8,1.15,1.93,False,Resolved,Network Ops,L. Fernandes,HQ - Dubai,Chat,2
INC102376,2025-03-26 22:50:38,2025-03-28 05:38:38,Network,Medium,24,4.17,30.8,True,Reopened,App Support,B. Silva,Remote,Self-Service Portal,
INC100587,2025-03-27 01:12:20,2025-03-27 04:27:20,Software,Medium,24,2.14,3.25,False,Reopened,Network Ops,K. Meyer,Remote,Email,
INC101683,2025-03-27 02:16:47,2025-03-27 04:17:59,Application Support,High,8,1.35,2.02,False,Resolved,Service Desk L1,B. Silva,Remote,Self-Service Portal,3
INC100314,2025-03-27 03:15:40,2025-03-28 15:12:40,Printer,Medium,24,4.14,35.95,True,Resolved,Security Team,H. Osei,Branch - Singapore,Phone,3
INC102789,2025-03-27 03:50:04,2025-03-27 05:41:04,Access Management,High,8,1.85,1.85,False,Resolved,App Support,D. Ahmed,Remote,Self-Service Portal,5
INC102737,2025-03-27 09:01:59,2025-03-27 22:52:59,Software,Medium,24,7.07,13.85,False,Resolved,Desktop Support,C. Novak,Remote,Phone,4
INC102186,2025-03-27 13:52:59,2025-03-27 17:40:23,Email,Medium,24,3.79,3.79,False,Resolved,Desktop Support,B. Silva,Branch - New York,Self-Service Portal,5
INC101484,2025-03-27 14:15:50,2025-03-28 01:02:02,Hardware,High,8,3.1,10.77,True,Resolved,Systems Admin,C. Novak,Branch - New York,Self-Service Portal,3
INC100016,2025-03-27 16:54:12,2025-03-28 17:08:36,Email,Medium,24,11.08,24.24,True,Resolved,Service Desk L1,E. Zhou,Branch - Singapore,Email,2
INC102901,2025-03-27 19:03:40,2025-03-28 23:54:40,Software,Low,48,6.31,28.85,False,Resolved,Systems Admin,D. Ahmed,Remote,Email,5
INC101177,2025-03-27 19:21:58,,Application Support,Low,48,8.71,8.71,False,Reopened,Security Team,E. Zhou,Remote,Chat,
INC101323,2025-03-27 21:43:32,,Email,Low,48,11.04,93.39,True,Reopened,Desktop Support,J. Kim,Remote,Chat,
INC101945,2025-03-27 23:47:25,2025-03-28 04:46:49,Software,Low,48,1.89,4.99,False,Resolved,Network Ops,D. Ahmed,Remote,Walk-in,5
INC101653,2025-03-28 05:20:07,2025-03-29 21:42:19,Software,Low,48,17.8,40.37,False,Closed,Network Ops,G. Petrov,HQ - Dubai,Chat,4
INC102071,2025-03-28 07:23:05,2025-03-28 10:40:29,Software,High,8,0.39,3.29,False,Resolved,Systems Admin,J. Kim,Remote,Email,4
INC100981,2025-03-28 10:40:10,2025-03-28 12:47:22,Security Incident,High,8,2.12,2.12,False,Resolved,App Support,K. Meyer,Remote,Self-Service Portal,5
INC100609,2025-03-28 12:14:07,2025-03-28 13:56:07,Network,High,8,1.7,1.7,False,Reopened,Security Team,F. Torres,HQ - Dubai,Walk-in,
INC101174,2025-03-28 13:43:41,2025-03-28 21:50:17,Printer,Medium,24,8.11,8.11,False,Resolved,Systems Admin,I. Rossi,Remote,Email,4
INC101392,2025-03-28 14:37:38,,Access Management,Low,48,7.37,11.26,False,Reopened,Service Desk L1,F. Torres,Branch - New York,Chat,
INC101586,2025-03-28 15:49:05,2025-03-29 22:08:17,Security Incident,Low,48,11.49,30.32,False,Resolved,Network Ops,A. Khan,HQ - Dubai,Self-Service Portal,5
INC102678,2025-03-28 19:36:00,2025-03-29 02:38:24,Hardware,Low,48,7.04,7.04,False,Resolved,Systems Admin,J. Kim,Remote,Self-Service Portal,5
INC101701,2025-03-28 21:22:04,2025-03-29 14:40:04,Printer,Critical,4,0.8,17.3,True,Resolved,Network Ops,H. Osei,Remote,Self-Service Portal,3
INC102899,2025-03-29 00:50:17,2025-03-29 13:48:29,Printer,Medium,24,8.03,12.97,False,Reopened,Network Ops,G. Petrov,Remote,Self-Service Portal,
INC102689,2025-03-29 05:32:45,2025-03-31 06:11:09,Access Management,Low,48,20.24,48.64,True,Reopened,Security Team,H. Osei,Branch - London,Phone,
INC101436,2025-03-29 10:19:34,2025-03-31 04:52:34,Printer,Low,48,14.59,42.55,False,Resolved,App Support,B. Silva,HQ - Dubai,Phone,2
INC101443,2025-03-29 18:29:14,2025-03-30 09:55:38,Application Support,Low,48,15.44,15.44,False,Reopened,Security Team,I. Rossi,Remote,Email,
INC101180,2025-03-29 18:59:13,2025-03-31 17:18:25,Printer,Low,48,17.34,46.32,False,Resolved,Service Desk L1,D. Ahmed,HQ - Dubai,Email,4
INC101206,2025-03-29 19:42:48,,Hardware,Low,48,10.17,16.43,False,Reopened,Network Ops,B. Silva,Branch - New York,Chat,
INC100334,2025-03-30 02:48:07,2025-04-02 15:50:31,Application Support,Low,48,14.48,85.04,True,Reopened,Network Ops,J. Kim,Remote,Self-Service Portal,
INC102437,2025-03-30 14:15:02,2025-04-01 17:16:14,Hardware,Low,48,6.41,51.02,True,Resolved,Systems Admin,I. Rossi,Branch - Singapore,Phone,3
INC100264,2025-03-30 14:21:49,2025-03-31 15:19:25,Software,Medium,24,0.8,24.96,True,Closed,Security Team,E. Zhou,Remote,Email,4
INC102952,2025-03-30 17:57:37,2025-03-30 18:42:01,Network,Critical,4,0.29,0.74,False,Resolved,Security Team,E. Zhou,HQ - Dubai,Email,3
INC100877,2025-03-30 18:03:36,2025-04-01 02:28:12,Application Support,Medium,24,5.71,32.41,True,Resolved,Security Team,E. Zhou,HQ - Dubai,Email,5
INC100933,2025-03-30 23:14:01,2025-03-31 08:17:01,Printer,High,8,1.24,9.05,True,Reopened,Security Team,C. Novak,Branch - London,Self-Service Portal,
INC100790,2025-03-31 00:01:24,2025-04-01 11:43:24,Printer,Low,48,23.91,35.7,False,Closed,App Support,F. Torres,HQ - Dubai,Email,5
INC101442,2025-03-31 04:18:12,2025-03-31 13:02:00,Software,Low,48,2.66,8.73,False,Closed,Security Team,F. Torres,HQ - Dubai,Chat,5
INC100668,2025-03-31 04:39:18,2025-04-06 08:12:18,Hardware,Low,48,21.77,147.55,True,Resolved,Desktop Support,B. Silva,Branch - Singapore,Chat,3
INC101473,2025-03-31 10:21:30,2025-03-31 18:17:18,Email,Medium,24,7.93,7.93,False,Closed,Network Ops,L. Fernandes,Branch - New York,Email,4
INC101858,2025-03-31 12:08:28,2025-04-01 23:28:52,Security Incident,Low,48,17.84,35.34,False,Resolved,Network Ops,E. Zhou,Branch - Singapore,Phone,3
INC100278,2025-03-31 12:21:42,,Application Support,Low,48,16.37,28.16,False,Reopened,App Support,A. Khan,HQ - Dubai,Email,
INC100422,2025-03-31 14:02:21,2025-03-31 23:50:57,Software,Low,48,9.81,9.81,False,Resolved,Service Desk L1,J. Kim,Branch - New York,Phone,5
INC101126,2025-03-31 18:46:42,2025-04-01 08:01:06,Email,Low,48,1.6,13.24,False,Reopened,App Support,F. Torres,Branch - Singapore,Phone,
INC102529,2025-04-01 00:45:48,2025-04-02 10:08:36,Printer,Medium,24,8.54,33.38,True,Resolved,Security Team,J. Kim,Branch - London,Self-Service Portal,4
INC101334,2025-04-01 05:38:44,2025-04-01 06:51:56,Network,Critical,4,1.22,1.22,False,Resolved,Service Desk L1,D. Ahmed,Remote,Walk-in,5
INC101384,2025-04-01 11:28:24,2025-04-02 13:06:48,Hardware,Medium,24,2.81,25.64,True,Resolved,App Support,C. Novak,Branch - New York,Phone,3
INC100857,2025-04-01 14:18:14,2025-04-03 08:16:26,Email,Low,48,9.73,41.97,False,Closed,Desktop Support,H. Osei,Remote,Phone,3
INC100940,2025-04-02 06:07:59,2025-04-02 08:24:47,Hardware,Critical,4,1.2,2.28,False,Resolved,Security Team,A. Khan,Branch - London,Self-Service Portal,3
INC100182,2025-04-02 07:02:19,2025-04-02 12:04:07,Email,High,8,2.11,5.03,False,Resolved,Network Ops,L. Fernandes,HQ - Dubai,Self-Service Portal,5
INC101135,2025-04-02 11:34:29,2025-04-03 09:07:29,Application Support,Medium,24,4.42,21.55,False,Resolved,Desktop Support,A. Khan,Remote,Self-Service Portal,5
INC101412,2025-04-02 11:57:57,,Security Incident,Low,48,18.96,53.21,True,Reopened,App Support,D. Ahmed,Remote,Walk-in,
INC102867,2025-04-02 13:08:19,2025-04-02 23:52:43,Email,Critical,4,1.17,10.74,True,Resolved,App Support,B. Silva,HQ - Dubai,Email,5
INC102539,2025-04-02 17:00:41,,Application Support,Medium,24,7.25,13.59,False,Reopened,Systems Admin,K. Meyer,Branch - Singapore,Self-Service Portal,
INC100582,2025-04-03 05:16:41,2025-04-04 05:52:05,Application Support,Medium,24,10.82,24.59,True,Reopened,Desktop Support,G. Petrov,Branch - New York,Walk-in,
INC100189,2025-04-03 06:16:19,2025-04-03 10:45:43,Printer,Medium,24,4.49,4.49,False,Resolved,App Support,F. Torres,Remote,Walk-in,5
INC102495,2025-04-03 07:06:51,2025-04-03 20:20:03,Hardware,Low,48,10.22,13.22,False,Resolved,Security Team,J. Kim,HQ - Dubai,Email,3
INC100394,2025-04-03 09:37:21,2025-04-03 12:25:21,Application Support,Critical,4,0.48,2.8,False,Resolved,Service Desk L1,G. Petrov,Branch - New York,Chat,5
INC102940,2025-04-03 09:43:43,2025-04-05 13:58:07,Network,Low,48,21.25,52.24,True,Closed,Service Desk L1,J. Kim,HQ - Dubai,Email,3
INC101688,2025-04-03 10:13:40,2025-04-03 14:40:04,Access Management,High,8,0.45,4.44,False,Closed,Desktop Support,A. Khan,HQ - Dubai,Phone,4
INC100157,2025-04-03 10:53:24,2025-04-03 17:51:36,Software,Medium,24,6.97,6.97,False,Closed,Security Team,H. Osei,Branch - New York,Self-Service Portal,4
INC101108,2025-04-03 14:38:02,,Hardware,High,8,2.69,2.69,False,Reopened,Security Team,H. Osei,Branch - London,Phone,
INC102949,2025-04-03 14:56:59,,Email,High,8,0.45,8.55,True,Reopened,Systems Admin,K. Meyer,HQ - Dubai,Email,
INC102391,2025-04-03 21:16:47,2025-04-05 18:15:35,Software,Low,48,7.98,44.98,False,Resolved,Systems Admin,F. Torres,Remote,Self-Service Portal,5
INC102413,2025-04-03 23:39:11,2025-04-05 05:03:47,Software,Low,48,8.1,29.41,False,Resolved,Systems Admin,L. Fernandes,HQ - Dubai,Self-Service Portal,3
INC101302,2025-04-04 01:36:19,2025-04-05 02:23:43,Access Management,Low,48,14.69,24.79,False,Resolved,Systems Admin,C. Novak,HQ - Dubai,Walk-in,5
INC101894,2025-04-04 03:20:52,2025-04-04 09:03:28,Access Management,Medium,24,1.46,5.71,False,Resolved,Systems Admin,J. Kim,Branch - New York,Phone,4
INC101356,2025-04-04 07:07:13,2025-04-04 09:19:49,Application Support,High,8,2.21,2.21,False,Resolved,Desktop Support,G. Petrov,HQ - Dubai,Phone,5
INC102239,2025-04-04 09:06:27,2025-04-06 13:58:03,Access Management,Medium,24,5.23,52.86,True,Reopened,Service Desk L1,F. Torres,HQ - Dubai,Phone,
INC101168,2025-04-04 13:18:43,2025-04-05 11:27:43,Application Support,Low,48,12.23,22.15,False,Resolved,Desktop Support,E. Zhou,Remote,Chat,3
INC102530,2025-04-04 17:58:52,,Application Support,High,8,2.19,3.87,False,Reopened,Desktop Support,A. Khan,HQ - Dubai,Phone,
INC102817,2025-04-04 18:11:46,2025-04-05 19:35:10,Software,Low,48,23.53,25.39,False,Closed,Desktop Support,A. Khan,HQ - Dubai,Chat,3
INC102524,2025-04-04 20:41:38,,Application Support,Low,48,2.92,28.26,False,Reopened,Service Desk L1,H. Osei,Remote,Email,
INC102060,2025-04-04 20:45:16,2025-04-05 05:30:16,Network,Medium,24,8.75,8.75,False,Closed,Service Desk L1,J. Kim,HQ - Dubai,Phone,4
INC101338,2025-04-04 21:21:14,2025-04-05 06:00:14,Hardware,Medium,24,6.58,8.65,False,Resolved,Security Team,J. Kim,HQ - Dubai,Email,3
INC102732,2025-04-05 00:02:37,2025-04-05 04:29:01,Printer,High,8,1.26,4.44,False,Closed,Desktop Support,F. Torres,Remote,Chat,4
INC102518,2025-04-05 01:32:05,2025-04-07 14:15:17,Hardware,Low,48,9.86,60.72,True,Resolved,App Support,F. Torres,HQ - Dubai,Phone,3
INC102126,2025-04-05 13:09:44,2025-04-05 21:22:56,Security Incident,Medium,24,5.77,8.22,False,Closed,Systems Admin,E. Zhou,Remote,Email,5
INC101989,2025-04-05 20:36:50,2025-04-06 08:20:38,Email,High,8,1.92,11.73,True,Resolved,Desktop Support,H. Osei,Branch - New York,Email,3
INC102138,2025-04-05 21:01:35,2025-04-06 19:43:35,Software,Low,48,15.98,22.7,False,Resolved,Network Ops,G. Petrov,HQ - Dubai,Phone,3
INC101477,2025-04-05 22:58:18,2025-04-06 07:36:42,Network,High,8,0.27,8.64,True,Closed,Systems Admin,C. Novak,Branch - Singapore,Email,3
INC100585,2025-04-06 02:35:16,2025-04-06 11:23:52,Software,Medium,24,3.47,8.81,False,Closed,App Support,B. Silva,Branch - London,Email,5
INC101115,2025-04-06 07:24:39,2025-04-06 08:04:51,Network,Critical,4,0.67,0.67,False,Closed,Network Ops,H. Osei,HQ - Dubai,Phone,3
INC101013,2025-04-06 11:02:32,2025-04-08 02:54:44,Printer,Low,48,6.22,39.87,False,Reopened,Security Team,A. Khan,HQ - Dubai,Email,
INC100709,2025-04-06 18:00:41,2025-04-07 13:55:17,Software,Low,48,19.91,19.91,False,Resolved,Network Ops,A. Khan,HQ - Dubai,Phone,4
INC102429,2025-04-06 21:22:40,2025-04-09 04:54:28,Application Support,Low,48,21.68,55.53,True,Resolved,App Support,E. Zhou,HQ - Dubai,Phone,3
INC101331,2025-04-06 23:18:43,2025-04-07 01:15:43,Hardware,Critical,4,1.61,1.95,False,Resolved,Security Team,C. Novak,HQ - Dubai,Email,4
INC100219,2025-04-07 03:21:01,2025-04-08 16:41:25,Hardware,Medium,24,4.37,37.34,True,Resolved,Network Ops,L. Fernandes,Remote,Phone,2
INC100839,2025-04-07 05:49:50,2025-04-08 08:17:26,Access Management,Medium,24,7.34,26.46,True,Resolved,Systems Admin,F. Torres,Branch - London,Self-Service Portal,4
INC100250,2025-04-07 08:08:55,2025-04-07 16:20:19,Network,High,8,3.89,8.19,True,Resolved,App Support,E. Zhou,HQ - Dubai,Email,5
INC102135,2025-04-07 12:02:15,2025-04-07 20:59:51,Software,Medium,24,1.64,8.96,False,Resolved,Network Ops,C. Novak,Branch - Singapore,Phone,4
INC101390,2025-04-07 15:47:25,2025-04-08 11:07:13,Access Management,Medium,24,11.48,19.33,False,Resolved,Service Desk L1,E. Zhou,HQ - Dubai,Phone,5
INC101475,2025-04-07 17:39:16,2025-04-08 20:52:28,Network,Medium,24,6.12,27.22,True,Resolved,Service Desk L1,E. Zhou,Remote,Self-Service Portal,4
INC102636,2025-04-07 18:42:15,2025-04-09 10:47:39,Application Support,Low,48,21.32,40.09,False,Closed,Network Ops,D. Ahmed,HQ - Dubai,Chat,4
INC101648,2025-04-07 21:04:22,2025-04-08 12:12:46,Printer,Low,48,14.4,15.14,False,Closed,App Support,D. Ahmed,HQ - Dubai,Chat,3
INC102941,2025-04-07 21:54:56,2025-04-08 08:35:44,Network,Medium,24,10.03,10.68,False,Resolved,App Support,J. Kim,HQ - Dubai,Chat,3
INC101258,2025-04-07 22:35:41,,Security Incident,Critical,4,0.29,0.29,False,Reopened,App Support,F. Torres,Branch - London,Email,
INC102820,2025-04-07 23:35:41,2025-04-08 04:44:41,Hardware,Medium,24,5.15,5.15,False,Resolved,Desktop Support,L. Fernandes,HQ - Dubai,Phone,5
INC101296,2025-04-08 01:29:40,2025-04-08 03:11:40,Security Incident,High,8,1.7,1.7,False,Resolved,Service Desk L1,C. Novak,Remote,Email,4
INC102432,2025-04-08 02:08:32,2025-04-08 21:22:56,Access Management,Medium,24,1.2,19.24,False,Resolved,App Support,B. Silva,Remote,Email,5
INC102423,2025-04-08 08:23:59,2025-04-11 19:43:47,Software,Low,48,6.73,83.33,True,Resolved,Security Team,A. Khan,Remote,Email,3
INC101231,2025-04-08 08:38:03,2025-04-08 15:53:03,Security Incident,Critical,4,0.65,7.25,True,Resolved,Service Desk L1,I. Rossi,Remote,Email,4
INC100852,2025-04-08 09:36:38,2025-04-09 18:52:50,Software,Low,48,5.06,33.27,False,Resolved,Network Ops,J. Kim,Remote,Phone,4
INC102734,2025-04-08 10:07:13,2025-04-08 18:44:25,Software,Medium,24,2.55,8.62,False,Resolved,App Support,E. Zhou,HQ - Dubai,Self-Service Portal,4
INC102462,2025-04-08 11:25:28,2025-04-09 17:12:16,Access Management,Medium,24,8.81,29.78,True,Resolved,Desktop Support,H. Osei,Remote,Email,4
INC102108,2025-04-08 11:48:29,2025-04-09 10:38:17,Email,Low,48,8.89,22.83,False,Reopened,Service Desk L1,J. Kim,HQ - Dubai,Phone,
INC102968,2025-04-08 15:48:32,2025-04-09 08:50:56,Software,Low,48,7.72,17.04,False,Resolved,Network Ops,K. Meyer,Branch - Singapore,Phone,5
INC102441,2025-04-08 16:17:49,2025-04-08 20:37:01,Network,Medium,24,2.92,4.32,False,Reopened,Systems Admin,K. Meyer,HQ - Dubai,Self-Service Portal,
INC100711,2025-04-08 20:29:21,2025-04-09 17:31:09,Hardware,Medium,24,5.49,21.03,False,Closed,Service Desk L1,D. Ahmed,Branch - Singapore,Self-Service Portal,5
INC101487,2025-04-08 23:18:05,2025-04-12 15:12:05,Software,Low,48,5.85,87.9,True,Reopened,Systems Admin,I. Rossi,HQ - Dubai,Email,
INC101230,2025-04-09 00:44:32,2025-04-09 18:21:44,Hardware,Medium,24,8.39,17.62,False,Resolved,Systems Admin,E. Zhou,HQ - Dubai,Email,4
INC101144,2025-04-09 03:41:13,2025-04-11 00:11:49,Email,Low,48,4.39,44.51,False,Resolved,Service Desk L1,L. Fernandes,HQ - Dubai,Phone,4
INC100980,2025-04-09 09:30:24,2025-04-10 12:04:36,Access Management,Medium,24,9.04,26.57,True,Resolved,Systems Admin,A. Khan,Remote,Self-Service Portal,3
INC100463,2025-04-09 10:11:42,2025-04-09 21:54:54,Hardware,High,8,2.63,11.72,True,Resolved,Security Team,A. Khan,Remote,Phone,5
INC100360,2025-04-09 10:53:24,2025-04-09 20:01:12,Security Incident,Low,48,9.13,9.13,False,Resolved,Security Team,E. Zhou,Remote,Chat,4
INC100181,2025-04-09 12:10:17,2025-04-11 09:43:53,Hardware,Low,48,12.21,45.56,False,Resolved,Desktop Support,F. Torres,Remote,Email,4
INC101460,2025-04-09 13:11:56,2025-04-11 11:55:44,Email,Medium,24,0.54,46.73,True,Resolved,App Support,L. Fernandes,Branch - Singapore,Email,4
INC100411,2025-04-09 13:49:59,2025-04-10 15:59:35,Application Support,Low,48,22.2,26.16,False,Closed,Systems Admin,A. Khan,HQ - Dubai,Email,4
INC102243,2025-04-09 16:39:31,2025-04-10 22:44:19,Software,Medium,24,5.78,30.08,True,Resolved,Security Team,C. Novak,Branch - New York,Email,4
INC102695,2025-04-09 18:51:18,2025-04-09 20:36:54,Hardware,Critical,4,1.7,1.76,False,Resolved,App Support,G. Petrov,Remote,Email,2
INC100346,2025-04-09 19:12:06,,Email,Medium,24,6.41,23.08,False,Reopened,Desktop Support,E. Zhou,Branch - London,Chat,
INC102911,2025-04-09 21:24:51,2025-04-10 00:15:51,Network,High,8,1.24,2.85,False,Resolved,Security Team,I. Rossi,Remote,Phone,5
INC102475,2025-04-09 21:58:30,2025-04-11 08:23:06,Hardware,Low,48,12.18,34.41,False,Resolved,App Support,E. Zhou,Remote,Email,3
INC102218,2025-04-09 23:27:26,2025-04-12 14:23:14,Access Management,Low,48,4.1,62.93,True,Closed,Security Team,H. Osei,Remote,Email,3
INC100092,2025-04-10 08:49:37,2025-04-10 09:59:13,Network,Critical,4,1.16,1.16,False,Closed,App Support,L. Fernandes,HQ - Dubai,Email,5
INC100576,2025-04-10 16:04:34,2025-04-11 03:51:58,Hardware,Low,48,11.79,11.79,False,Resolved,Security Team,H. Osei,Remote,Email,4
INC101610,2025-04-11 03:33:51,2025-04-12 04:12:15,Access Management,Medium,24,1.95,24.64,True,Closed,Systems Admin,D. Ahmed,Remote,Email,2
INC100281,2025-04-11 05:02:24,2025-04-11 19:09:00,Software,Medium,24,8.29,14.11,False,Resolved,App Support,I. Rossi,Branch - New York,Email,5
INC101939,2025-04-11 08:22:58,2025-04-12 00:49:58,Software,Low,48,16.45,16.45,False,Resolved,Network Ops,H. Osei,Remote,Phone,3
INC102295,2025-04-11 09:29:23,2025-04-11 10:56:23,Software,High,8,1.45,1.45,False,Resolved,Network Ops,H. Osei,HQ - Dubai,Self-Service Portal,4
INC102089,2025-04-11 10:15:24,2025-04-12 00:13:00,Email,High,8,1.35,13.96,True,Resolved,Security Team,G. Petrov,HQ - Dubai,Phone,4
INC100871,2025-04-11 14:54:30,2025-04-11 18:04:06,Printer,Medium,24,3.16,3.16,False,Resolved,Service Desk L1,D. Ahmed,HQ - Dubai,Email,5
INC101055,2025-04-11 17:53:54,2025-04-13 02:28:42,Application Support,Low,48,3.88,32.58,False,Resolved,Security Team,B. Silva,HQ - Dubai,Email,3
INC102745,2025-04-11 18:00:13,2025-04-12 15:56:37,Network,Low,48,0.63,21.94,False,Resolved,App Support,C. Novak,Branch - New York,Email,4
INC102645,2025-04-11 18:19:16,2025-04-12 17:27:40,Security Incident,Low,48,6.62,23.14,False,Resolved,Desktop Support,F. Torres,HQ - Dubai,Email,4
INC101671,2025-04-12 02:45:47,,Access Management,Medium,24,10.22,10.22,False,Reopened,Network Ops,I. Rossi,Branch - New York,Email,
INC102466,2025-04-12 07:22:47,2025-04-12 15:44:59,Access Management,Medium,24,8.37,8.37,False,Resolved,Service Desk L1,A. Khan,Branch - Singapore,Walk-in,4
INC101328,2025-04-12 11:25:00,2025-04-14 02:37:36,Security Incident,Medium,24,1.99,39.21,True,Reopened,Security Team,J. Kim,HQ - Dubai,Email,
INC101319,2025-04-12 13:22:13,2025-04-12 23:46:13,Hardware,Critical,4,1.82,10.4,True,Closed,App Support,E. Zhou,HQ - Dubai,Email,2
INC101706,2025-04-12 17:48:49,2025-04-13 08:33:49,Access Management,Medium,24,0.4,14.75,False,Resolved,Network Ops,E. Zhou,Branch - London,Email,4
INC101325,2025-04-12 18:08:09,2025-04-13 10:06:57,Printer,Medium,24,7.31,15.98,False,Resolved,App Support,J. Kim,Remote,Email,4
INC102840,2025-04-12 18:36:20,,Software,Medium,24,3.16,19.78,False,Reopened,Security Team,L. Fernandes,Branch - Singapore,Self-Service Portal,
INC102232,2025-04-13 03:07:11,2025-04-14 12:46:47,Hardware,Low,48,2.64,33.66,False,Resolved,Network Ops,D. Ahmed,HQ - Dubai,Email,2
INC100526,2025-04-13 06:53:10,2025-04-14 14:56:10,Security Incident,Low,48,17.79,32.05,False,Resolved,Desktop Support,F. Torres,Remote,Self-Service Portal,5
INC100551,2025-04-13 10:17:31,2025-04-13 17:03:43,Application Support,High,8,2.27,6.77,False,Resolved,Desktop Support,B. Silva,Remote,Email,5
INC101543,2025-04-13 12:14:44,2025-04-13 16:16:32,Access Management,Medium,24,4.03,4.03,False,Resolved,Desktop Support,I. Rossi,HQ - Dubai,Phone,5
INC102199,2025-04-13 12:51:00,2025-04-13 22:02:24,Application Support,Low,48,9.19,9.19,False,Resolved,Network Ops,C. Novak,HQ - Dubai,Walk-in,3
INC101673,2025-04-13 13:22:15,2025-04-15 01:36:39,Email,Low,48,5.16,36.24,False,Resolved,Systems Admin,D. Ahmed,Branch - Singapore,Self-Service Portal,3
INC102728,2025-04-13 20:09:26,2025-04-15 17:55:38,Application Support,Low,48,4.45,45.77,False,Resolved,Systems Admin,D. Ahmed,HQ - Dubai,Phone,4
INC101517,2025-04-13 20:42:04,2025-04-16 20:45:40,Access Management,Medium,24,10.64,72.06,True,Resolved,Desktop Support,L. Fernandes,HQ - Dubai,Phone,5
INC102957,2025-04-13 21:23:02,2025-04-17 15:13:26,Software,Low,48,3.84,89.84,True,Resolved,Security Team,D. Ahmed,HQ - Dubai,Chat,3
INC102963,2025-04-14 00:08:11,2025-04-14 03:54:59,Security Incident,Medium,24,3.78,3.78,False,Resolved,Systems Admin,F. Torres,Branch - Singapore,Chat,5
INC102776,2025-04-14 02:33:05,2025-04-15 10:06:05,Hardware,Low,48,9.31,31.55,False,Closed,Service Desk L1,C. Novak,HQ - Dubai,Walk-in,3
INC101375,2025-04-14 03:14:12,2025-04-14 15:29:48,Network,Low,48,2.45,12.26,False,Resolved,App Support,H. Osei,Remote,Walk-in,4
INC101289,2025-04-14 04:02:22,2025-04-14 11:05:58,Hardware,High,8,1.36,7.06,False,Reopened,Systems Admin,F. Torres,Branch - London,Self-Service Portal,
INC101495,2025-04-14 08:37:44,2025-04-15 10:44:56,Network,Low,48,17.12,26.12,False,Resolved,Network Ops,J. Kim,Branch - New York,Walk-in,4
INC101020,2025-04-14 09:54:05,2025-04-15 20:52:53,Application Support,Medium,24,3.88,34.98,True,Resolved,Security Team,E. Zhou,HQ - Dubai,Self-Service Portal,3
INC102855,2025-04-14 10:38:12,2025-04-15 12:07:36,Software,Low,48,6.22,25.49,False,Closed,Desktop Support,J. Kim,Branch - Singapore,Self-Service Portal,5
INC101795,2025-04-14 17:07:00,2025-04-15 22:59:48,Email,Low,48,21.21,29.88,False,Reopened,Network Ops,K. Meyer,HQ - Dubai,Self-Service Portal,
INC102427,2025-04-14 17:27:29,2025-04-16 19:23:53,Hardware,Low,48,20.21,49.94,True,Resolved,Systems Admin,C. Novak,HQ - Dubai,Chat,2
INC101621,2025-04-14 21:36:13,2025-04-15 03:59:01,Network,Critical,4,0.79,6.38,True,Resolved,Systems Admin,F. Torres,Remote,Phone,3
INC102505,2025-04-14 23:20:12,2025-04-16 04:38:48,Security Incident,Medium,24,11.59,29.31,True,Resolved,App Support,E. Zhou,Branch - London,Chat,3
INC102227,2025-04-15 00:58:58,2025-04-15 04:50:34,Application Support,High,8,2.52,3.86,False,Resolved,App Support,I. Rossi,HQ - Dubai,Phone,5
INC101682,2025-04-15 03:15:54,2025-04-15 09:41:06,Network,Critical,4,0.19,6.42,True,Resolved,App Support,H. Osei,HQ - Dubai,Email,4
INC102385,2025-04-15 03:36:44,2025-04-15 15:15:44,Software,Medium,24,8.38,11.65,False,Resolved,Desktop Support,E. Zhou,Branch - New York,Chat,4
INC101875,2025-04-15 05:17:24,2025-04-18 12:28:48,Network,Low,48,1.46,79.19,True,Resolved,App Support,F. Torres,Branch - London,Phone,3
INC102547,2025-04-15 08:04:13,2025-04-15 10:10:13,Hardware,High,8,2.1,2.1,False,Resolved,Service Desk L1,K. Meyer,Branch - New York,Walk-in,5
INC101194,2025-04-15 09:14:33,2025-04-17 03:27:09,Hardware,Low,48,16.08,42.21,False,Resolved,Systems Admin,I. Rossi,HQ - Dubai,Email,5
INC102426,2025-04-15 13:53:36,2025-04-15 18:05:36,Hardware,High,8,0.61,4.2,False,Resolved,Systems Admin,K. Meyer,HQ - Dubai,Email,4
INC101925,2025-04-15 18:39:48,,Printer,Low,48,19.24,80.69,True,Reopened,App Support,B. Silva,HQ - Dubai,Self-Service Portal,
INC101265,2025-04-15 19:50:14,2025-04-15 21:57:26,Software,Critical,4,1.03,2.12,False,Resolved,Service Desk L1,I. Rossi,HQ - Dubai,Phone,4
INC101845,2025-04-15 22:53:46,,Application Support,Critical,4,1.44,5.68,True,Reopened,Security Team,B. Silva,Remote,Self-Service Portal,
INC100477,2025-04-16 01:49:12,2025-04-16 19:56:24,Printer,Low,48,18.12,18.12,False,Resolved,Systems Admin,A. Khan,HQ - Dubai,Phone,4
INC101961,2025-04-16 03:36:06,2025-04-16 06:43:18,Software,Low,48,3.12,3.12,False,Resolved,Service Desk L1,B. Silva,Remote,Phone,5
INC102554,2025-04-16 10:18:16,2025-04-16 12:59:04,Application Support,High,8,2.32,2.68,False,Resolved,Service Desk L1,I. Rossi,HQ - Dubai,Phone,4
INC102446,2025-04-16 10:26:49,2025-04-16 16:23:13,Printer,High,8,1.5,5.94,False,Reopened,Systems Admin,K. Meyer,HQ - Dubai,Email,
INC100332,2025-04-16 16:49:42,2025-04-17 21:52:06,Network,Low,48,5.29,29.04,False,Reopened,Systems Admin,C. Novak,HQ - Dubai,Email,
INC100856,2025-04-16 18:14:42,2025-04-16 23:49:30,Access Management,High,8,3.13,5.58,False,Resolved,Service Desk L1,F. Torres,Remote,Email,4
INC102252,2025-04-17 00:50:08,2025-04-21 19:09:56,Email,Low,48,5.31,114.33,True,Resolved,Systems Admin,J. Kim,Branch - New York,Email,3
INC102389,2025-04-17 02:25:21,2025-04-17 05:55:57,Software,High,8,2.93,3.51,False,Resolved,Desktop Support,I. Rossi,HQ - Dubai,Self-Service Portal,4
INC101760,2025-04-17 02:55:24,2025-04-19 11:21:48,Printer,Low,48,12.86,56.44,True,Resolved,Systems Admin,L. Fernandes,Remote,Self-Service Portal,3
INC100939,2025-04-17 05:57:55,2025-04-17 18:57:55,Hardware,Medium,24,3.68,13.0,False,Resolved,Network Ops,H. Osei,Branch - London,Chat,4
INC100023,2025-04-17 06:05:51,2025-04-17 21:09:27,Hardware,Medium,24,5.15,15.06,False,Resolved,Systems Admin,F. Torres,Branch - London,Self-Service Portal,4
INC100509,2025-04-17 07:34:47,2025-04-17 13:37:11,Access Management,Low,48,6.04,6.04,False,Resolved,Service Desk L1,J. Kim,Branch - Singapore,Phone,5
INC101244,2025-04-17 09:25:00,2025-04-17 11:28:00,Access Management,High,8,0.96,2.05,False,Resolved,Security Team,K. Meyer,Branch - Singapore,Email,5
INC101176,2025-04-17 12:35:39,2025-04-18 01:20:03,Application Support,Low,48,7.94,12.74,False,Resolved,Security Team,B. Silva,Remote,Self-Service Portal,4
INC100733,2025-04-17 17:45:35,2025-04-18 00:43:47,Application Support,Medium,24,4.36,6.97,False,Resolved,Desktop Support,H. Osei,Branch - London,Self-Service Portal,5
INC100905,2025-04-18 00:32:46,2025-04-20 20:18:58,Application Support,Low,48,21.31,67.77,True,Closed,Systems Admin,G. Petrov,HQ - Dubai,Chat,4
INC101308,2025-04-18 02:25:17,2025-04-18 23:02:29,Access Management,Medium,24,8.23,20.62,False,Resolved,Network Ops,L. Fernandes,Remote,Email,3
INC102179,2025-04-18 07:44:24,,Hardware,High,8,1.18,1.18,False,Reopened,Desktop Support,A. Khan,Remote,Phone,
INC101549,2025-04-18 07:49:45,2025-04-18 11:52:45,Software,Critical,4,1.15,4.05,True,Resolved,Systems Admin,K. Meyer,Branch - London,Chat,5
INC101681,2025-04-18 12:08:13,2025-04-19 01:50:13,Printer,High,8,1.33,13.7,True,Reopened,Service Desk L1,K. Meyer,Branch - London,Email,
INC101241,2025-04-18 15:43:54,2025-04-20 11:25:18,Hardware,Low,48,8.58,43.69,False,Resolved,App Support,D. Ahmed,Remote,Walk-in,5
INC100031,2025-04-18 16:54:08,2025-04-19 20:55:20,Application Support,Low,48,16.62,28.02,False,Resolved,App Support,B. Silva,HQ - Dubai,Email,4
INC101172,2025-04-18 17:02:47,2025-04-19 09:20:47,Network,Low,48,3.43,16.3,False,Resolved,Systems Admin,E. Zhou,HQ - Dubai,Chat,4
INC102327,2025-04-18 17:34:52,2025-04-18 21:40:52,Network,High,8,0.75,4.1,False,Resolved,Desktop Support,C. Novak,HQ - Dubai,Chat,4
INC101799,2025-04-18 20:16:16,2025-04-18 22:34:16,Software,High,8,2.3,2.3,False,Resolved,Security Team,B. Silva,Branch - London,Email,3
INC102470,2025-04-19 00:09:55,2025-04-21 08:29:43,Printer,Medium,24,6.23,56.33,True,Resolved,App Support,G. Petrov,Remote,Chat,3
INC102727,2025-04-19 06:12:06,2025-04-19 08:32:30,Network,High,8,2.34,2.34,False,Resolved,Service Desk L1,B. Silva,Branch - London,Self-Service Portal,5
INC102544,2025-04-19 14:47:31,2025-04-20 07:44:31,Email,Low,48,14.96,16.95,False,Resolved,Network Ops,A. Khan,HQ - Dubai,Self-Service Portal,3
INC101953,2025-04-19 15:49:22,2025-04-20 08:50:34,Software,Medium,24,10.94,17.02,False,Resolved,Desktop Support,E. Zhou,Branch - New York,Email,4
INC101832,2025-04-19 19:18:45,2025-04-21 03:13:57,Access Management,Low,48,22.96,31.92,False,Resolved,Systems Admin,F. Torres,Remote,Self-Service Portal,5
INC100413,2025-04-19 20:40:34,2025-04-22 13:39:58,Network,Low,48,16.01,64.99,True,Resolved,Systems Admin,B. Silva,Branch - London,Email,2
INC101113,2025-04-19 23:51:03,,Network,High,8,0.7,1.61,False,Reopened,Security Team,D. Ahmed,Branch - New York,Self-Service Portal,
INC101600,2025-04-20 02:45:04,2025-04-20 03:16:52,Printer,Critical,4,0.53,0.53,False,Reopened,Desktop Support,K. Meyer,Remote,Phone,
INC101382,2025-04-20 09:20:44,2025-04-20 14:38:08,Hardware,Critical,4,0.77,5.29,True,Resolved,Service Desk L1,B. Silva,Branch - Singapore,Email,5
INC101479,2025-04-20 09:22:17,2025-04-20 10:53:29,Access Management,High,8,1.52,1.52,False,Resolved,App Support,G. Petrov,Remote,Email,5
INC102169,2025-04-20 10:53:27,,Access Management,Medium,24,10.54,16.47,False,Reopened,Network Ops,B. Silva,HQ - Dubai,Email,
INC102131,2025-04-20 12:32:23,2025-04-20 17:49:47,Application Support,Low,48,5.29,5.29,False,Closed,App Support,I. Rossi,Branch - New York,Email,4
INC102230,2025-04-20 13:34:01,2025-04-20 17:21:25,Hardware,High,8,1.09,3.79,False,Resolved,Desktop Support,C. Novak,HQ - Dubai,Phone,5
INC102833,2025-04-20 14:08:52,2025-04-21 05:53:16,Access Management,Medium,24,7.08,15.74,False,Resolved,Desktop Support,G. Petrov,Remote,Walk-in,4
INC101425,2025-04-20 21:56:03,2025-04-21 05:54:51,Access Management,Medium,24,3.67,7.98,False,Closed,App Support,G. Petrov,HQ - Dubai,Walk-in,4
INC101808,2025-04-21 09:35:55,2025-04-21 22:34:43,Application Support,Medium,24,10.1,12.98,False,Resolved,Desktop Support,K. Meyer,HQ - Dubai,Phone,4
INC101245,2025-04-21 12:42:45,2025-04-21 23:11:33,Access Management,High,8,1.9,10.48,True,Resolved,Security Team,B. Silva,Remote,Chat,3
INC100956,2025-04-21 14:13:16,2025-04-21 20:23:28,Hardware,Medium,24,6.17,6.17,False,Resolved,Security Team,K. Meyer,HQ - Dubai,Chat,4
INC100641,2025-04-21 15:05:56,2025-04-22 00:28:44,Application Support,Medium,24,0.7,9.38,False,Resolved,Security Team,F. Torres,HQ - Dubai,Email,4
INC100799,2025-04-21 23:50:01,2025-04-25 00:18:13,Software,Low,48,13.52,72.47,True,Resolved,Systems Admin,H. Osei,HQ - Dubai,Email,2
INC102461,2025-04-22 01:04:31,,Hardware,Low,48,14.34,19.32,False,Reopened,Security Team,I. Rossi,Branch - London,Self-Service Portal,
INC100200,2025-04-22 03:14:43,2025-04-22 07:14:43,Network,High,8,1.01,4.0,False,Resolved,App Support,L. Fernandes,Branch - Singapore,Email,4
INC102351,2025-04-22 04:42:46,2025-04-24 09:45:10,Software,Low,48,3.24,53.04,True,Resolved,Security Team,E. Zhou,Remote,Chat,4
INC100495,2025-04-22 06:21:13,2025-04-22 17:23:37,Network,Critical,4,0.46,11.04,True,Closed,Desktop Support,D. Ahmed,Branch - Singapore,Email,4
INC101634,2025-04-22 09:10:24,2025-04-22 16:53:36,Hardware,Critical,4,1.32,7.72,True,Resolved,App Support,B. Silva,HQ - Dubai,Self-Service Portal,5
INC100012,2025-04-22 10:35:19,2025-04-23 14:19:43,Network,Low,48,20.46,27.74,False,Closed,Systems Admin,I. Rossi,Branch - London,Chat,4
INC102026,2025-04-22 19:04:32,2025-04-23 06:34:32,Software,Low,48,11.5,11.5,False,Closed,App Support,E. Zhou,HQ - Dubai,Chat,3
INC101759,2025-04-22 23:33:13,2025-04-23 22:15:49,Application Support,Low,48,16.98,22.71,False,Resolved,Security Team,D. Ahmed,Remote,Self-Service Portal,5
INC102684,2025-04-23 02:28:04,2025-04-24 09:28:04,Application Support,Medium,24,10.52,31.0,True,Resolved,Desktop Support,D. Ahmed,Branch - Singapore,Chat,2
INC101515,2025-04-23 03:07:33,2025-04-23 09:55:33,Application Support,Low,48,6.8,6.8,False,Resolved,Desktop Support,I. Rossi,Remote,Walk-in,5
INC100030,2025-04-23 05:19:39,2025-04-23 09:43:03,Hardware,High,8,1.6,4.39,False,Resolved,Security Team,B. Silva,Remote,Self-Service Portal,5
INC100698,2025-04-23 07:11:41,2025-04-23 16:00:17,Network,Medium,24,1.03,8.81,False,Resolved,Network Ops,K. Meyer,HQ - Dubai,Email,4
INC102651,2025-04-23 08:59:35,2025-04-23 14:39:11,Software,Medium,24,1.35,5.66,False,Resolved,Systems Admin,D. Ahmed,Remote,Phone,4
INC102647,2025-04-23 10:34:51,2025-04-23 23:11:27,Application Support,Critical,4,1.61,12.61,True,Reopened,Network Ops,J. Kim,Branch - London,Chat,
INC102563,2025-04-23 13:29:05,2025-04-24 13:20:41,Hardware,Medium,24,4.62,23.86,False,Closed,App Support,F. Torres,Branch - New York,Email,5
INC100831,2025-04-23 13:44:50,2025-04-24 11:37:02,Access Management,High,8,1.15,21.87,True,Reopened,Systems Admin,B. Silva,Remote,Email,
INC102420,2025-04-23 16:06:56,2025-04-23 19:57:56,Security Incident,Medium,24,3.85,3.85,False,Resolved,Systems Admin,G. Petrov,HQ - Dubai,Self-Service Portal,4
INC101350,2025-04-23 18:10:57,2025-04-24 21:18:09,Email,Medium,24,7.11,27.12,True,Reopened,Systems Admin,G. Petrov,Branch - London,Chat,
INC102872,2025-04-23 19:09:01,2025-04-24 21:46:13,Printer,Medium,24,10.77,26.62,True,Resolved,Service Desk L1,L. Fernandes,Branch - New York,Self-Service Portal,2
INC100399,2025-04-23 20:10:36,2025-04-24 06:21:24,Software,Low,48,5.83,10.18,False,Resolved,Security Team,B. Silva,HQ - Dubai,Email,5
INC101765,2025-04-23 21:51:01,2025-04-23 22:37:49,Network,High,8,0.78,0.78,False,Resolved,Security Team,K. Meyer,Branch - London,Self-Service Portal,4
INC100027,2025-04-24 05:57:13,2025-04-24 06:30:49,Network,High,8,0.56,0.56,False,Reopened,Desktop Support,H. Osei,Remote,Email,
INC100309,2025-04-24 08:11:52,2025-04-24 16:12:28,Security Incident,Low,48,8.01,8.01,False,Resolved,Security Team,K. Meyer,Remote,Chat,4
INC100652,2025-04-24 09:30:44,2025-04-27 09:06:08,Access Management,Medium,24,7.99,71.59,True,Closed,Security Team,G. Petrov,Branch - Singapore,Email,4
INC102317,2025-04-24 10:01:54,2025-04-24 16:43:54,Application Support,High,8,2.82,6.7,False,Resolved,Network Ops,B. Silva,Branch - New York,Phone,4
INC101438,2025-04-24 11:03:25,2025-04-24 16:22:01,Printer,Critical,4,1.49,5.31,True,Closed,Systems Admin,H. Osei,Branch - London,Walk-in,4
INC101202,2025-04-24 13:06:44,,Application Support,High,8,4.0,4.46,False,Reopened,Security Team,G. Petrov,HQ - Dubai,Self-Service Portal,
INC100885,2025-04-24 14:09:09,2025-04-24 14:39:45,Access Management,High,8,0.51,0.51,False,Resolved,App Support,C. Novak,Remote,Chat,4
INC100470,2025-04-24 14:23:16,2025-04-26 08:52:04,Software,Low,48,6.65,42.48,False,Reopened,Service Desk L1,A. Khan,Branch - Singapore,Email,
INC101158,2025-04-24 15:15:59,2025-04-24 21:24:59,Software,High,8,1.16,6.15,False,Resolved,Desktop Support,A. Khan,HQ - Dubai,Self-Service Portal,4
INC102411,2025-04-24 17:12:24,2025-04-27 02:28:00,Access Management,Medium,24,10.15,57.26,True,Resolved,Desktop Support,G. Petrov,Remote,Email,2
INC100547,2025-04-24 17:45:41,2025-04-24 23:28:17,Software,High,8,0.13,5.71,False,Resolved,Systems Admin,G. Petrov,HQ - Dubai,Phone,4
INC101456,2025-04-24 18:06:06,2025-04-25 22:51:06,Hardware,Low,48,20.12,28.75,False,Resolved,Desktop Support,H. Osei,HQ - Dubai,Email,4
INC102559,2025-04-25 00:46:55,2025-04-26 03:44:31,Hardware,Low,48,10.19,26.96,False,Resolved,Service Desk L1,G. Petrov,Remote,Email,5
INC102305,2025-04-25 07:00:13,2025-04-25 11:20:37,Hardware,High,8,1.68,4.34,False,Closed,Service Desk L1,A. Khan,HQ - Dubai,Phone,3
INC101704,2025-04-25 08:41:00,2025-04-25 10:19:24,Application Support,Medium,24,1.64,1.64,False,Resolved,Desktop Support,C. Novak,Branch - Singapore,Self-Service Portal,5
INC102948,2025-04-25 10:10:26,,Printer,High,8,2.54,4.13,False,Reopened,Network Ops,D. Ahmed,Branch - London,Self-Service Portal,
INC102821,2025-04-25 11:23:53,2025-04-27 13:04:05,Software,Low,48,7.53,49.67,True,Resolved,Network Ops,D. Ahmed,Branch - New York,Self-Service Portal,3
INC100168,2025-04-25 16:41:49,2025-04-26 04:13:37,Access Management,Low,48,11.53,11.53,False,Reopened,App Support,K. Meyer,Branch - London,Phone,
INC101931,2025-04-25 17:50:41,2025-04-27 05:56:05,Hardware,Medium,24,11.5,36.09,True,Reopened,App Support,I. Rossi,HQ - Dubai,Email,
INC101807,2025-04-25 18:35:45,2025-04-25 21:09:21,Email,Medium,24,2.56,2.56,False,Resolved,App Support,E. Zhou,Branch - New York,Chat,4
INC100838,2025-04-25 20:09:52,2025-04-26 10:33:16,Application Support,Medium,24,6.11,14.39,False,Resolved,App Support,I. Rossi,Remote,Chat,5
INC102245,2025-04-26 02:00:31,2025-04-27 03:17:55,Email,Medium,24,6.72,25.29,True,Closed,Security Team,K. Meyer,HQ - Dubai,Email,1
INC101739,2025-04-26 02:26:30,2025-04-26 14:40:18,Network,Medium,24,4.1,12.23,False,Resolved,Desktop Support,H. Osei,HQ - Dubai,Self-Service Portal,3
INC102663,2025-04-26 05:27:41,2025-04-29 23:22:17,Access Management,Low,48,21.75,89.91,True,Resolved,Desktop Support,J. Kim,Branch - New York,Phone,3
INC102536,2025-04-26 05:52:48,2025-04-28 22:31:12,Software,Low,48,18.7,64.64,True,Resolved,App Support,E. Zhou,Branch - London,Phone,4
INC102709,2025-04-26 07:37:21,2025-04-26 18:39:09,Software,Low,48,11.03,11.03,False,Closed,Network Ops,B. Silva,Branch - Singapore,Email,5
INC102473,2025-04-26 13:58:18,2025-04-27 04:55:18,Hardware,Low,48,14.95,14.95,False,Resolved,Systems Admin,L. Fernandes,Branch - New York,Phone,4
INC101629,2025-04-26 14:30:09,2025-04-27 19:55:21,Access Management,Medium,24,6.98,29.42,True,Reopened,Desktop Support,H. Osei,Branch - Singapore,Phone,
INC101914,2025-04-26 15:19:43,2025-04-27 08:44:19,Access Management,Medium,24,3.97,17.41,False,Resolved,Network Ops,D. Ahmed,HQ - Dubai,Phone,5
INC101313,2025-04-26 16:02:06,2025-04-26 21:14:06,Printer,Medium,24,5.2,5.2,False,Closed,Security Team,C. Novak,HQ - Dubai,Self-Service Portal,5
INC101080,2025-04-26 19:02:40,2025-04-27 21:10:28,Network,Low,48,16.2,26.13,False,Resolved,Systems Admin,J. Kim,Branch - London,Chat,4
INC100425,2025-04-26 20:13:25,2025-04-27 17:27:49,Software,High,8,2.82,21.24,True,Closed,Desktop Support,G. Petrov,HQ - Dubai,Phone,2
INC101413,2025-04-26 22:19:49,2025-04-27 15:34:13,Application Support,Medium,24,8.81,17.24,False,Reopened,Desktop Support,I. Rossi,Branch - London,Phone,
INC100343,2025-04-27 06:57:33,2025-04-27 14:52:45,Access Management,High,8,1.65,7.92,False,Resolved,Desktop Support,E. Zhou,Remote,Self-Service Portal,3
INC101867,2025-04-27 06:59:55,2025-04-27 08:22:07,Hardware,Critical,4,1.24,1.37,False,Resolved,Security Team,I. Rossi,Branch - London,Walk-in,5
INC102236,2025-04-27 08:27:09,2025-04-27 10:22:21,Access Management,Critical,4,0.24,1.92,False,Reopened,Network Ops,D. Ahmed,Branch - London,Phone,
INC101617,2025-04-27 09:04:39,,Software,Medium,24,4.77,4.77,False,Reopened,Security Team,I. Rossi,HQ - Dubai,Email,
INC100614,2025-04-27 14:35:01,2025-04-30 05:37:25,Hardware,Medium,24,11.98,63.04,True,Resolved,Desktop Support,K. Meyer,Branch - London,Walk-in,3
INC100853,2025-04-27 16:05:46,2025-04-28 03:10:34,Security Incident,Medium,24,5.51,11.08,False,Resolved,Service Desk L1,L. Fernandes,HQ - Dubai,Phone,4
INC100601,2025-04-27 21:39:09,2025-04-27 23:22:57,Software,Critical,4,0.07,1.73,False,Resolved,Network Ops,H. Osei,Remote,Email,5
INC102842,2025-04-27 22:41:47,2025-04-28 02:39:23,Network,High,8,2.47,3.96,False,Closed,Systems Admin,G. Petrov,Remote,Walk-in,5
INC101110,2025-04-28 01:42:39,2025-04-28 10:34:51,Access Management,High,8,1.48,8.87,True,Resolved,Systems Admin,D. Ahmed,Branch - New York,Self-Service Portal,5
INC102187,2025-04-28 01:44:38,2025-04-30 15:47:38,Network,Low,48,3.99,62.05,True,Resolved,Security Team,B. Silva,Remote,Chat,4
INC100449,2025-04-28 11:10:35,2025-05-01 02:31:35,Access Management,Low,48,20.43,63.35,True,Resolved,Desktop Support,F. Torres,Remote,Phone,2
INC100984,2025-04-28 12:53:44,2025-04-30 07:31:32,Hardware,Low,48,17.07,42.63,False,Resolved,App Support,C. Novak,Branch - London,Phone,5
INC100811,2025-04-28 15:33:31,2025-04-30 00:59:19,Hardware,Medium,24,2.23,33.43,True,Resolved,Systems Admin,L. Fernandes,Remote,Phone,4
INC100427,2025-04-28 16:07:14,2025-04-28 18:58:14,Access Management,Critical,4,1.23,2.85,False,Closed,Systems Admin,H. Osei,Remote,Self-Service Portal,3
INC102422,2025-04-28 16:13:27,2025-04-29 06:39:51,Application Support,Low,48,3.35,14.44,False,Resolved,Service Desk L1,K. Meyer,HQ - Dubai,Email,5
INC101649,2025-04-28 18:15:18,2025-04-29 00:20:42,Application Support,Low,48,6.09,6.09,False,Resolved,Systems Admin,B. Silva,Remote,Email,4
INC101383,2025-04-28 18:32:09,2025-04-29 15:06:21,Printer,Low,48,19.55,20.57,False,Reopened,Systems Admin,C. Novak,Remote,Self-Service Portal,
INC100494,2025-04-28 23:10:57,2025-04-29 16:40:57,Network,Medium,24,10.09,17.5,False,Resolved,App Support,H. Osei,Branch - Singapore,Phone,3
INC100892,2025-04-29 00:09:18,2025-04-29 04:52:30,Access Management,High,8,3.18,4.72,False,Resolved,Network Ops,I. Rossi,HQ - Dubai,Email,4
INC100791,2025-04-29 00:54:59,2025-05-01 01:44:11,Hardware,Low,48,14.49,48.82,True,Closed,Service Desk L1,H. Osei,HQ - Dubai,Phone,3
INC100342,2025-04-29 13:58:54,2025-05-02 04:16:54,Access Management,Low,48,23.77,62.3,True,Resolved,Network Ops,A. Khan,Remote,Chat,2
INC100989,2025-04-29 20:49:16,2025-05-01 02:41:28,Email,Low,48,4.42,29.87,False,Resolved,App Support,J. Kim,Branch - London,Walk-in,5
INC100259,2025-04-29 22:03:41,2025-05-01 03:56:29,Software,Medium,24,1.63,29.88,True,Resolved,Desktop Support,E. Zhou,HQ - Dubai,Chat,3
INC101454,2025-04-30 01:47:31,2025-04-30 21:55:55,Software,Medium,24,11.51,20.14,False,Closed,Network Ops,D. Ahmed,HQ - Dubai,Chat,4
INC100621,2025-04-30 03:04:18,2025-04-30 11:22:18,Email,Medium,24,8.3,8.3,False,Resolved,Desktop Support,B. Silva,Remote,Email,5
INC102852,2025-04-30 05:45:30,2025-04-30 10:39:30,Printer,High,8,1.19,4.9,False,Resolved,Network Ops,B. Silva,Branch - Singapore,Phone,3
INC102664,2025-04-30 06:32:33,2025-04-30 08:50:33,Hardware,Critical,4,0.46,2.3,False,Resolved,Security Team,C. Novak,Branch - London,Walk-in,4
INC101073,2025-04-30 10:54:15,2025-05-02 01:38:39,Network,Low,48,8.24,38.74,False,Resolved,Network Ops,A. Khan,Remote,Self-Service Portal,5
INC101431,2025-04-30 11:02:16,2025-04-30 12:53:52,Hardware,High,8,1.86,1.86,False,Resolved,Security Team,G. Petrov,Branch - London,Email,5
INC100166,2025-04-30 15:21:08,2025-05-02 15:36:44,Software,Low,48,14.37,48.26,True,Closed,Systems Admin,D. Ahmed,Branch - Singapore,Phone,3
INC102722,2025-04-30 18:26:54,2025-05-01 14:05:54,Software,Medium,24,0.76,19.65,False,Closed,Security Team,B. Silva,Branch - London,Phone,4
INC101636,2025-04-30 19:59:24,2025-05-01 02:33:36,Access Management,Medium,24,5.27,6.57,False,Resolved,Service Desk L1,K. Meyer,Remote,Self-Service Portal,4
INC101186,2025-04-30 21:43:34,2025-04-30 23:14:10,Access Management,High,8,1.51,1.51,False,Resolved,Security Team,H. Osei,Remote,Self-Service Portal,3
INC101483,2025-04-30 23:54:47,2025-05-01 14:21:11,Software,Medium,24,0.34,14.44,False,Closed,Security Team,E. Zhou,Branch - Singapore,Self-Service Portal,5
INC101336,2025-05-01 01:38:24,2025-05-01 11:22:12,Printer,Medium,24,4.62,9.73,False,Resolved,Network Ops,C. Novak,Branch - New York,Self-Service Portal,5
INC100742,2025-05-01 05:59:59,2025-05-02 00:49:47,Email,High,8,2.62,18.83,True,Reopened,Security Team,C. Novak,Branch - Singapore,Self-Service Portal,
INC101741,2025-05-01 06:44:47,2025-05-02 00:13:35,Software,Medium,24,7.66,17.48,False,Reopened,Desktop Support,C. Novak,Branch - London,Phone,
INC102090,2025-05-01 08:12:42,2025-05-02 11:43:18,Software,Low,48,6.09,27.51,False,Closed,Service Desk L1,F. Torres,HQ - Dubai,Chat,4
INC100326,2025-05-01 14:59:18,2025-05-04 10:47:54,Email,Low,48,11.3,67.81,True,Resolved,Systems Admin,D. Ahmed,Branch - London,Email,3
INC102770,2025-05-01 16:25:48,2025-05-02 18:33:00,Software,Medium,24,2.53,26.12,True,Closed,App Support,G. Petrov,HQ - Dubai,Phone,4
INC102506,2025-05-01 19:35:35,2025-05-02 09:45:11,Security Incident,Low,48,10.09,14.16,False,Resolved,Desktop Support,E. Zhou,Remote,Phone,5
INC101500,2025-05-01 20:02:19,2025-05-02 09:24:31,Printer,High,8,2.26,13.37,True,Closed,App Support,I. Rossi,Remote,Self-Service Portal,1
INC101184,2025-05-02 03:23:35,2025-05-02 13:03:47,Access Management,Medium,24,5.36,9.67,False,Resolved,App Support,I. Rossi,Remote,Phone,5
INC101716,2025-05-02 05:24:27,2025-05-04 00:44:15,Network,Medium,24,9.79,43.33,True,Resolved,Security Team,L. Fernandes,Remote,Email,3
INC102099,2025-05-02 10:54:26,2025-05-03 05:07:38,Hardware,Medium,24,8.05,18.22,False,Resolved,Systems Admin,J. Kim,HQ - Dubai,Chat,4
INC100662,2025-05-02 11:21:40,2025-05-02 12:19:16,Application Support,Critical,4,0.96,0.96,False,Reopened,Network Ops,D. Ahmed,Branch - London,Phone,
INC100136,2025-05-02 12:35:46,2025-05-02 14:51:22,Software,High,8,2.26,2.26,False,Resolved,Service Desk L1,K. Meyer,HQ - Dubai,Self-Service Portal,5
INC100218,2025-05-02 15:54:59,,Security Incident,Medium,24,3.64,17.51,False,Reopened,Systems Admin,F. Torres,Remote,Email,
INC101225,2025-05-02 15:57:09,2025-05-02 18:37:57,Security Incident,High,8,1.01,2.68,False,Resolved,Systems Admin,G. Petrov,Remote,Self-Service Portal,4
INC101913,2025-05-02 19:10:01,2025-05-03 15:29:13,Access Management,Low,48,20.17,20.32,False,Reopened,Security Team,F. Torres,Remote,Phone,
INC100403,2025-05-02 19:23:47,2025-05-06 09:11:47,Network,Low,48,23.04,85.8,True,Resolved,App Support,F. Torres,Remote,Self-Service Portal,5
INC100821,2025-05-02 19:34:01,2025-05-03 18:07:01,Application Support,Low,48,10.97,22.55,False,Resolved,Network Ops,G. Petrov,Remote,Phone,5
INC100014,2025-05-02 20:07:30,2025-05-03 06:58:30,Email,Low,48,10.31,10.85,False,Resolved,Network Ops,G. Petrov,Branch - Singapore,Email,5
INC102201,2025-05-02 20:31:34,2025-05-03 16:20:10,Email,Medium,24,4.88,19.81,False,Closed,Service Desk L1,J. Kim,Remote,Email,4
INC101545,2025-05-03 00:41:45,2025-05-03 20:33:21,Application Support,Low,48,19.86,19.86,False,Resolved,Service Desk L1,F. Torres,Remote,Self-Service Portal,5
INC102510,2025-05-03 04:14:46,2025-05-03 06:32:10,Printer,Critical,4,1.19,2.29,False,Closed,Network Ops,K. Meyer,HQ - Dubai,Chat,4
INC101905,2025-05-03 06:13:34,2025-05-06 15:10:34,Email,Low,48,9.4,80.95,True,Reopened,Network Ops,L. Fernandes,Branch - New York,Chat,
INC102112,2025-05-03 07:55:20,2025-05-03 10:00:08,Access Management,High,8,1.57,2.08,False,Resolved,Desktop Support,G. Petrov,HQ - Dubai,Self-Service Portal,5
INC101409,2025-05-03 10:20:23,2025-05-03 19:26:59,Hardware,High,8,1.0,9.11,True,Resolved,Systems Admin,K. Meyer,HQ - Dubai,Chat,3
INC101581,2025-05-03 10:53:50,2025-05-06 05:22:02,Access Management,Low,48,9.17,66.47,True,Resolved,Service Desk L1,J. Kim,Remote,Self-Service Portal,4
INC100294,2025-05-03 15:11:51,2025-05-04 10:30:27,Security Incident,Low,48,17.3,19.31,False,Resolved,Service Desk L1,A. Khan,HQ - Dubai,Self-Service Portal,4
INC100287,2025-05-03 19:36:57,2025-05-04 11:31:33,Hardware,High,8,1.59,15.91,True,Resolved,Security Team,L. Fernandes,Branch - London,Email,4
INC101040,2025-05-03 19:41:17,2025-05-03 22:02:17,Hardware,High,8,0.42,2.35,False,Closed,Network Ops,F. Torres,Branch - New York,Chat,3
INC100721,2025-05-03 21:14:04,2025-05-03 23:25:28,Hardware,Critical,4,1.4,2.19,False,Closed,Service Desk L1,D. Ahmed,Branch - London,Email,4
INC100426,2025-05-03 22:04:28,2025-05-04 00:09:52,Printer,High,8,0.13,2.09,False,Resolved,Network Ops,L. Fernandes,Remote,Self-Service Portal,5
INC102612,2025-05-04 00:56:32,2025-05-05 14:27:44,Software,Low,48,17.93,37.52,False,Resolved,Network Ops,D. Ahmed,HQ - Dubai,Email,5
INC100869,2025-05-04 04:11:42,2025-05-04 19:48:54,Software,Low,48,2.32,15.62,False,Closed,Systems Admin,B. Silva,Remote,Self-Service Portal,4
INC100033,2025-05-04 04:14:50,2025-05-04 09:41:50,Printer,Low,48,5.45,5.45,False,Resolved,Security Team,G. Petrov,Remote,Self-Service Portal,5
INC101646,2025-05-04 11:43:55,2025-05-05 01:53:31,Application Support,Medium,24,5.33,14.16,False,Resolved,App Support,D. Ahmed,Remote,Phone,4
INC101497,2025-05-04 12:56:14,2025-05-05 11:03:26,Access Management,Low,48,5.55,22.12,False,Resolved,Network Ops,H. Osei,Branch - London,Email,5
INC102056,2025-05-04 14:24:03,2025-05-05 01:54:39,Email,High,8,0.99,11.51,True,Resolved,App Support,K. Meyer,Branch - London,Self-Service Portal,4
INC101453,2025-05-04 17:05:27,2025-05-04 21:22:51,Access Management,High,8,0.21,4.29,False,Resolved,Systems Admin,H. Osei,Branch - London,Phone,5
INC100327,2025-05-04 20:23:15,2025-05-08 00:38:51,Hardware,Low,48,5.69,76.26,True,Closed,App Support,J. Kim,HQ - Dubai,Phone,2
INC101347,2025-05-04 23:56:45,2025-05-06 03:24:57,Access Management,Low,48,4.34,27.47,False,Closed,Desktop Support,F. Torres,Branch - Singapore,Phone,5
INC102541,2025-05-05 01:00:07,2025-05-05 08:37:55,Hardware,High,8,2.63,7.63,False,Resolved,Security Team,I. Rossi,Branch - New York,Email,5
INC102942,2025-05-05 01:19:21,2025-05-06 11:07:21,Access Management,Medium,24,9.93,33.8,True,Reopened,Desktop Support,G. Petrov,Branch - London,Email,
INC102962,2025-05-05 05:06:42,2025-05-08 03:58:54,Email,Low,48,16.5,70.87,True,Resolved,App Support,A. Khan,Remote,Email,3
INC101437,2025-05-05 10:10:40,2025-05-05 19:49:04,Hardware,Medium,24,5.84,9.64,False,Resolved,Systems Admin,D. Ahmed,HQ - Dubai,Chat,3
INC102000,2025-05-05 13:08:08,2025-05-05 21:38:08,Printer,Medium,24,8.5,8.5,False,Resolved,Systems Admin,I. Rossi,Branch - London,Self-Service Portal,2
INC102278,2025-05-05 17:03:06,2025-05-06 04:21:06,Software,Medium,24,2.88,11.3,False,Resolved,App Support,L. Fernandes,Branch - London,Email,4
INC102681,2025-05-05 18:58:21,2025-05-07 03:43:57,Software,Low,48,15.71,32.76,False,Resolved,Network Ops,I. Rossi,Branch - Singapore,Email,5
INC100124,2025-05-05 20:51:18,2025-05-07 23:08:06,Access Management,Low,48,22.08,50.28,True,Reopened,Security Team,A. Khan,Branch - Singapore,Chat,
INC100793,2025-05-06 02:21:10,,Hardware,Medium,24,2.86,11.91,False,Reopened,Security Team,E. Zhou,Branch - London,Phone,
INC102064,2025-05-06 03:30:58,2025-05-07 12:37:34,Email,Low,48,13.7,33.11,False,Resolved,App Support,E. Zhou,Remote,Phone,5
INC101946,2025-05-06 06:20:14,2025-05-06 16:35:50,Software,High,8,2.76,10.26,True,Reopened,Systems Admin,F. Torres,Branch - London,Self-Service Portal,
INC101929,2025-05-06 07:54:23,2025-05-07 01:33:23,Hardware,Medium,24,9.79,17.65,False,Resolved,Systems Admin,L. Fernandes,Branch - Singapore,Chat,5
INC101234,2025-05-06 13:31:20,2025-05-07 12:31:56,Security Incident,Medium,24,5.24,23.01,False,Resolved,App Support,K. Meyer,Branch - London,Phone,5
INC102119,2025-05-06 14:13:44,2025-05-06 17:49:08,Access Management,Medium,24,3.59,3.59,False,Resolved,Network Ops,B. Silva,Branch - New York,Email,4
INC102639,2025-05-06 15:46:00,,Software,High,8,2.6,6.37,False,Reopened,Security Team,B. Silva,Branch - London,Self-Service Portal,
INC101717,2025-05-06 17:49:07,,Network,High,8,0.67,1.4,False,Reopened,Systems Admin,L. Fernandes,HQ - Dubai,Self-Service Portal,
INC100924,2025-05-06 20:30:03,2025-05-07 01:49:51,Printer,High,8,0.34,5.33,False,Resolved,Security Team,A. Khan,HQ - Dubai,Email,4
INC101896,2025-05-06 22:25:26,2025-05-09 02:17:38,Hardware,Low,48,16.18,51.87,True,Closed,Security Team,A. Khan,Branch - New York,Email,3
INC101149,2025-05-07 00:51:04,2025-05-07 09:42:40,Printer,Low,48,0.4,8.86,False,Reopened,Security Team,C. Novak,HQ - Dubai,Chat,
INC102847,2025-05-07 05:25:42,2025-05-07 16:49:06,Email,High,8,0.34,11.39,True,Closed,Security Team,A. Khan,HQ - Dubai,Phone,3
INC101866,2025-05-07 07:23:16,2025-05-09 09:17:16,Application Support,Medium,24,5.39,49.9,True,Resolved,Service Desk L1,B. Silva,Remote,Self-Service Portal,3
INC100816,2025-05-07 10:13:57,2025-05-11 01:03:45,Access Management,Low,48,1.8,86.83,True,Closed,Desktop Support,A. Khan,HQ - Dubai,Self-Service Portal,3
INC102660,2025-05-07 11:51:24,2025-05-07 22:57:24,Hardware,Critical,4,1.96,11.1,True,Resolved,Network Ops,G. Petrov,Branch - London,Phone,4
INC101664,2025-05-07 13:35:49,2025-05-07 22:47:13,Access Management,High,8,3.21,9.19,True,Resolved,Desktop Support,I. Rossi,Branch - London,Self-Service Portal,4
INC100078,2025-05-07 16:34:57,2025-05-07 23:52:21,Email,Low,48,7.29,7.29,False,Resolved,App Support,E. Zhou,Remote,Phone,4
INC100054,2025-05-07 20:10:14,2025-05-11 15:30:02,Access Management,Medium,24,10.77,91.33,True,Resolved,Security Team,E. Zhou,Remote,Email,4
INC102231,2025-05-07 22:10:48,2025-05-08 03:40:48,Access Management,High,8,1.68,5.5,False,Resolved,App Support,H. Osei,HQ - Dubai,Chat,4
INC100643,2025-05-07 23:25:23,,Software,Critical,4,0.91,2.72,False,Reopened,Desktop Support,L. Fernandes,Branch - London,Self-Service Portal,
INC101769,2025-05-07 23:32:57,2025-05-08 08:10:09,Access Management,High,8,0.8,8.62,True,Resolved,Desktop Support,J. Kim,Branch - New York,Email,3
INC100099,2025-05-08 00:13:59,2025-05-08 21:21:47,Application Support,Medium,24,0.29,21.13,False,Closed,Desktop Support,J. Kim,HQ - Dubai,Self-Service Portal,5
INC102823,2025-05-08 02:04:29,2025-05-08 06:12:53,Network,High,8,1.47,4.14,False,Resolved,Desktop Support,F. Torres,Branch - New York,Phone,3
INC100912,2025-05-08 03:54:28,2025-05-08 11:37:04,Application Support,Critical,4,1.17,7.71,True,Resolved,Security Team,J. Kim,Remote,Self-Service Portal,3
INC100384,2025-05-08 08:08:29,,Security Incident,Medium,24,9.7,9.7,False,Reopened,Desktop Support,A. Khan,Branch - London,Walk-in,
INC100117,2025-05-08 08:12:28,2025-05-08 12:58:04,Network,Medium,24,4.76,4.76,False,Resolved,Network Ops,J. Kim,Remote,Self-Service Portal,5
INC102578,2025-05-08 09:25:45,2025-05-08 13:19:45,Security Incident,High,8,0.7,3.9,False,Resolved,Desktop Support,J. Kim,Branch - New York,Self-Service Portal,5
INC101748,2025-05-08 20:10:15,2025-05-10 15:06:03,Security Incident,Low,48,11.97,42.93,False,Closed,Network Ops,F. Torres,Remote,Chat,5
INC101212,2025-05-08 23:39:23,2025-05-11 12:05:11,Application Support,Low,48,3.94,60.43,True,Closed,App Support,D. Ahmed,Branch - London,Phone,3
INC100959,2025-05-09 01:57:06,2025-05-09 11:50:30,Email,Medium,24,3.3,9.89,False,Resolved,Systems Admin,B. Silva,Branch - New York,Chat,4
INC101232,2025-05-09 06:25:22,2025-05-15 06:25:22,Software,Medium,24,7.34,144.0,True,Closed,Systems Admin,F. Torres,HQ - Dubai,Email,4
INC102482,2025-05-09 09:06:29,2025-05-09 12:09:29,Hardware,High,8,0.67,3.05,False,Closed,Security Team,G. Petrov,HQ - Dubai,Email,4
INC102924,2025-05-09 10:50:52,2025-05-09 18:23:52,Software,Medium,24,5.73,7.55,False,Closed,Security Team,J. Kim,HQ - Dubai,Phone,4
INC100707,2025-05-09 10:58:36,2025-05-10 04:27:24,Network,Low,48,4.19,17.48,False,Resolved,Service Desk L1,F. Torres,HQ - Dubai,Email,5
INC101195,2025-05-09 11:01:57,2025-05-10 03:51:09,Email,Low,48,11.09,16.82,False,Resolved,App Support,H. Osei,Remote,Email,4
INC101160,2025-05-09 23:59:12,2025-05-14 19:13:36,Security Incident,Low,48,23.24,115.24,True,Resolved,Service Desk L1,J. Kim,Remote,Self-Service Portal,4
INC101557,2025-05-10 01:08:17,2025-05-11 09:18:29,Network,Low,48,18.09,32.17,False,Resolved,Systems Admin,F. Torres,Remote,Email,2
INC101203,2025-05-10 01:36:27,2025-05-10 07:46:39,Software,Medium,24,6.17,6.17,False,Closed,Security Team,L. Fernandes,Branch - London,Self-Service Portal,4
INC100699,2025-05-10 02:08:01,2025-05-10 06:21:49,Network,High,8,2.11,4.23,False,Resolved,Systems Admin,G. Petrov,Remote,Chat,3
INC102397,2025-05-10 06:01:03,2025-05-10 10:49:03,Software,High,8,3.05,4.8,False,Resolved,Desktop Support,G. Petrov,HQ - Dubai,Self-Service Portal,5
INC102878,2025-05-10 08:51:38,2025-05-11 20:33:02,Hardware,Low,48,12.46,35.69,False,Resolved,Security Team,G. Petrov,HQ - Dubai,Chat,3
INC100061,2025-05-10 10:42:01,2025-05-11 01:20:25,Network,Low,48,12.29,14.64,False,Resolved,Systems Admin,E. Zhou,HQ - Dubai,Phone,4
INC102568,2025-05-10 11:19:21,2025-05-12 18:55:21,Access Management,Low,48,22.04,55.6,True,Closed,Security Team,A. Khan,Remote,Email,3
INC101995,2025-05-10 12:58:24,,Access Management,Low,48,0.23,12.72,False,Reopened,Network Ops,L. Fernandes,HQ - Dubai,Email,
INC102854,2025-05-10 14:57:48,2025-05-10 18:51:12,Hardware,High,8,1.03,3.89,False,Resolved,Desktop Support,B. Silva,Remote,Phone,4
INC102042,2025-05-11 01:52:59,2025-05-11 14:21:11,Software,Low,48,10.44,12.47,False,Resolved,App Support,L. Fernandes,HQ - Dubai,Phone,4
INC101268,2025-05-11 02:46:54,2025-05-11 13:13:18,Email,Medium,24,10.44,10.44,False,Resolved,App Support,I. Rossi,Branch - London,Phone,4
INC101593,2025-05-11 03:14:27,2025-05-12 13:31:15,Software,Low,48,5.5,34.28,False,Closed,Systems Admin,H. Osei,Branch - New York,Self-Service Portal,5
INC102676,2025-05-11 03:30:02,2025-05-12 02:49:14,Network,Medium,24,8.27,23.32,False,Resolved,Systems Admin,D. Ahmed,Remote,Phone,4
INC102831,2025-05-11 05:01:57,2025-05-11 20:07:21,Application Support,Low,48,8.78,15.09,False,Resolved,Service Desk L1,G. Petrov,Remote,Chat,5
INC102306,2025-05-11 06:15:07,2025-05-11 15:04:19,Application Support,Medium,24,8.82,8.82,False,Reopened,Network Ops,B. Silva,Branch - London,Email,
INC102869,2025-05-11 06:39:08,2025-05-13 14:48:44,Access Management,Medium,24,10.97,56.16,True,Resolved,Network Ops,F. Torres,Remote,Email,3
INC100459,2025-05-11 12:06:52,2025-05-11 22:33:52,Network,Low,48,10.45,10.45,False,Resolved,Security Team,J. Kim,HQ - Dubai,Chat,4
INC101576,2025-05-11 16:42:28,2025-05-12 01:58:04,Email,Medium,24,8.14,9.26,False,Resolved,App Support,D. Ahmed,Remote,Chat,4
INC102001,2025-05-11 20:20:31,,Access Management,Medium,24,9.93,9.93,False,Reopened,Desktop Support,K. Meyer,Branch - London,Email,
INC101502,2025-05-11 21:30:11,2025-05-12 06:38:35,Printer,High,8,3.58,9.14,True,Closed,Desktop Support,B. Silva,Branch - Singapore,Self-Service Portal,3
INC100387,2025-05-11 21:49:12,2025-05-12 09:44:24,Network,Low,48,11.92,11.92,False,Resolved,App Support,D. Ahmed,Branch - Singapore,Walk-in,4
INC102084,2025-05-12 00:06:32,2025-05-13 06:00:32,Email,Medium,24,8.5,29.9,True,Resolved,App Support,G. Petrov,Remote,Self-Service Portal,3
INC102751,2025-05-12 00:14:07,2025-05-12 19:49:31,Software,Medium,24,9.81,19.59,False,Reopened,App Support,E. Zhou,HQ - Dubai,Phone,
INC100433,2025-05-12 02:10:37,2025-05-12 11:26:49,Email,Low,48,9.27,9.27,False,Resolved,Desktop Support,J. Kim,HQ - Dubai,Chat,5
INC100143,2025-05-12 05:04:57,2025-05-14 22:29:33,Network,Low,48,1.24,65.41,True,Resolved,Service Desk L1,D. Ahmed,Branch - Singapore,Self-Service Portal,3
INC100575,2025-05-12 10:23:25,2025-05-12 12:16:49,Printer,Critical,4,1.65,1.89,False,Reopened,Security Team,A. Khan,Branch - New York,Email,
INC101294,2025-05-12 11:40:28,2025-05-13 19:54:16,Network,Low,48,20.58,32.23,False,Reopened,Systems Admin,A. Khan,Branch - New York,Self-Service Portal,
INC102585,2025-05-12 11:43:09,,Software,Medium,24,8.64,8.64,False,Reopened,Security Team,D. Ahmed,HQ - Dubai,Email,
INC102289,2025-05-12 14:19:20,2025-05-17 20:38:32,Software,Low,48,23.34,126.32,True,Closed,App Support,F. Torres,HQ - Dubai,Self-Service Portal,3
INC102308,2025-05-12 14:21:15,2025-05-12 20:42:15,Hardware,Medium,24,6.35,6.35,False,Resolved,Network Ops,L. Fernandes,Branch - London,Self-Service Portal,2
INC102004,2025-05-12 15:40:57,2025-05-14 15:34:21,Application Support,Low,48,0.5,47.89,False,Resolved,Systems Admin,K. Meyer,Branch - Singapore,Email,3
INC102132,2025-05-12 16:29:47,2025-05-13 05:37:35,Network,Medium,24,5.49,13.13,False,Resolved,Desktop Support,A. Khan,HQ - Dubai,Walk-in,3
INC102912,2025-05-12 20:28:03,2025-05-14 14:49:03,Application Support,Low,48,16.36,42.35,False,Closed,Service Desk L1,C. Novak,HQ - Dubai,Self-Service Portal,5
INC100067,2025-05-12 20:32:46,2025-05-13 13:29:10,Application Support,Medium,24,2.55,16.94,False,Resolved,Desktop Support,E. Zhou,HQ - Dubai,Phone,4
INC102618,2025-05-12 20:59:02,2025-05-12 23:08:02,Application Support,High,8,2.04,2.15,False,Resolved,Systems Admin,A. Khan,Branch - Singapore,Email,4
INC100803,2025-05-12 22:12:46,2025-05-13 06:38:34,Application Support,Medium,24,4.76,8.43,False,Reopened,Network Ops,E. Zhou,Remote,Self-Service Portal,
INC101843,2025-05-13 02:56:16,2025-05-13 09:10:40,Access Management,Medium,24,6.24,6.24,False,Resolved,Network Ops,E. Zhou,HQ - Dubai,Self-Service Portal,3
INC100806,2025-05-13 06:09:38,2025-05-13 23:57:02,Network,Medium,24,3.52,17.79,False,Closed,Desktop Support,E. Zhou,HQ - Dubai,Email,5
INC101371,2025-05-13 08:03:07,2025-05-14 15:25:19,Hardware,Low,48,6.79,31.37,False,Resolved,App Support,F. Torres,HQ - Dubai,Self-Service Portal,3
INC100679,2025-05-13 09:20:59,2025-05-14 12:07:11,Printer,Medium,24,8.58,26.77,True,Resolved,App Support,K. Meyer,Remote,Chat,4
INC101273,2025-05-13 10:09:34,2025-05-13 11:52:10,Network,High,8,1.71,1.71,False,Closed,Desktop Support,C. Novak,Remote,Self-Service Portal,4
INC101936,2025-05-13 14:38:21,2025-05-14 00:18:33,Hardware,Medium,24,0.1,9.67,False,Resolved,Security Team,G. Petrov,Remote,Chat,5
INC101420,2025-05-13 15:21:23,,Software,Critical,4,0.4,9.29,True,Reopened,Desktop Support,F. Torres,Branch - New York,Email,
INC100391,2025-05-13 18:36:01,2025-05-14 06:19:49,Email,Low,48,11.73,11.73,False,Closed,Network Ops,E. Zhou,HQ - Dubai,Self-Service Portal,5
INC101652,2025-05-13 22:08:28,2025-05-14 05:39:04,Printer,Medium,24,6.68,7.51,False,Closed,Service Desk L1,A. Khan,Remote,Self-Service Portal,5
INC100247,2025-05-14 02:49:22,2025-05-15 19:12:10,Hardware,Low,48,2.15,40.38,False,Resolved,App Support,K. Meyer,Remote,Email,4
INC100275,2025-05-14 04:11:45,2025-05-14 06:13:33,Hardware,High,8,1.84,2.03,False,Resolved,Network Ops,E. Zhou,Branch - London,Phone,4
INC100464,2025-05-14 08:18:42,2025-05-14 13:16:18,Application Support,High,8,2.4,4.96,False,Resolved,Service Desk L1,L. Fernandes,HQ - Dubai,Self-Service Portal,4
INC101518,2025-05-14 10:41:17,2025-05-14 12:59:17,Email,High,8,0.95,2.3,False,Resolved,App Support,D. Ahmed,Branch - New York,Phone,4
INC102282,2025-05-14 15:14:41,2025-05-15 03:03:53,Hardware,Low,48,8.97,11.82,False,Resolved,Service Desk L1,F. Torres,Remote,Chat,3
INC101461,2025-05-14 15:58:38,2025-05-16 05:07:02,Access Management,Medium,24,11.57,37.14,True,Reopened,Security Team,F. Torres,Remote,Email,
INC100738,2025-05-14 16:58:11,2025-05-16 05:34:47,Security Incident,Low,48,22.54,36.61,False,Resolved,Security Team,F. Torres,HQ - Dubai,Self-Service Portal,4
INC101923,2025-05-15 00:25:49,2025-05-17 10:23:25,Software,Medium,24,0.37,57.96,True,Resolved,App Support,B. Silva,Branch - New York,Self-Service Portal,2
INC101451,2025-05-15 07:57:23,2025-05-18 15:55:35,Access Management,Low,48,0.28,79.97,True,Closed,Network Ops,F. Torres,Branch - New York,Self-Service Portal,2
INC100593,2025-05-15 08:44:36,,Application Support,Medium,24,1.3,24.16,True,Reopened,Systems Admin,C. Novak,Branch - London,Email,
INC100492,2025-05-15 10:46:50,2025-05-16 08:24:02,Network,Low,48,8.12,21.62,False,Resolved,Security Team,L. Fernandes,Branch - London,Chat,3
INC101462,2025-05-15 11:23:47,2025-05-15 13:48:59,Email,High,8,0.74,2.42,False,Resolved,Service Desk L1,D. Ahmed,HQ - Dubai,Phone,3
INC100810,2025-05-15 12:57:46,2025-05-16 00:22:22,Access Management,Medium,24,7.47,11.41,False,Resolved,Security Team,H. Osei,HQ - Dubai,Phone,5
INC101415,2025-05-15 14:49:42,2025-05-17 17:44:18,Software,Medium,24,5.93,50.91,True,Resolved,Security Team,J. Kim,Remote,Email,4
INC101534,2025-05-15 15:48:14,2025-05-15 18:59:38,Access Management,High,8,2.17,3.19,False,Closed,App Support,F. Torres,Remote,Self-Service Portal,5
INC101335,2025-05-15 18:13:28,2025-05-16 08:54:16,Software,Low,48,11.78,14.68,False,Closed,App Support,E. Zhou,Remote,Chat,3
INC102658,2025-05-16 00:33:47,2025-05-16 17:52:23,Security Incident,Medium,24,8.46,17.31,False,Resolved,Security Team,J. Kim,HQ - Dubai,Email,4
INC102497,2025-05-16 00:49:28,2025-05-16 04:50:40,Hardware,Critical,4,1.68,4.02,True,Resolved,Security Team,G. Petrov,Remote,Email,3
INC102185,2025-05-16 01:04:37,2025-05-16 14:11:13,Access Management,Low,48,6.17,13.11,False,Resolved,Network Ops,E. Zhou,HQ - Dubai,Chat,4
INC102087,2025-05-16 05:28:25,2025-05-18 17:46:25,Hardware,Low,48,0.74,60.3,True,Closed,Network Ops,E. Zhou,Branch - Singapore,Chat,4
INC101398,2025-05-16 05:33:02,2025-05-16 07:01:50,Application Support,Critical,4,0.76,1.48,False,Resolved,Desktop Support,E. Zhou,Remote,Self-Service Portal,3
INC100916,2025-05-16 05:41:35,2025-05-17 19:37:59,Software,Medium,24,8.71,37.94,True,Resolved,Desktop Support,H. Osei,Branch - London,Self-Service Portal,3
INC101601,2025-05-16 06:10:14,2025-05-16 21:24:02,Email,Low,48,15.23,15.23,False,Resolved,Security Team,H. Osei,HQ - Dubai,Walk-in,5
INC100917,2025-05-16 11:53:58,2025-05-19 03:14:22,Software,Medium,24,10.42,63.34,True,Reopened,Service Desk L1,F. Torres,Remote,Self-Service Portal,
INC101614,2025-05-16 12:11:08,2025-05-17 00:11:08,Network,Medium,24,3.15,12.0,False,Resolved,Service Desk L1,G. Petrov,Branch - London,Chat,4
INC100292,2025-05-16 15:01:10,2025-05-17 01:38:22,Software,Medium,24,0.81,10.62,False,Closed,Security Team,C. Novak,HQ - Dubai,Self-Service Portal,5
INC100755,2025-05-16 15:41:17,2025-05-19 04:49:05,Application Support,Medium,24,7.56,61.13,True,Resolved,Desktop Support,F. Torres,HQ - Dubai,Self-Service Portal,3
INC100673,2025-05-16 17:18:18,2025-05-17 06:56:42,Network,Medium,24,5.06,13.64,False,Resolved,Systems Admin,B. Silva,Remote,Walk-in,5
INC102808,2025-05-16 23:32:48,2025-05-18 01:23:12,Printer,Medium,24,2.42,25.84,True,Resolved,App Support,J. Kim,HQ - Dubai,Chat,2
INC102414,2025-05-17 08:05:34,2025-05-17 11:54:46,Network,High,8,3.82,3.82,False,Resolved,Desktop Support,H. Osei,HQ - Dubai,Chat,2
INC101877,2025-05-17 08:13:46,2025-05-17 16:33:34,Hardware,High,8,2.46,8.33,True,Resolved,Desktop Support,C. Novak,Remote,Chat,3
INC100588,2025-05-17 14:27:09,2025-05-18 11:50:33,Network,Medium,24,4.83,21.39,False,Resolved,Network Ops,K. Meyer,Remote,Chat,5
INC102736,2025-05-17 19:29:29,2025-05-18 15:33:05,Hardware,Low,48,19.0,20.06,False,Resolved,Desktop Support,G. Petrov,Branch - Singapore,Self-Service Portal,5
INC102121,2025-05-17 20:00:11,2025-05-18 23:34:59,Network,Low,48,21.31,27.58,False,Resolved,Systems Admin,D. Ahmed,Remote,Phone,5
INC100223,2025-05-17 20:03:05,2025-05-18 08:45:41,Application Support,Medium,24,5.03,12.71,False,Resolved,App Support,A. Khan,Branch - New York,Email,5
INC101042,2025-05-17 23:15:06,2025-05-20 08:04:54,Application Support,Medium,24,11.86,56.83,True,Resolved,App Support,K. Meyer,Branch - Singapore,Email,3
INC100931,2025-05-18 05:53:29,2025-05-18 15:21:41,Security Incident,High,8,0.57,9.47,True,Resolved,Network Ops,K. Meyer,Remote,Phone,3
INC102626,2025-05-18 10:00:47,2025-05-18 23:25:23,Network,Low,48,13.41,13.41,False,Resolved,Service Desk L1,J. Kim,Branch - Singapore,Phone,2
INC101134,2025-05-18 10:48:52,2025-05-18 11:48:16,Email,High,8,0.99,0.99,False,Resolved,App Support,A. Khan,Remote,Chat,2
INC101764,2025-05-18 11:34:34,2025-05-18 14:27:58,Hardware,Critical,4,0.82,2.89,False,Resolved,Desktop Support,I. Rossi,Branch - London,Self-Service Portal,5
INC100896,2025-05-18 14:44:36,2025-05-19 03:16:24,Software,Medium,24,1.18,12.53,False,Closed,Network Ops,H. Osei,HQ - Dubai,Chat,2
INC100150,2025-05-18 20:20:49,2025-05-18 22:10:37,Application Support,High,8,1.08,1.83,False,Closed,Systems Admin,J. Kim,Branch - Singapore,Walk-in,4
INC102335,2025-05-19 07:36:11,2025-05-21 00:24:47,Network,Low,48,10.56,40.81,False,Resolved,Service Desk L1,J. Kim,Remote,Phone,5
INC102581,2025-05-19 07:40:31,2025-05-20 00:35:43,Hardware,Medium,24,2.18,16.92,False,Resolved,Systems Admin,L. Fernandes,HQ - Dubai,Phone,3
INC101823,2025-05-19 08:05:14,2025-05-19 10:49:38,Hardware,High,8,1.42,2.74,False,Closed,Security Team,B. Silva,Remote,Email,5
INC101962,2025-05-19 16:59:58,2025-05-21 14:43:10,Software,Low,48,3.24,45.72,False,Closed,Service Desk L1,C. Novak,Branch - New York,Phone,5
INC102755,2025-05-19 23:07:48,2025-05-20 06:22:12,Software,Medium,24,3.17,7.24,False,Resolved,Desktop Support,D. Ahmed,HQ - Dubai,Email,4
INC102701,2025-05-20 06:37:31,2025-05-20 23:45:19,Hardware,Medium,24,9.12,17.13,False,Closed,Security Team,E. Zhou,HQ - Dubai,Chat,4
INC102229,2025-05-20 07:46:14,2025-05-20 21:43:50,Hardware,Critical,4,1.06,13.96,True,Resolved,Systems Admin,C. Novak,Remote,Chat,4
INC102882,2025-05-20 12:56:39,2025-05-20 23:48:51,Printer,Medium,24,8.11,10.87,False,Resolved,Systems Admin,G. Petrov,Branch - New York,Self-Service Portal,4
INC102691,2025-05-21 02:11:36,2025-05-21 06:36:48,Software,Medium,24,1.46,4.42,False,Resolved,App Support,A. Khan,Branch - London,Self-Service Portal,5
INC100341,2025-05-21 02:44:38,2025-05-21 08:26:02,Access Management,High,8,1.25,5.69,False,Resolved,Network Ops,L. Fernandes,Remote,Self-Service Portal,4
INC102589,2025-05-21 07:29:08,2025-05-22 05:14:08,Security Incident,Low,48,8.47,21.75,False,Resolved,Desktop Support,C. Novak,Branch - Singapore,Self-Service Portal,4
INC101340,2025-05-21 11:46:31,2025-05-22 04:33:55,Network,Medium,24,8.45,16.79,False,Resolved,Service Desk L1,F. Torres,HQ - Dubai,Phone,4
INC100934,2025-05-21 19:00:11,2025-05-22 02:48:11,Access Management,Low,48,7.8,7.8,False,Resolved,Network Ops,F. Torres,HQ - Dubai,Self-Service Portal,5
INC101428,2025-05-22 02:16:58,2025-05-23 19:42:46,Hardware,Low,48,2.46,41.43,False,Closed,Systems Admin,G. Petrov,HQ - Dubai,Chat,5
INC101888,2025-05-22 02:23:57,2025-05-22 13:49:09,Access Management,Medium,24,4.02,11.42,False,Resolved,Desktop Support,I. Rossi,HQ - Dubai,Phone,3
INC100242,2025-05-22 03:33:46,2025-05-22 14:43:58,Access Management,Medium,24,0.81,11.17,False,Resolved,Service Desk L1,G. Petrov,Branch - London,Self-Service Portal,3
INC101389,2025-05-22 10:09:43,2025-05-22 13:09:07,Access Management,Critical,4,1.79,2.99,False,Resolved,Systems Admin,F. Torres,HQ - Dubai,Phone,5
INC101362,2025-05-22 12:04:15,2025-05-23 15:06:39,Hardware,Low,48,19.67,27.04,False,Closed,Systems Admin,A. Khan,Branch - Singapore,Email,4
INC100942,2025-05-22 15:15:01,2025-05-23 23:08:25,Software,Low,48,1.5,31.89,False,Reopened,Service Desk L1,K. Meyer,HQ - Dubai,Email,
INC100472,2025-05-22 16:00:32,2025-05-22 17:35:56,Printer,High,8,1.59,1.59,False,Resolved,Service Desk L1,J. Kim,HQ - Dubai,Walk-in,5
INC101009,2025-05-22 16:50:26,2025-05-26 08:14:26,Software,Low,48,1.99,87.4,True,Closed,Desktop Support,L. Fernandes,HQ - Dubai,Email,3
INC101248,2025-05-22 18:19:12,2025-05-23 19:27:00,Hardware,Low,48,0.46,25.13,False,Closed,Desktop Support,H. Osei,HQ - Dubai,Email,5
INC100196,2025-05-22 22:00:06,2025-05-23 00:31:54,Network,High,8,2.53,2.53,False,Reopened,Systems Admin,C. Novak,Remote,Chat,
INC101960,2025-05-22 23:44:43,2025-05-24 14:44:07,Printer,Low,48,9.35,38.99,False,Resolved,Desktop Support,I. Rossi,Remote,Email,5
INC102892,2025-05-23 05:55:37,2025-05-24 13:21:25,Hardware,Low,48,7.97,31.43,False,Resolved,App Support,D. Ahmed,HQ - Dubai,Phone,4
INC100801,2025-05-23 17:32:22,2025-05-23 19:06:34,Hardware,Critical,4,0.5,1.57,False,Resolved,Service Desk L1,D. Ahmed,Remote,Email,5
INC100404,2025-05-23 20:54:56,2025-05-26 18:42:56,Hardware,Low,48,7.71,69.8,True,Resolved,App Support,B. Silva,Branch - London,Email,3
INC101935,2025-05-24 00:27:10,2025-05-25 00:15:10,Software,Low,48,3.64,23.8,False,Closed,Service Desk L1,C. Novak,Remote,Email,4
INC100712,2025-05-24 06:23:46,2025-05-24 15:29:10,Software,High,8,3.84,9.09,True,Closed,Desktop Support,C. Novak,Remote,Email,5
INC102472,2025-05-24 07:31:58,2025-05-24 21:09:46,Access Management,Medium,24,0.82,13.63,False,Closed,Desktop Support,G. Petrov,Branch - London,Self-Service Portal,5
INC102815,2025-05-24 08:03:37,2025-05-25 04:30:37,Application Support,Low,48,14.34,20.45,False,Reopened,App Support,E. Zhou,Branch - Singapore,Phone,
INC101423,2025-05-24 10:14:52,2025-05-24 11:57:28,Network,High,8,1.71,1.71,False,Resolved,Desktop Support,D. Ahmed,HQ - Dubai,Email,4
INC100253,2025-05-24 16:25:25,2025-05-25 12:32:01,Application Support,Low,48,1.6,20.11,False,Reopened,Service Desk L1,C. Novak,HQ - Dubai,Email,
INC102785,2025-05-24 17:17:00,2025-05-26 08:15:48,Software,Low,48,12.39,38.98,False,Resolved,Desktop Support,L. Fernandes,Remote,Self-Service Portal,4
INC102740,2025-05-24 21:06:56,2025-05-25 23:54:56,Access Management,Low,48,12.04,26.8,False,Resolved,Network Ops,H. Osei,HQ - Dubai,Email,5
INC100515,2025-05-24 21:09:55,2025-05-25 08:32:07,Application Support,Medium,24,10.57,11.37,False,Resolved,Security Team,K. Meyer,HQ - Dubai,Self-Service Portal,5
INC101145,2025-05-24 21:39:56,2025-05-31 17:25:32,Email,Low,48,12.36,163.76,True,Closed,Service Desk L1,A. Khan,Branch - Singapore,Email,2
INC102934,2025-05-25 01:58:47,2025-05-28 00:15:35,Software,Low,48,3.15,70.28,True,Resolved,Service Desk L1,I. Rossi,Remote,Self-Service Portal,3
INC101151,2025-05-25 04:18:00,2025-05-25 07:58:48,Application Support,Low,48,3.68,3.68,False,Resolved,Network Ops,C. Novak,HQ - Dubai,Email,5
INC100978,2025-05-25 05:10:55,2025-05-26 08:15:43,Software,Low,48,10.43,27.08,False,Resolved,Security Team,G. Petrov,Remote,Email,4
INC101988,2025-05-25 06:42:39,2025-05-25 16:26:27,Email,Medium,24,3.34,9.73,False,Resolved,Desktop Support,H. Osei,Branch - New York,Self-Service Portal,5
INC102900,2025-05-25 11:06:14,2025-05-26 20:28:26,Network,Low,48,17.83,33.37,False,Closed,App Support,I. Rossi,Remote,Self-Service Portal,4
INC101608,2025-05-25 12:12:39,2025-05-26 06:12:03,Security Incident,Low,48,15.96,17.99,False,Resolved,App Support,L. Fernandes,Branch - London,Phone,3
INC102754,2025-05-25 14:35:27,2025-05-26 03:27:03,Hardware,Medium,24,5.0,12.86,False,Resolved,Desktop Support,D. Ahmed,Remote,Phone,4
INC100368,2025-05-25 17:07:27,2025-05-26 19:53:03,Email,Low,48,1.21,26.76,False,Closed,Desktop Support,G. Petrov,Branch - London,Email,5
INC101980,2025-05-25 17:23:53,2025-05-28 15:44:53,Access Management,Low,48,1.94,70.35,True,Closed,Service Desk L1,A. Khan,Branch - London,Email,5
INC102707,2025-05-26 00:32:51,2025-05-26 03:28:39,Access Management,High,8,0.39,2.93,False,Closed,Security Team,D. Ahmed,Branch - London,Phone,5
INC102141,2025-05-26 05:08:21,2025-05-27 15:52:09,Software,Low,48,4.92,34.73,False,Resolved,Service Desk L1,L. Fernandes,Branch - Singapore,Phone,1
INC100445,2025-05-26 14:27:11,2025-05-27 04:36:47,Printer,Medium,24,8.41,14.16,False,Resolved,Desktop Support,F. Torres,Branch - New York,Phone,4
INC102922,2025-05-26 14:50:22,2025-05-27 18:08:22,Network,Medium,24,11.73,27.3,True,Closed,Service Desk L1,G. Petrov,Branch - London,Email,5
INC100972,2025-05-26 15:00:06,2025-05-27 05:51:06,Email,Medium,24,7.14,14.85,False,Closed,Desktop Support,F. Torres,Remote,Email,5
INC101508,2025-05-26 15:17:18,2025-05-26 16:28:06,Application Support,High,8,1.18,1.18,False,Resolved,Service Desk L1,K. Meyer,HQ - Dubai,Walk-in,5
INC100241,2025-05-26 21:21:11,2025-05-27 10:25:59,Access Management,Low,48,12.59,13.08,False,Resolved,Desktop Support,D. Ahmed,Remote,Chat,2
INC102661,2025-05-27 00:53:39,2025-05-27 17:47:39,Software,Medium,24,1.83,16.9,False,Reopened,Security Team,D. Ahmed,Remote,Phone,
INC102783,2025-05-27 01:20:33,2025-05-27 18:04:21,Application Support,Low,48,12.35,16.73,False,Closed,Security Team,A. Khan,HQ - Dubai,Chat,4
INC100040,2025-05-27 09:30:37,2025-05-27 20:07:13,Application Support,Low,48,2.45,10.61,False,Closed,Systems Admin,C. Novak,HQ - Dubai,Phone,3
INC100926,2025-05-27 09:38:35,2025-05-29 13:04:23,Hardware,Medium,24,7.25,51.43,True,Closed,App Support,D. Ahmed,Remote,Phone,2
INC100633,2025-05-27 13:08:13,2025-05-27 15:07:37,Software,High,8,1.99,1.99,False,Resolved,Security Team,J. Kim,Branch - New York,Chat,4
INC102485,2025-05-27 18:42:10,2025-05-27 22:18:10,Hardware,High,8,1.13,3.6,False,Resolved,Network Ops,C. Novak,HQ - Dubai,Phone,4
INC100450,2025-05-28 01:43:55,2025-05-28 14:00:07,Application Support,Low,48,12.27,12.27,False,Resolved,Service Desk L1,D. Ahmed,Branch - New York,Email,5
INC102150,2025-05-28 02:15:03,,Application Support,Medium,24,6.06,15.97,False,Reopened,Security Team,F. Torres,HQ - Dubai,Walk-in,
INC101529,2025-05-28 04:07:09,2025-05-29 09:41:21,Application Support,Low,48,16.12,29.57,False,Closed,Service Desk L1,G. Petrov,HQ - Dubai,Self-Service Portal,5
INC100132,2025-05-28 05:07:22,2025-06-09 05:07:22,Email,Low,48,16.98,288.0,True,Reopened,Desktop Support,H. Osei,HQ - Dubai,Chat,
INC100167,2025-05-28 05:54:54,2025-05-28 08:53:42,Email,High,8,0.24,2.98,False,Resolved,Desktop Support,I. Rossi,Branch - London,Self-Service Portal,4
INC102487,2025-05-28 09:34:32,2025-05-30 10:38:08,Network,Low,48,23.55,49.06,True,Reopened,Systems Admin,C. Novak,Remote,Phone,
INC100456,2025-05-28 16:46:26,2025-05-29 21:13:26,Access Management,Low,48,22.78,28.45,False,Resolved,Service Desk L1,H. Osei,Remote,Self-Service Portal,2
INC102053,2025-05-28 17:04:24,2025-05-31 13:35:00,Access Management,Low,48,14.48,68.51,True,Resolved,App Support,J. Kim,HQ - Dubai,Self-Service Portal,4
INC100170,2025-05-28 18:22:56,2025-06-01 15:33:08,Hardware,Low,48,5.79,93.17,True,Resolved,Systems Admin,J. Kim,Remote,Self-Service Portal,3
INC100741,2025-05-28 21:51:34,2025-05-29 17:54:34,Software,Medium,24,7.07,20.05,False,Resolved,Systems Admin,I. Rossi,HQ - Dubai,Email,5
INC100623,2025-05-28 23:52:53,2025-05-30 05:32:29,Email,Low,48,0.75,29.66,False,Reopened,Desktop Support,I. Rossi,Remote,Walk-in,
INC101715,2025-05-29 01:01:42,2025-05-29 09:23:54,Email,Medium,24,6.45,8.37,False,Resolved,Network Ops,F. Torres,HQ - Dubai,Email,1
INC102640,2025-05-29 02:34:39,2025-05-29 08:05:15,Application Support,Low,48,5.51,5.51,False,Reopened,App Support,B. Silva,HQ - Dubai,Chat,
INC100171,2025-05-29 02:42:12,2025-05-29 12:44:00,Hardware,High,8,3.28,10.03,True,Resolved,Service Desk L1,B. Silva,Branch - London,Email,2
INC101740,2025-05-29 03:35:27,2025-05-29 15:30:03,Email,Low,48,4.95,11.91,False,Resolved,Service Desk L1,A. Khan,Branch - Singapore,Chat,4
INC101797,2025-05-29 05:30:49,2025-05-29 20:48:13,Printer,Medium,24,4.57,15.29,False,Closed,Network Ops,G. Petrov,Branch - London,Phone,4
INC101776,2025-05-29 06:43:36,2025-05-30 06:53:48,Network,Low,48,20.87,24.17,False,Resolved,Network Ops,F. Torres,HQ - Dubai,Self-Service Portal,5
INC100850,2025-05-29 12:19:55,2025-06-01 00:03:07,Software,Medium,24,0.76,59.72,True,Resolved,Security Team,C. Novak,Remote,Email,5
INC101079,2025-05-29 13:40:02,2025-05-30 18:18:26,Email,Low,48,18.22,28.64,False,Resolved,App Support,J. Kim,HQ - Dubai,Phone,5
INC100071,2025-05-29 14:30:20,2025-05-29 15:53:08,Access Management,Critical,4,0.32,1.38,False,Resolved,Service Desk L1,E. Zhou,HQ - Dubai,Email,4
INC100900,2025-05-29 15:24:19,2025-05-30 00:19:31,Network,Medium,24,8.92,8.92,False,Resolved,Network Ops,A. Khan,Branch - New York,Self-Service Portal,5
INC102428,2025-05-29 17:50:24,2025-05-29 20:43:48,Email,High,8,0.09,2.89,False,Resolved,Systems Admin,C. Novak,Remote,Self-Service Portal,4
INC102339,2025-05-29 22:03:39,,Hardware,Medium,24,6.69,14.99,False,Reopened,Security Team,G. Petrov,Remote,Email,
INC100541,2025-05-29 22:22:13,2025-05-29 23:49:13,Hardware,High,8,1.45,1.45,False,Resolved,Security Team,K. Meyer,Remote,Self-Service Portal,5
INC102449,2025-05-30 09:30:24,2025-06-02 13:01:00,Application Support,Medium,24,1.89,75.51,True,Resolved,Security Team,A. Khan,HQ - Dubai,Chat,2
INC101470,2025-05-30 13:05:39,2025-05-31 06:08:39,Network,High,8,0.84,17.05,True,Resolved,App Support,D. Ahmed,HQ - Dubai,Self-Service Portal,4
INC100354,2025-05-30 23:02:08,,Network,Low,48,22.56,39.34,False,Reopened,Service Desk L1,D. Ahmed,Branch - Singapore,Email,
INC101579,2025-05-31 01:41:04,2025-05-31 11:39:52,Application Support,Low,48,9.98,9.98,False,Resolved,Network Ops,J. Kim,Remote,Self-Service Portal,5
INC101221,2025-05-31 02:31:45,2025-05-31 18:14:57,Application Support,Low,48,4.28,15.72,False,Resolved,App Support,D. Ahmed,Branch - New York,Email,5
INC102792,2025-05-31 04:51:35,2025-05-31 23:07:47,Software,Medium,24,7.0,18.27,False,Resolved,Security Team,K. Meyer,HQ - Dubai,Phone,3
INC100328,2025-05-31 06:53:28,2025-06-01 01:42:40,Software,Medium,24,1.78,18.82,False,Resolved,Network Ops,E. Zhou,HQ - Dubai,Self-Service Portal,5
INC100767,2025-05-31 09:08:27,2025-05-31 11:18:03,Security Incident,High,8,2.16,2.16,False,Closed,Security Team,H. Osei,HQ - Dubai,Phone,4
INC101201,2025-05-31 15:10:46,2025-06-01 11:02:58,Network,Low,48,14.24,19.87,False,Resolved,Systems Admin,B. Silva,HQ - Dubai,Chat,5
INC102024,2025-05-31 15:45:28,2025-06-01 03:35:16,Printer,Medium,24,2.05,11.83,False,Resolved,Network Ops,A. Khan,Branch - London,Email,5
INC100957,2025-05-31 17:06:13,2025-05-31 20:05:01,Software,High,8,0.92,2.98,False,Resolved,Desktop Support,I. Rossi,Remote,Phone,5
INC100260,2025-05-31 17:25:04,2025-06-01 17:05:52,Application Support,Medium,24,1.54,23.68,False,Resolved,Desktop Support,L. Fernandes,Branch - Singapore,Phone,5
INC102760,2025-05-31 23:48:17,2025-06-02 06:09:17,Software,Low,48,8.91,30.35,False,Resolved,Network Ops,D. Ahmed,Remote,Self-Service Portal,4
INC100961,2025-06-01 00:01:08,2025-06-01 04:01:44,Email,Critical,4,1.17,4.01,True,Resolved,Security Team,A. Khan,Remote,Self-Service Portal,4
INC100966,2025-06-01 04:01:59,2025-06-01 12:22:23,Hardware,High,8,2.29,8.34,True,Closed,Systems Admin,B. Silva,Remote,Email,3
INC101666,2025-06-01 04:09:18,2025-06-01 07:48:18,Printer,Critical,4,0.65,3.65,False,Closed,Security Team,B. Silva,Branch - New York,Chat,3
INC100158,2025-06-01 07:14:42,2025-06-01 14:56:06,Access Management,High,8,3.89,7.69,False,Resolved,Service Desk L1,J. Kim,Branch - London,Phone,5
INC101105,2025-06-01 09:49:42,2025-06-02 03:04:06,Network,Low,48,10.25,17.24,False,Resolved,Security Team,B. Silva,HQ - Dubai,Phone,5
INC100690,2025-06-01 11:31:51,2025-06-04 08:45:03,Access Management,Low,48,8.14,69.22,True,Closed,App Support,F. Torres,Remote,Email,3
INC101026,2025-06-01 11:47:42,2025-06-01 19:51:54,Application Support,Medium,24,8.07,8.07,False,Resolved,Desktop Support,K. Meyer,HQ - Dubai,Email,4
INC101746,2025-06-01 17:36:13,2025-06-01 19:35:01,Network,High,8,1.4,1.98,False,Reopened,Service Desk L1,E. Zhou,Remote,Phone,
INC100678,2025-06-01 20:12:18,2025-06-02 17:56:42,Software,Low,48,14.06,21.74,False,Resolved,Service Desk L1,H. Osei,HQ - Dubai,Walk-in,3
INC101227,2025-06-01 20:28:30,2025-06-02 04:09:18,Network,Low,48,7.68,7.68,False,Resolved,Network Ops,C. Novak,Branch - London,Phone,3
INC101736,2025-06-01 22:11:03,2025-06-02 07:53:39,Hardware,High,8,3.18,9.71,True,Closed,Network Ops,E. Zhou,Remote,Chat,2
INC102016,2025-06-02 02:18:53,2025-06-02 13:00:53,Access Management,High,8,0.1,10.7,True,Reopened,Security Team,L. Fernandes,HQ - Dubai,Chat,
INC101883,2025-06-02 03:00:08,2025-06-02 12:10:56,Email,High,8,1.15,9.18,True,Resolved,Desktop Support,I. Rossi,Branch - London,Self-Service Portal,3
INC102974,2025-06-02 04:06:30,2025-06-02 07:08:54,Hardware,High,8,2.35,3.04,False,Resolved,Security Team,I. Rossi,HQ - Dubai,Chat,4
INC102920,2025-06-02 04:44:28,,Hardware,Critical,4,0.55,2.22,False,Reopened,Network Ops,A. Khan,HQ - Dubai,Phone,
INC100075,2025-06-02 15:07:57,2025-06-04 00:37:57,Network,Medium,24,1.9,33.5,True,Closed,Desktop Support,C. Novak,Remote,Email,3
INC100670,2025-06-02 19:11:44,2025-06-04 16:45:56,Software,Low,48,0.95,45.57,False,Resolved,Systems Admin,A. Khan,Branch - New York,Email,5
INC100757,2025-06-02 23:34:08,2025-06-03 01:57:32,Access Management,High,8,1.77,2.39,False,Resolved,Systems Admin,E. Zhou,HQ - Dubai,Chat,3
INC100348,2025-06-03 02:29:35,2025-06-03 08:31:59,Email,High,8,1.89,6.04,False,Closed,Systems Admin,A. Khan,Remote,Self-Service Portal,2
INC100655,2025-06-03 03:55:31,2025-06-03 21:22:31,Software,Medium,24,8.41,17.45,False,Closed,Network Ops,D. Ahmed,Remote,Email,5
INC102377,2025-06-03 04:55:49,2025-06-05 01:30:01,Access Management,Low,48,7.71,44.57,False,Resolved,Service Desk L1,H. Osei,HQ - Dubai,Self-Service Portal,4
INC100036,2025-06-03 05:08:43,2025-06-03 23:23:43,Network,Low,48,18.25,18.25,False,Resolved,Security Team,E. Zhou,Remote,Phone,3
INC102321,2025-06-03 07:21:36,2025-06-05 05:49:48,Email,Medium,24,10.35,46.47,True,Resolved,App Support,B. Silva,HQ - Dubai,Self-Service Portal,3
INC101034,2025-06-03 14:12:01,2025-06-03 18:27:01,Hardware,Medium,24,4.02,4.25,False,Reopened,Network Ops,G. Petrov,HQ - Dubai,Phone,
INC100363,2025-06-03 17:14:48,2025-06-04 02:16:00,Software,Medium,24,9.02,9.02,False,Resolved,Security Team,G. Petrov,Remote,Chat,5
INC101846,2025-06-03 17:54:52,2025-06-04 10:53:40,Network,High,8,1.74,16.98,True,Resolved,Security Team,I. Rossi,Remote,Phone,4
INC101699,2025-06-03 20:07:46,2025-06-03 22:25:10,Network,Critical,4,0.3,2.29,False,Resolved,Security Team,I. Rossi,HQ - Dubai,Walk-in,5
INC101000,2025-06-03 21:59:32,2025-06-04 10:42:08,Access Management,Low,48,12.71,12.71,False,Resolved,Systems Admin,L. Fernandes,HQ - Dubai,Phone,5
INC102170,2025-06-04 00:05:47,2025-06-04 16:19:35,Hardware,Low,48,13.32,16.23,False,Closed,Network Ops,J. Kim,Remote,Self-Service Portal,3
INC100005,2025-06-04 02:38:12,2025-06-04 10:37:00,Software,Medium,24,5.83,7.98,False,Resolved,Desktop Support,K. Meyer,Remote,Phone,5
INC100397,2025-06-04 16:19:46,2025-06-05 01:26:58,Hardware,High,8,0.91,9.12,True,Resolved,Network Ops,L. Fernandes,Branch - London,Email,3
INC101310,2025-06-04 18:12:52,2025-06-04 23:42:52,Access Management,Medium,24,4.73,5.5,False,Resolved,Security Team,K. Meyer,HQ - Dubai,Email,5
INC100825,2025-06-04 23:00:09,2025-06-06 04:01:21,Software,Low,48,19.55,29.02,False,Reopened,Desktop Support,F. Torres,Remote,Email,
INC101622,2025-06-05 04:20:02,2025-06-06 00:08:02,Access Management,Low,48,6.98,19.8,False,Resolved,Systems Admin,A. Khan,Remote,Email,5
INC101051,2025-06-05 04:45:08,2025-06-06 11:10:20,Application Support,Low,48,23.26,30.42,False,Resolved,Desktop Support,L. Fernandes,Branch - London,Walk-in,5
INC100779,2025-06-05 08:44:02,2025-06-05 12:45:14,Network,Low,48,4.02,4.02,False,Closed,Network Ops,I. Rossi,Remote,Self-Service Portal,4
INC102270,2025-06-05 09:38:36,2025-06-05 17:28:24,Application Support,High,8,3.45,7.83,False,Resolved,Network Ops,L. Fernandes,Branch - London,Self-Service Portal,4
INC101561,2025-06-05 09:45:05,2025-06-06 09:33:05,Access Management,Medium,24,6.75,23.8,False,Resolved,Security Team,L. Fernandes,HQ - Dubai,Email,4
INC101440,2025-06-05 10:09:05,2025-06-06 09:59:29,Access Management,Medium,24,5.46,23.84,False,Resolved,Network Ops,J. Kim,HQ - Dubai,Self-Service Portal,5
INC100875,2025-06-05 15:59:23,2025-06-05 17:52:11,Security Incident,High,8,0.05,1.88,False,Resolved,Systems Admin,E. Zhou,Branch - London,Chat,4
INC100783,2025-06-05 17:50:44,2025-06-06 08:48:56,Access Management,Medium,24,9.5,14.97,False,Closed,Desktop Support,I. Rossi,Branch - London,Email,4
INC100658,2025-06-05 21:42:17,2025-06-06 03:59:41,Access Management,Medium,24,6.29,6.29,False,Resolved,Systems Admin,C. Novak,Remote,Phone,5
INC102396,2025-06-05 23:20:05,2025-06-06 22:02:05,Email,Medium,24,3.15,22.7,False,Reopened,Systems Admin,B. Silva,Remote,Self-Service Portal,
INC100073,2025-06-06 00:24:14,2025-06-06 01:45:14,Network,Critical,4,1.23,1.35,False,Closed,Security Team,G. Petrov,HQ - Dubai,Email,5
INC101728,2025-06-06 03:07:31,2025-06-06 07:24:19,Hardware,High,8,1.69,4.28,False,Reopened,App Support,A. Khan,Branch - Singapore,Chat,
INC101645,2025-06-06 03:18:57,2025-06-07 15:11:45,Access Management,Medium,24,4.86,35.88,True,Resolved,Systems Admin,I. Rossi,Remote,Chat,2
INC102058,2025-06-06 05:25:27,2025-06-07 08:33:15,Network,Low,48,10.27,27.13,False,Resolved,Systems Admin,D. Ahmed,Remote,Self-Service Portal,4
INC102467,2025-06-06 13:25:05,2025-06-07 18:02:17,Software,Medium,24,0.37,28.62,True,Resolved,Systems Admin,C. Novak,Remote,Phone,4
INC102066,2025-06-06 15:36:13,2025-06-06 20:53:01,Email,High,8,3.25,5.28,False,Resolved,Systems Admin,J. Kim,Remote,Self-Service Portal,5
INC102079,2025-06-06 20:16:04,2025-06-07 15:22:40,Network,High,8,0.99,19.11,True,Resolved,Security Team,H. Osei,Remote,Email,3
INC102782,2025-06-07 00:09:41,2025-06-07 14:35:29,Application Support,Low,48,10.29,14.43,False,Resolved,Security Team,H. Osei,HQ - Dubai,Email,4
INC102344,2025-06-07 01:15:32,2025-06-07 06:49:08,Printer,Medium,24,1.3,5.56,False,Resolved,App Support,D. Ahmed,Branch - London,Self-Service Portal,3
INC101816,2025-06-07 03:57:13,2025-06-08 00:08:01,Access Management,Low,48,2.23,20.18,False,Resolved,Desktop Support,G. Petrov,Branch - London,Email,5
INC101720,2025-06-07 03:59:33,2025-06-07 07:16:21,Application Support,High,8,3.28,3.28,False,Closed,App Support,E. Zhou,Branch - Singapore,Walk-in,5
INC101972,2025-06-07 08:17:19,2025-06-09 01:35:19,Software,Low,48,20.77,41.3,False,Closed,Service Desk L1,B. Silva,Remote,Walk-in,5
INC100255,2025-06-07 08:44:15,2025-06-07 15:03:27,Access Management,Medium,24,2.51,6.32,False,Closed,Desktop Support,B. Silva,HQ - Dubai,Self-Service Portal,5
INC102583,2025-06-07 11:57:31,2025-06-07 15:40:07,Application Support,Critical,4,0.48,3.71,False,Resolved,Service Desk L1,L. Fernandes,Remote,Chat,4
INC102809,2025-06-07 12:55:12,2025-06-08 06:51:36,Email,Low,48,8.18,17.94,False,Resolved,Security Team,I. Rossi,Remote,Walk-in,3
INC102023,2025-06-07 15:11:32,2025-06-08 04:06:44,Software,Medium,24,10.55,12.92,False,Closed,Network Ops,L. Fernandes,Remote,Email,4
INC101137,2025-06-07 18:08:04,2025-06-13 16:12:16,Network,Low,48,12.96,142.07,True,Resolved,Systems Admin,J. Kim,HQ - Dubai,Chat,3
INC100922,2025-06-07 21:35:11,2025-06-08 05:12:59,Software,Medium,24,7.63,7.63,False,Closed,App Support,K. Meyer,HQ - Dubai,Self-Service Portal,5
INC100604,2025-06-08 00:05:44,2025-06-13 17:45:56,Software,Low,48,12.96,137.67,True,Resolved,Service Desk L1,K. Meyer,Branch - Singapore,Self-Service Portal,4
INC100832,2025-06-08 02:23:03,2025-06-08 23:45:15,Hardware,Medium,24,4.06,21.37,False,Resolved,Systems Admin,H. Osei,HQ - Dubai,Email,4
INC101782,2025-06-08 05:51:37,2025-06-08 08:33:37,Security Incident,Medium,24,2.7,2.7,False,Resolved,Network Ops,E. Zhou,Branch - London,Phone,5
INC102623,2025-06-08 06:57:06,2025-06-09 10:30:42,Application Support,Low,48,9.43,27.56,False,Resolved,Network Ops,H. Osei,HQ - Dubai,Phone,5
INC102839,2025-06-08 09:23:59,2025-06-09 07:26:23,Hardware,Low,48,3.51,22.04,False,Resolved,Systems Admin,D. Ahmed,Branch - New York,Email,4
INC101612,2025-06-08 11:06:04,2025-06-08 19:55:52,Application Support,High,8,0.59,8.83,True,Resolved,Systems Admin,G. Petrov,HQ - Dubai,Self-Service Portal,4
INC101559,2025-06-09 05:34:09,2025-06-11 22:00:33,Email,Low,48,21.23,64.44,True,Reopened,Security Team,F. Torres,Branch - New York,Chat,
INC101626,2025-06-09 08:46:45,2025-06-09 15:34:45,Access Management,Low,48,5.33,6.8,False,Resolved,App Support,H. Osei,HQ - Dubai,Phone,5
INC102010,2025-06-09 10:27:16,2025-06-10 01:02:04,Software,Low,48,4.07,14.58,False,Resolved,App Support,K. Meyer,Remote,Phone,5
INC101619,2025-06-09 12:03:29,2025-06-09 13:43:41,Network,Medium,24,1.67,1.67,False,Closed,Security Team,G. Petrov,Remote,Self-Service Portal,4
INC101139,2025-06-09 12:08:57,2025-06-10 14:03:33,Email,Low,48,23.52,25.91,False,Resolved,Security Team,L. Fernandes,Remote,Self-Service Portal,5
INC102350,2025-06-09 15:27:47,2025-06-11 18:27:11,Email,Low,48,13.68,50.99,True,Resolved,Systems Admin,D. Ahmed,Branch - London,Email,4
INC101536,2025-06-09 17:19:50,2025-06-09 22:12:38,Software,Medium,24,4.88,4.88,False,Reopened,Security Team,B. Silva,HQ - Dubai,Self-Service Portal,
INC102228,2025-06-09 20:07:57,2025-06-10 10:07:21,Printer,High,8,2.34,13.99,True,Reopened,Service Desk L1,L. Fernandes,Remote,Self-Service Portal,
INC101999,2025-06-10 00:12:27,2025-06-11 04:51:27,Access Management,Medium,24,7.92,28.65,True,Resolved,Service Desk L1,E. Zhou,Branch - Singapore,Phone,2
INC101021,2025-06-10 02:24:00,2025-06-12 08:07:12,Hardware,Medium,24,5.23,53.72,True,Reopened,Service Desk L1,F. Torres,Branch - London,Self-Service Portal,
INC101656,2025-06-10 04:11:34,2025-06-10 19:04:58,Access Management,Low,48,14.89,14.89,False,Closed,Service Desk L1,G. Petrov,Remote,Chat,4
INC100827,2025-06-10 06:07:00,2025-06-11 03:38:48,Network,High,8,1.85,21.53,True,Reopened,Service Desk L1,H. Osei,Remote,Phone,
INC102330,2025-06-10 12:44:08,2025-06-10 15:04:32,Access Management,High,8,0.64,2.34,False,Resolved,Service Desk L1,F. Torres,HQ - Dubai,Email,5
INC102162,2025-06-10 15:52:58,2025-06-10 18:27:46,Network,Critical,4,0.73,2.58,False,Closed,Desktop Support,A. Khan,Branch - London,Email,4
INC102253,2025-06-10 17:04:21,2025-06-10 20:40:57,Access Management,High,8,3.55,3.61,False,Closed,Desktop Support,A. Khan,HQ - Dubai,Phone,4
INC101424,2025-06-10 20:50:40,2025-06-11 10:58:28,Application Support,Medium,24,11.12,14.13,False,Resolved,Network Ops,C. Novak,Branch - London,Self-Service Portal,4
INC101430,2025-06-10 22:20:21,2025-06-11 00:05:57,Email,Critical,4,1.25,1.76,False,Resolved,Service Desk L1,L. Fernandes,Remote,Self-Service Portal,4
INC102753,2025-06-11 00:45:40,2025-06-12 07:39:40,Access Management,Low,48,14.94,30.9,False,Closed,App Support,H. Osei,Remote,Email,4
INC102706,2025-06-11 04:23:08,2025-06-11 06:30:56,Network,Critical,4,0.58,2.13,False,Resolved,Desktop Support,K. Meyer,Branch - London,Email,4
INC101639,2025-06-11 08:53:22,2025-06-13 20:35:22,Software,Low,48,15.49,59.7,True,Resolved,Systems Admin,E. Zhou,HQ - Dubai,Self-Service Portal,3
INC101032,2025-06-11 09:12:34,2025-06-11 20:09:34,Application Support,Medium,24,0.92,10.95,False,Resolved,Security Team,E. Zhou,Branch - New York,Walk-in,5
INC102916,2025-06-11 11:47:01,2025-06-11 22:26:01,Hardware,Medium,24,3.18,10.65,False,Resolved,Network Ops,D. Ahmed,Branch - London,Self-Service Portal,4
INC100018,2025-06-11 11:56:07,2025-06-11 23:26:43,Access Management,High,8,1.55,11.51,True,Resolved,Security Team,I. Rossi,Branch - Singapore,Phone,3
INC101352,2025-06-11 14:04:36,2025-06-11 21:30:24,Access Management,High,8,0.21,7.43,False,Resolved,Security Team,I. Rossi,Remote,Phone,3
INC101878,2025-06-11 14:40:58,2025-06-12 05:01:58,Email,Low,48,14.35,14.35,False,Closed,Security Team,F. Torres,HQ - Dubai,Phone,4
INC101228,2025-06-11 15:45:11,2025-06-11 22:48:11,Access Management,Medium,24,7.05,7.05,False,Resolved,App Support,D. Ahmed,HQ - Dubai,Email,4
INC100295,2025-06-12 04:22:18,2025-06-12 22:11:30,Printer,Medium,24,5.87,17.82,False,Resolved,App Support,I. Rossi,Branch - London,Self-Service Portal,4
INC101627,2025-06-12 04:36:43,2025-06-13 02:43:19,Printer,High,8,1.57,22.11,True,Reopened,Systems Admin,A. Khan,Branch - New York,Phone,
INC101209,2025-06-12 09:28:53,2025-06-14 03:38:29,Software,Low,48,8.21,42.16,False,Resolved,Network Ops,G. Petrov,Remote,Self-Service Portal,5
INC101427,2025-06-12 10:22:30,2025-06-14 09:35:06,Software,Low,48,8.7,47.21,False,Resolved,App Support,K. Meyer,Remote,Phone,3
INC102637,2025-06-12 14:16:43,2025-06-12 19:28:07,Email,Medium,24,5.19,5.19,False,Resolved,App Support,B. Silva,Branch - New York,Phone,3
INC102311,2025-06-12 18:38:38,2025-06-13 06:57:14,Network,High,8,0.42,12.31,True,Resolved,Service Desk L1,G. Petrov,HQ - Dubai,Phone,2
INC102548,2025-06-12 18:42:27,2025-06-15 18:47:51,Hardware,Medium,24,3.72,72.09,True,Closed,Systems Admin,A. Khan,Branch - London,Phone,3
INC101735,2025-06-12 21:09:49,,Printer,Medium,24,11.23,15.94,False,Reopened,Desktop Support,H. Osei,HQ - Dubai,Self-Service Portal,
INC100082,2025-06-13 02:14:21,2025-06-13 19:52:45,Software,Low,48,17.64,17.64,False,Resolved,Network Ops,K. Meyer,Remote,Email,4
INC101171,2025-06-13 06:41:02,2025-06-13 09:21:14,Hardware,Critical,4,1.69,2.67,False,Resolved,Systems Admin,G. Petrov,Branch - London,Self-Service Portal,5
INC100687,2025-06-13 13:16:50,2025-06-15 06:01:14,Application Support,Low,48,22.1,40.74,False,Resolved,Service Desk L1,E. Zhou,Branch - Singapore,Email,5
INC102036,2025-06-13 13:57:14,2025-06-13 16:46:26,Hardware,High,8,2.5,2.82,False,Resolved,Security Team,B. Silva,HQ - Dubai,Self-Service Portal,4
INC101804,2025-06-13 16:21:13,,Hardware,High,8,2.22,2.22,False,Reopened,Network Ops,C. Novak,Branch - London,Chat,
INC101086,2025-06-13 16:23:44,2025-06-13 19:08:08,Printer,High,8,2.74,2.74,False,Resolved,App Support,L. Fernandes,HQ - Dubai,Email,4
INC101907,2025-06-13 16:43:05,2025-06-13 18:35:53,Security Incident,Critical,4,0.71,1.88,False,Resolved,Systems Admin,F. Torres,HQ - Dubai,Self-Service Portal,4
INC101385,2025-06-13 18:33:53,2025-06-14 02:44:41,Printer,Medium,24,8.18,8.18,False,Resolved,Security Team,L. Fernandes,Branch - London,Chat,3
INC102496,2025-06-13 18:42:20,2025-06-15 14:33:20,Email,Low,48,1.05,43.85,False,Resolved,Desktop Support,J. Kim,HQ - Dubai,Self-Service Portal,4
INC101780,2025-06-13 20:36:38,2025-06-14 07:30:02,Hardware,Medium,24,7.54,10.89,False,Resolved,Systems Admin,K. Meyer,Remote,Chat,4
INC102987,2025-06-13 21:22:14,2025-06-14 03:02:26,Hardware,High,8,3.68,5.67,False,Closed,Desktop Support,F. Torres,Remote,Self-Service Portal,5
INC102273,2025-06-13 22:19:49,2025-06-14 01:30:37,Printer,High,8,1.94,3.18,False,Reopened,Service Desk L1,K. Meyer,HQ - Dubai,Self-Service Portal,
INC102826,2025-06-14 02:26:28,2025-06-14 16:17:28,Hardware,Low,48,13.85,13.85,False,Resolved,Systems Admin,A. Khan,Remote,Email,5
INC101857,2025-06-14 05:36:24,2025-06-15 21:50:48,Application Support,Medium,24,8.52,40.24,True,Closed,Service Desk L1,C. Novak,Branch - New York,Self-Service Portal,3
INC101199,2025-06-14 09:00:47,2025-06-15 03:25:59,Access Management,Medium,24,3.9,18.42,False,Resolved,App Support,B. Silva,Branch - Singapore,Email,5
INC101998,2025-06-14 16:42:28,2025-06-17 20:31:04,Security Incident,Low,48,2.34,75.81,True,Reopened,App Support,J. Kim,Remote,Email,
INC101615,2025-06-14 21:16:13,2025-06-16 02:46:49,Network,Low,48,1.72,29.51,False,Closed,App Support,F. Torres,Branch - New York,Walk-in,3
INC100702,2025-06-15 00:02:42,2025-06-16 23:18:18,Security Incident,Low,48,23.1,47.26,False,Closed,App Support,B. Silva,Remote,Self-Service Portal,5
INC101278,2025-06-15 16:33:14,2025-06-16 14:09:50,Application Support,Medium,24,3.67,21.61,False,Resolved,Security Team,B. Silva,HQ - Dubai,Self-Service Portal,5
INC102098,2025-06-15 16:34:39,2025-06-16 03:10:39,Network,High,8,0.31,10.6,True,Reopened,Service Desk L1,K. Meyer,Remote,Self-Service Portal,
INC101665,2025-06-15 17:18:48,2025-06-17 08:24:12,Hardware,Medium,24,5.08,39.09,True,Reopened,Systems Admin,F. Torres,Remote,Email,
INC102685,2025-06-15 18:18:25,2025-06-15 21:30:25,Software,High,8,2.28,3.2,False,Closed,Desktop Support,J. Kim,Branch - London,Phone,5
INC101924,2025-06-15 18:54:06,2025-06-15 22:56:30,Access Management,High,8,0.43,4.04,False,Resolved,Service Desk L1,J. Kim,Branch - Singapore,Phone,4
INC101742,2025-06-15 22:59:28,2025-06-20 10:09:40,Network,Low,48,8.97,107.17,True,Reopened,Desktop Support,L. Fernandes,Branch - London,Chat,
INC100772,2025-06-16 03:59:04,2025-06-18 17:21:16,Network,Low,48,11.77,61.37,True,Reopened,Systems Admin,L. Fernandes,Branch - London,Phone,
INC102013,2025-06-16 08:22:08,2025-06-16 22:09:32,Network,Low,48,13.05,13.79,False,Closed,Security Team,K. Meyer,HQ - Dubai,Chat,5
INC102028,2025-06-16 09:35:41,2025-06-16 20:38:05,Hardware,Medium,24,5.1,11.04,False,Reopened,Service Desk L1,J. Kim,HQ - Dubai,Self-Service Portal,
INC100243,2025-06-16 10:55:04,2025-06-16 17:52:04,Hardware,High,8,1.96,6.95,False,Resolved,Security Team,C. Novak,Branch - London,Phone,4
INC102453,2025-06-16 13:33:54,2025-06-16 21:51:54,Access Management,Medium,24,4.23,8.3,False,Closed,Desktop Support,A. Khan,Remote,Self-Service Portal,3
INC102917,2025-06-16 14:32:32,2025-06-17 10:27:08,Hardware,Low,48,1.78,19.91,False,Resolved,Security Team,K. Meyer,HQ - Dubai,Email,4
INC100245,2025-06-16 22:01:08,2025-06-20 04:51:32,Hardware,Low,48,14.08,78.84,True,Resolved,Desktop Support,B. Silva,Branch - London,Email,3
INC101005,2025-06-17 03:30:44,2025-06-17 09:04:20,Hardware,High,8,3.4,5.56,False,Resolved,Service Desk L1,J. Kim,HQ - Dubai,Phone,4
INC101298,2025-06-17 08:40:21,2025-06-18 11:50:33,Printer,Medium,24,7.8,27.17,True,Resolved,Network Ops,B. Silva,Branch - New York,Phone,4
INC102408,2025-06-17 09:48:07,2025-06-18 14:03:07,Software,Medium,24,8.19,28.25,True,Resolved,Systems Admin,B. Silva,HQ - Dubai,Chat,3
INC102380,2025-06-17 10:39:48,2025-06-17 21:29:36,Access Management,Medium,24,8.98,10.83,False,Resolved,Systems Admin,L. Fernandes,HQ - Dubai,Email,3
INC100415,2025-06-17 16:29:51,2025-06-18 06:13:03,Software,Medium,24,0.17,13.72,False,Resolved,Network Ops,H. Osei,HQ - Dubai,Walk-in,5
INC101915,2025-06-17 16:31:02,,Application Support,Low,48,10.33,17.5,False,Reopened,Service Desk L1,H. Osei,HQ - Dubai,Phone,
INC101644,2025-06-17 17:59:09,2025-06-18 09:42:21,Printer,Medium,24,10.83,15.72,False,Resolved,Network Ops,L. Fernandes,Branch - New York,Chat,5
INC102750,2025-06-17 18:57:34,2025-06-18 04:42:34,Network,Low,48,6.45,9.75,False,Resolved,Desktop Support,I. Rossi,HQ - Dubai,Self-Service Portal,5
INC102393,2025-06-17 20:07:09,2025-06-18 07:47:21,Hardware,High,8,0.53,11.67,True,Reopened,Security Team,L. Fernandes,Branch - New York,Self-Service Portal,
INC100843,2025-06-17 22:19:47,2025-06-18 12:44:59,Hardware,Low,48,6.42,14.42,False,Closed,Network Ops,G. Petrov,HQ - Dubai,Self-Service Portal,5
INC101950,2025-06-17 23:46:03,,Printer,Low,48,15.48,17.86,False,Reopened,Security Team,L. Fernandes,Branch - London,Email,
INC102807,2025-06-18 01:50:16,2025-06-19 01:55:04,Printer,Low,48,17.51,24.08,False,Resolved,Desktop Support,K. Meyer,Remote,Email,3
INC101723,2025-06-18 03:56:56,2025-06-20 08:54:32,Security Incident,Low,48,18.14,52.96,True,Reopened,Security Team,J. Kim,HQ - Dubai,Email,
INC102566,2025-06-18 12:46:33,2025-06-21 13:12:57,Security Incident,Low,48,18.37,72.44,True,Resolved,Desktop Support,D. Ahmed,HQ - Dubai,Email,3
INC102762,2025-06-18 14:07:59,2025-06-20 15:49:23,Software,Low,48,2.77,49.69,True,Resolved,Security Team,L. Fernandes,Branch - New York,Self-Service Portal,2
INC102325,2025-06-18 14:56:14,2025-06-19 09:51:26,Security Incident,Medium,24,10.25,18.92,False,Resolved,Desktop Support,G. Petrov,Branch - Singapore,Self-Service Portal,5
INC100770,2025-06-18 16:10:58,2025-06-25 14:20:34,Network,Low,48,2.31,166.16,True,Resolved,Network Ops,F. Torres,Remote,Email,3
INC102999,2025-06-18 17:32:43,2025-06-19 17:18:55,Printer,Low,48,21.7,23.77,False,Closed,Security Team,G. Petrov,Remote,Email,4
INC100008,2025-06-18 19:43:06,2025-06-18 20:17:54,Network,Critical,4,0.58,0.58,False,Closed,Network Ops,A. Khan,HQ - Dubai,Self-Service Portal,4
INC102525,2025-06-19 02:08:27,2025-06-20 07:46:51,Hardware,Low,48,4.11,29.64,False,Closed,Security Team,B. Silva,Branch - New York,Walk-in,2
INC100128,2025-06-19 04:09:15,2025-06-19 09:43:27,Hardware,Medium,24,5.01,5.57,False,Reopened,App Support,E. Zhou,Branch - London,Chat,
INC100215,2025-06-19 11:46:35,2025-06-20 00:08:47,Software,Medium,24,9.49,12.37,False,Reopened,App Support,L. Fernandes,HQ - Dubai,Chat,
INC102984,2025-06-19 12:54:25,2025-06-19 20:32:49,Application Support,Critical,4,1.03,7.64,True,Resolved,Service Desk L1,E. Zhou,Remote,Self-Service Portal,4
INC100471,2025-06-19 13:31:11,2025-06-19 16:45:35,Application Support,High,8,1.69,3.24,False,Resolved,Service Desk L1,I. Rossi,HQ - Dubai,Chat,3
INC100256,2025-06-19 17:39:35,2025-06-19 20:27:35,Hardware,High,8,2.65,2.8,False,Resolved,Systems Admin,H. Osei,Branch - London,Phone,4
INC102521,2025-06-19 19:36:23,2025-06-20 11:45:23,Security Incident,Low,48,9.45,16.15,False,Resolved,Security Team,D. Ahmed,Remote,Email,5
INC101143,2025-06-19 20:57:49,2025-06-20 17:12:13,Access Management,Low,48,11.38,20.24,False,Resolved,Service Desk L1,E. Zhou,HQ - Dubai,Self-Service Portal,5
INC102830,2025-06-19 21:04:01,2025-06-21 00:58:37,Access Management,Medium,24,10.82,27.91,True,Closed,App Support,G. Petrov,Remote,Self-Service Portal,3
INC101050,2025-06-19 22:08:36,2025-06-20 01:50:36,Email,Medium,24,3.7,3.7,False,Resolved,Security Team,C. Novak,Branch - London,Phone,3
INC102447,2025-06-20 00:19:02,2025-06-20 21:39:26,Access Management,Low,48,1.83,21.34,False,Resolved,App Support,F. Torres,Branch - Singapore,Email,3
INC102964,2025-06-20 02:41:37,2025-06-20 12:59:37,Application Support,Medium,24,0.36,10.3,False,Resolved,Desktop Support,G. Petrov,HQ - Dubai,Chat,5
INC100484,2025-06-20 07:58:15,2025-06-21 13:04:51,Application Support,Low,48,1.34,29.11,False,Resolved,App Support,B. Silva,Branch - New York,Self-Service Portal,3
INC100210,2025-06-20 15:35:08,2025-06-20 19:56:44,Network,High,8,3.31,4.36,False,Resolved,Network Ops,B. Silva,Branch - London,Self-Service Portal,5
INC101254,2025-06-20 17:52:47,2025-06-21 06:28:47,Application Support,Low,48,1.91,12.6,False,Resolved,Security Team,G. Petrov,HQ - Dubai,Self-Service Portal,4
INC100329,2025-06-20 21:22:40,2025-06-21 05:04:04,Hardware,Medium,24,1.43,7.69,False,Resolved,Service Desk L1,F. Torres,Branch - Singapore,Phone,4
INC101161,2025-06-21 00:15:21,2025-06-21 03:08:45,Application Support,High,8,1.25,2.89,False,Closed,Security Team,F. Torres,Branch - London,Phone,5
INC101977,2025-06-21 04:21:21,2025-06-21 08:59:45,Software,High,8,2.96,4.64,False,Resolved,Network Ops,C. Novak,HQ - Dubai,Email,3
INC101948,2025-06-21 07:38:10,2025-06-21 09:02:10,Software,Critical,4,0.85,1.4,False,Resolved,Desktop Support,E. Zhou,HQ - Dubai,Email,5
INC101136,2025-06-21 10:03:44,2025-06-22 10:43:20,Access Management,Low,48,16.33,24.66,False,Resolved,Systems Admin,F. Torres,Branch - London,Phone,4
INC102225,2025-06-21 10:29:03,2025-06-21 18:40:27,Printer,Critical,4,0.43,8.19,True,Resolved,Service Desk L1,A. Khan,Branch - New York,Chat,4
INC102657,2025-06-21 15:17:25,2025-06-22 13:46:13,Software,Low,48,3.35,22.48,False,Resolved,Systems Admin,L. Fernandes,HQ - Dubai,Email,5
INC100835,2025-06-21 17:32:48,2025-06-24 05:00:24,Network,Medium,24,3.96,59.46,True,Resolved,Systems Admin,B. Silva,Branch - New York,Self-Service Portal,4
INC100635,2025-06-21 18:17:40,2025-06-22 02:13:28,Hardware,Medium,24,7.93,7.93,False,Reopened,App Support,C. Novak,Branch - New York,Email,
INC102829,2025-06-21 20:06:07,2025-06-22 08:11:31,Application Support,Low,48,12.09,12.09,False,Reopened,Desktop Support,K. Meyer,Branch - Singapore,Self-Service Portal,
INC100164,2025-06-22 05:48:48,2025-06-23 05:08:00,Hardware,Low,48,3.56,23.32,False,Resolved,App Support,D. Ahmed,HQ - Dubai,Self-Service Portal,2
INC102628,2025-06-22 05:59:56,2025-06-22 07:59:56,Email,Critical,4,0.57,2.0,False,Resolved,Security Team,E. Zhou,Remote,Phone,5
INC101107,2025-06-22 06:08:30,2025-06-22 08:50:30,Software,Critical,4,0.26,2.7,False,Resolved,Network Ops,J. Kim,Remote,Phone,4
INC100511,2025-06-22 10:53:47,2025-06-22 16:50:47,Access Management,Medium,24,5.95,5.95,False,Closed,Service Desk L1,J. Kim,HQ - Dubai,Self-Service Portal,4
INC101091,2025-06-22 11:57:21,2025-06-24 15:29:45,Application Support,Low,48,1.95,51.54,True,Closed,Security Team,L. Fernandes,Branch - London,Email,5
INC102041,2025-06-22 16:02:50,2025-06-22 23:37:38,Software,Critical,4,1.57,7.58,True,Resolved,Service Desk L1,G. Petrov,Remote,Self-Service Portal,2
INC102323,2025-06-22 16:53:15,2025-06-22 20:56:51,Software,High,8,2.72,4.06,False,Reopened,Network Ops,A. Khan,HQ - Dubai,Self-Service Portal,
INC100615,2025-06-22 20:00:28,2025-06-24 06:17:16,Email,Medium,24,0.81,34.28,True,Resolved,App Support,H. Osei,HQ - Dubai,Chat,2
INC100417,2025-06-22 21:05:51,,Security Incident,High,8,2.36,2.96,False,Reopened,Security Team,F. Torres,Remote,Self-Service Portal,
INC101969,2025-06-23 00:42:52,2025-06-23 19:46:28,Email,Medium,24,3.03,19.06,False,Resolved,Service Desk L1,B. Silva,HQ - Dubai,Self-Service Portal,4
INC101046,2025-06-23 03:56:46,2025-06-24 18:17:10,Email,Medium,24,6.69,38.34,True,Resolved,App Support,J. Kim,Remote,Phone,4
INC100899,2025-06-23 04:39:00,2025-06-24 01:22:48,Access Management,Medium,24,7.15,20.73,False,Resolved,Desktop Support,G. Petrov,HQ - Dubai,Chat,4
INC102950,2025-06-23 08:37:29,2025-06-23 18:50:05,Access Management,Medium,24,5.12,10.21,False,Closed,Network Ops,H. Osei,Remote,Email,4
INC102300,2025-06-23 13:08:35,2025-06-23 14:15:11,Printer,High,8,1.11,1.11,False,Resolved,Service Desk L1,G. Petrov,Remote,Self-Service Portal,5
INC101996,2025-06-23 15:48:44,2025-06-24 20:25:20,Application Support,Low,48,22.95,28.61,False,Resolved,App Support,J. Kim,HQ - Dubai,Self-Service Portal,4
INC101120,2025-06-23 17:58:52,2025-06-24 18:30:40,Email,Medium,24,10.98,24.53,True,Resolved,Network Ops,E. Zhou,Remote,Self-Service Portal,3
INC101796,2025-06-23 19:13:10,2025-06-23 22:33:34,Security Incident,High,8,3.34,3.34,False,Resolved,Service Desk L1,J. Kim,HQ - Dubai,Chat,4
INC101763,2025-06-23 19:19:00,2025-06-24 03:01:36,Access Management,Medium,24,5.85,7.71,False,Resolved,App Support,C. Novak,Branch - London,Phone,5
INC100680,2025-06-24 00:04:48,2025-06-24 16:32:24,Application Support,High,8,0.62,16.46,True,Resolved,Security Team,F. Torres,Branch - New York,Email,3
INC101463,2025-06-24 02:43:23,2025-06-26 13:52:23,Hardware,Low,48,4.86,59.15,True,Resolved,App Support,A. Khan,Branch - London,Self-Service Portal,4
INC102490,2025-06-24 05:36:10,,Email,Medium,24,2.77,9.14,False,Reopened,Security Team,B. Silva,HQ - Dubai,Self-Service Portal,
INC100594,2025-06-24 06:56:00,2025-06-24 09:35:36,Software,High,8,2.23,2.66,False,Resolved,App Support,L. Fernandes,Remote,Email,3
INC102471,2025-06-24 14:48:29,2025-06-25 13:29:53,Access Management,Medium,24,8.86,22.69,False,Resolved,Security Team,D. Ahmed,Remote,Phone,3
INC102775,2025-06-24 18:13:23,2025-06-25 11:50:35,Hardware,Medium,24,3.16,17.62,False,Resolved,App Support,D. Ahmed,Remote,Self-Service Portal,4
INC101678,2025-06-24 19:51:41,2025-06-27 02:20:29,Application Support,Medium,24,1.91,54.48,True,Resolved,Security Team,D. Ahmed,Branch - Singapore,Email,3
INC102043,2025-06-24 21:27:33,,Software,Medium,24,2.8,24.58,True,Reopened,Security Team,J. Kim,HQ - Dubai,Self-Service Portal,
INC100420,2025-06-24 23:40:05,2025-06-25 23:33:29,Access Management,Low,48,19.27,23.89,False,Closed,Desktop Support,H. Osei,Remote,Self-Service Portal,3
INC100611,2025-06-25 01:48:22,2025-06-25 23:05:46,Network,Low,48,0.32,21.29,False,Resolved,Systems Admin,E. Zhou,Remote,Walk-in,4
INC100398,2025-06-25 04:00:15,2025-06-25 18:48:51,Hardware,Medium,24,2.48,14.81,False,Reopened,Network Ops,J. Kim,Branch - Singapore,Chat,
INC102086,2025-06-25 04:22:43,2025-06-26 01:23:19,Software,Low,48,2.46,21.01,False,Resolved,Security Team,C. Novak,HQ - Dubai,Self-Service Portal,5
INC101166,2025-06-25 09:09:54,2025-06-27 09:38:06,Email,Low,48,9.13,48.47,True,Closed,Systems Admin,E. Zhou,Branch - New York,Self-Service Portal,4
INC100133,2025-06-25 11:20:18,2025-06-25 20:21:30,Access Management,Medium,24,7.6,9.02,False,Resolved,Network Ops,D. Ahmed,HQ - Dubai,Self-Service Portal,5
INC100512,2025-06-25 11:20:25,2025-06-25 20:28:13,Software,Medium,24,2.32,9.13,False,Resolved,Service Desk L1,L. Fernandes,HQ - Dubai,Phone,5
INC102780,2025-06-25 12:30:29,2025-06-25 19:34:41,Network,Medium,24,6.48,7.07,False,Resolved,Security Team,J. Kim,HQ - Dubai,Phone,3
INC101957,2025-06-25 14:02:01,2025-06-25 22:35:37,Access Management,High,8,2.02,8.56,True,Resolved,Desktop Support,K. Meyer,Remote,Email,4
INC101749,2025-06-25 15:26:57,2025-06-28 03:40:45,Access Management,Medium,24,6.14,60.23,True,Resolved,Systems Admin,J. Kim,Branch - Singapore,Email,3
INC100619,2025-06-25 20:03:37,2025-06-26 00:56:25,Security Incident,Medium,24,4.88,4.88,False,Resolved,Systems Admin,H. Osei,HQ - Dubai,Self-Service Portal,5
INC100861,2025-06-26 00:45:00,2025-06-26 04:27:00,Software,High,8,3.61,3.7,False,Resolved,Systems Admin,C. Novak,Remote,Email,3
INC101217,2025-06-26 01:31:53,2025-06-26 20:30:05,Software,High,8,3.95,18.97,True,Resolved,App Support,B. Silva,Branch - Singapore,Phone,4
INC102641,2025-06-26 19:19:47,2025-06-27 06:10:47,Access Management,High,8,2.6,10.85,True,Reopened,Network Ops,K. Meyer,HQ - Dubai,Self-Service Portal,
INC101057,2025-06-26 22:01:09,2025-06-27 08:54:33,Hardware,High,8,2.26,10.89,True,Reopened,Service Desk L1,A. Khan,Remote,Self-Service Portal,
INC102383,2025-06-26 22:20:55,2025-06-27 14:25:07,Hardware,Low,48,8.5,16.07,False,Reopened,App Support,F. Torres,Branch - London,Chat,
INC100692,2025-06-26 22:28:58,2025-06-27 10:42:10,Software,Low,48,12.22,12.22,False,Resolved,App Support,F. Torres,Remote,Email,4
INC102731,2025-06-26 23:52:41,2025-06-27 17:16:41,Hardware,Low,48,17.4,17.4,False,Closed,Security Team,K. Meyer,HQ - Dubai,Chat,4
INC101300,2025-06-27 00:57:54,2025-06-29 11:50:06,Software,Medium,24,6.4,58.87,True,Resolved,App Support,I. Rossi,Remote,Email,3
INC102594,2025-06-27 02:06:51,2025-06-28 10:26:03,Email,Low,48,7.25,32.32,False,Closed,App Support,E. Zhou,Branch - Singapore,Email,3
INC102769,2025-06-27 06:20:31,2025-06-29 08:37:19,Printer,Medium,24,7.79,50.28,True,Resolved,Security Team,G. Petrov,Branch - London,Email,4
INC102460,2025-06-27 10:11:42,2025-06-28 01:51:18,Hardware,Medium,24,1.28,15.66,False,Closed,App Support,K. Meyer,HQ - Dubai,Self-Service Portal,5
INC102145,2025-06-27 12:40:44,2025-06-27 17:55:08,Email,High,8,2.18,5.24,False,Resolved,Security Team,F. Torres,Remote,Phone,5
INC100056,2025-06-27 14:47:31,2025-06-28 00:28:55,Hardware,Medium,24,6.01,9.69,False,Resolved,Network Ops,H. Osei,Branch - Singapore,Email,5
INC100068,2025-06-27 18:21:47,2025-06-28 09:48:11,Application Support,Low,48,13.12,15.44,False,Closed,Network Ops,H. Osei,Branch - Singapore,Chat,5
INC100538,2025-06-28 01:39:10,2025-06-29 22:07:22,Hardware,Low,48,11.76,44.47,False,Resolved,App Support,B. Silva,HQ - Dubai,Phone,5
INC102315,2025-06-28 02:39:15,2025-06-28 07:08:39,Application Support,High,8,3.6,4.49,False,Resolved,Systems Admin,K. Meyer,Branch - London,Email,5
INC102290,2025-06-28 06:58:22,2025-06-29 02:35:34,Software,Medium,24,8.66,19.62,False,Reopened,Network Ops,D. Ahmed,Remote,Email,
INC100269,2025-06-28 11:37:20,2025-06-28 18:37:56,Hardware,Critical,4,1.24,7.01,True,Resolved,Systems Admin,I. Rossi,Branch - London,Chat,3
INC100672,2025-06-28 12:20:47,2025-06-30 07:32:11,Application Support,Low,48,6.56,43.19,False,Reopened,App Support,I. Rossi,Remote,Email,
INC101140,2025-06-28 13:44:13,2025-06-28 18:06:25,Access Management,Medium,24,2.34,4.37,False,Resolved,Security Team,D. Ahmed,HQ - Dubai,Chat,5
INC100187,2025-06-28 20:28:22,2025-06-29 21:36:46,Application Support,Medium,24,2.76,25.14,True,Resolved,Systems Admin,L. Fernandes,Branch - London,Email,4
INC100359,2025-06-29 06:03:48,2025-06-30 16:48:12,Hardware,Low,48,5.9,34.74,False,Resolved,Desktop Support,A. Khan,Remote,Self-Service Portal,4
INC102279,2025-06-29 08:22:17,2025-06-29 13:44:29,Access Management,High,8,1.13,5.37,False,Closed,Network Ops,J. Kim,Branch - London,Walk-in,4
INC102105,2025-06-29 17:03:20,2025-06-30 19:45:20,Hardware,Medium,24,0.68,26.7,True,Closed,Service Desk L1,I. Rossi,HQ - Dubai,Phone,3
INC102451,2025-06-29 20:08:42,2025-06-29 20:47:42,Network,Critical,4,0.65,0.65,False,Closed,Network Ops,I. Rossi,HQ - Dubai,Phone,3
INC101092,2025-06-29 20:39:33,2025-06-29 22:36:33,Security Incident,Critical,4,0.11,1.95,False,Reopened,Desktop Support,I. Rossi,HQ - Dubai,Self-Service Portal,
INC101200,2025-06-29 20:43:04,2025-06-30 09:44:16,Software,Low,48,13.02,13.02,False,Resolved,Desktop Support,K. Meyer,Branch - New York,Chat,3
INC102542,2025-06-29 20:50:27,2025-07-01 02:24:03,Network,Low,48,20.06,29.56,False,Resolved,Desktop Support,B. Silva,HQ - Dubai,Self-Service Portal,5
INC100439,2025-06-30 02:07:55,2025-06-30 07:47:31,Software,Medium,24,0.19,5.66,False,Closed,Service Desk L1,I. Rossi,HQ - Dubai,Email,5
INC102876,2025-06-30 02:17:23,2025-06-30 22:26:59,Access Management,Medium,24,1.71,20.16,False,Resolved,App Support,H. Osei,HQ - Dubai,Chat,4
INC102986,2025-06-30 07:28:34,2025-07-01 16:11:10,Security Incident,Medium,24,3.23,32.71,True,Resolved,Security Team,C. Novak,HQ - Dubai,Phone,4
INC101422,2025-06-30 09:42:06,2025-06-30 12:55:54,Application Support,High,8,3.23,3.23,False,Resolved,Security Team,G. Petrov,Branch - Singapore,Self-Service Portal,5
INC102165,2025-06-30 10:44:21,2025-07-01 00:16:45,Access Management,High,8,1.28,13.54,True,Resolved,Desktop Support,A. Khan,HQ - Dubai,Self-Service Portal,4
INC100153,2025-06-30 11:39:34,2025-06-30 18:04:46,Network,High,8,3.14,6.42,False,Reopened,Network Ops,F. Torres,HQ - Dubai,Self-Service Portal,
INC100116,2025-06-30 15:02:19,2025-06-30 21:11:55,Access Management,High,8,1.57,6.16,False,Resolved,Systems Admin,C. Novak,Branch - London,Phone,4
INC101153,2025-06-30 15:34:06,2025-06-30 23:44:18,Software,Low,48,5.39,8.17,False,Resolved,Desktop Support,D. Ahmed,Remote,Self-Service Portal,5
INC102593,2025-07-01 02:44:05,2025-07-01 07:59:05,Printer,Medium,24,2.0,5.25,False,Resolved,Systems Admin,F. Torres,Remote,Phone,5
INC100911,2025-07-01 03:18:24,2025-07-01 14:58:36,Network,Low,48,2.64,11.67,False,Resolved,Security Team,G. Petrov,HQ - Dubai,Email,3
INC102326,2025-07-01 10:02:09,2025-07-03 03:33:21,Security Incident,Low,48,18.59,41.52,False,Resolved,Network Ops,L. Fernandes,Branch - London,Self-Service Portal,4
INC100696,2025-07-01 12:33:15,2025-07-04 03:15:51,Email,Low,48,14.22,62.71,True,Resolved,Security Team,D. Ahmed,Branch - New York,Self-Service Portal,5
INC102638,2025-07-01 13:15:44,2025-07-06 05:28:56,Printer,Low,48,16.3,112.22,True,Closed,Network Ops,L. Fernandes,Remote,Self-Service Portal,2
INC102677,2025-07-01 17:54:12,,Printer,High,8,2.48,2.48,False,Reopened,Systems Admin,E. Zhou,HQ - Dubai,Phone,
INC100574,2025-07-01 19:41:29,2025-07-02 11:06:41,Hardware,Low,48,15.42,15.42,False,Closed,Network Ops,A. Khan,Branch - New York,Self-Service Portal,4
INC100603,2025-07-01 20:40:15,2025-07-03 19:52:15,Network,Low,48,23.92,47.2,False,Closed,Security Team,B. Silva,HQ - Dubai,Email,4
INC101654,2025-07-01 20:44:48,2025-07-02 19:41:12,Software,Low,48,10.18,22.94,False,Reopened,Desktop Support,E. Zhou,Branch - New York,Self-Service Portal,
INC101810,2025-07-01 20:54:02,2025-07-02 12:05:26,Application Support,Medium,24,10.94,15.19,False,Reopened,Security Team,I. Rossi,HQ - Dubai,Self-Service Portal,
INC102388,2025-07-01 23:51:48,2025-07-02 08:30:12,Software,Medium,24,8.12,8.64,False,Closed,App Support,H. Osei,Branch - London,Walk-in,4
INC101471,2025-07-02 00:51:47,2025-07-02 04:19:59,Hardware,High,8,1.81,3.47,False,Resolved,Service Desk L1,E. Zhou,Branch - London,Phone,3
INC101790,2025-07-02 02:15:03,2025-07-02 20:34:15,Network,Medium,24,8.84,18.32,False,Reopened,Network Ops,A. Khan,HQ - Dubai,Self-Service Portal,
INC101094,2025-07-02 02:36:49,2025-07-02 23:01:25,Application Support,Low,48,8.6,20.41,False,Resolved,Systems Admin,F. Torres,HQ - Dubai,Chat,3
INC100774,2025-07-02 17:30:03,2025-07-04 12:07:15,Security Incident,Low,48,21.58,42.62,False,Resolved,Service Desk L1,B. Silva,HQ - Dubai,Phone,4
INC101691,2025-07-02 19:29:58,2025-07-03 07:15:34,Access Management,Medium,24,4.92,11.76,False,Resolved,App Support,I. Rossi,Remote,Phone,4
INC102184,2025-07-02 20:18:34,2025-07-04 05:40:46,Application Support,Low,48,17.33,33.37,False,Resolved,Desktop Support,F. Torres,Remote,Self-Service Portal,5
INC100860,2025-07-03 01:00:28,2025-07-03 07:08:16,Access Management,High,8,1.06,6.13,False,Reopened,Desktop Support,C. Novak,HQ - Dubai,Email,
INC102972,2025-07-03 02:46:58,2025-07-03 16:25:58,Hardware,Medium,24,6.17,13.65,False,Resolved,Service Desk L1,D. Ahmed,HQ - Dubai,Phone,3
INC101713,2025-07-03 03:25:54,2025-07-03 10:33:06,Printer,Medium,24,1.29,7.12,False,Reopened,Desktop Support,H. Osei,Branch - New York,Self-Service Portal,
INC102603,2025-07-03 05:16:00,2025-07-04 03:38:12,Email,Low,48,20.35,22.37,False,Resolved,App Support,L. Fernandes,Branch - London,Self-Service Portal,4
INC102139,2025-07-03 08:14:17,2025-07-03 21:00:29,Network,Low,48,12.77,12.77,False,Resolved,Desktop Support,C. Novak,Remote,Phone,3
INC102884,2025-07-03 08:57:13,2025-07-09 03:12:49,Access Management,Low,48,16.2,138.26,True,Resolved,Service Desk L1,J. Kim,Branch - New York,Email,4
INC102910,2025-07-03 10:19:35,2025-07-03 19:42:59,Software,Low,48,9.21,9.39,False,Resolved,Security Team,I. Rossi,Remote,Phone,4
INC101521,2025-07-03 14:31:49,2025-07-13 23:28:13,Email,Low,48,6.93,248.94,True,Resolved,Security Team,I. Rossi,Remote,Chat,3
INC101381,2025-07-03 18:11:36,2025-07-05 15:47:00,Application Support,Low,48,2.01,45.59,False,Resolved,Network Ops,E. Zhou,Branch - Singapore,Email,5
INC100813,2025-07-03 20:02:17,2025-07-04 06:34:05,Access Management,High,8,1.42,10.53,True,Resolved,Security Team,L. Fernandes,Branch - New York,Walk-in,3
INC102237,2025-07-03 20:52:52,2025-07-06 06:22:16,Software,Low,48,5.21,57.49,True,Resolved,Desktop Support,D. Ahmed,Branch - New York,Chat,3
INC100440,2025-07-04 00:47:56,2025-07-05 01:56:56,Software,Low,48,7.49,25.15,False,Resolved,Service Desk L1,C. Novak,HQ - Dubai,Chat,4
INC102006,2025-07-04 03:23:04,2025-07-04 06:23:04,Printer,High,8,2.49,3.0,False,Resolved,Security Team,B. Silva,Remote,Email,4
INC101236,2025-07-04 06:58:13,2025-07-05 06:39:01,Software,Medium,24,11.88,23.68,False,Resolved,App Support,G. Petrov,Branch - New York,Phone,3
INC100849,2025-07-04 09:30:36,2025-07-04 10:37:48,Software,Critical,4,1.12,1.12,False,Resolved,Systems Admin,B. Silva,Branch - London,Self-Service Portal,4
INC100060,2025-07-04 10:01:21,2025-07-05 22:51:45,Software,Low,48,23.31,36.84,False,Resolved,Desktop Support,E. Zhou,Branch - Singapore,Chat,3
INC102443,2025-07-04 12:13:37,2025-07-04 18:42:25,Hardware,High,8,1.18,6.48,False,Resolved,Systems Admin,K. Meyer,Remote,Email,4
INC100851,2025-07-04 18:15:17,2025-07-04 21:41:41,Security Incident,Low,48,3.44,3.44,False,Resolved,Systems Admin,G. Petrov,Remote,Chat,4
INC100025,2025-07-04 18:33:56,2025-07-05 02:33:56,Network,Medium,24,5.62,8.0,False,Closed,Service Desk L1,K. Meyer,HQ - Dubai,Email,4
INC101761,2025-07-05 00:20:49,,Printer,High,8,2.42,15.73,True,Reopened,Desktop Support,J. Kim,Branch - Singapore,Self-Service Portal,
INC102371,2025-07-05 04:18:16,2025-07-05 07:29:40,Application Support,High,8,3.19,3.19,False,Closed,Service Desk L1,F. Torres,HQ - Dubai,Self-Service Portal,5
INC102480,2025-07-05 05:07:17,2025-07-05 08:32:29,Application Support,Critical,4,1.09,3.42,False,Resolved,Desktop Support,G. Petrov,Branch - London,Self-Service Portal,5
INC102254,2025-07-05 07:42:17,2025-07-06 01:58:29,Software,Low,48,18.27,18.27,False,Resolved,App Support,D. Ahmed,HQ - Dubai,Self-Service Portal,5
INC100146,2025-07-05 08:10:46,2025-07-05 19:04:10,Access Management,High,8,3.23,10.89,True,Resolved,App Support,K. Meyer,Branch - London,Self-Service Portal,3
INC100140,2025-07-05 12:37:24,2025-07-05 15:35:00,Security Incident,High,8,2.8,2.96,False,Resolved,Security Team,G. Petrov,Remote,Walk-in,5
INC100134,2025-07-05 12:51:28,2025-07-05 16:42:28,Email,Medium,24,3.85,3.85,False,Reopened,Systems Admin,D. Ahmed,Branch - New York,Phone,
INC100347,2025-07-05 14:53:47,2025-07-07 14:26:47,Hardware,Low,48,1.03,47.55,False,Resolved,App Support,D. Ahmed,Branch - Singapore,Self-Service Portal,3
INC102742,2025-07-05 15:48:42,2025-07-05 20:48:06,Hardware,Critical,4,0.14,4.99,True,Resolved,Desktop Support,G. Petrov,Branch - London,Email,2
INC101088,2025-07-05 17:11:47,2025-07-07 11:46:35,Hardware,Medium,24,10.62,42.58,True,Resolved,Desktop Support,H. Osei,Remote,Self-Service Portal,3
INC100645,2025-07-05 17:35:57,2025-07-05 19:54:33,Email,High,8,0.24,2.31,False,Closed,App Support,C. Novak,Remote,Phone,5
INC102424,2025-07-05 19:01:05,2025-07-06 03:37:05,Software,High,8,0.63,8.6,True,Resolved,App Support,A. Khan,Branch - London,Email,3
INC102845,2025-07-05 22:22:34,2025-07-06 09:08:10,Security Incident,Low,48,6.51,10.76,False,Closed,Service Desk L1,G. Petrov,Branch - London,Email,3
INC100802,2025-07-06 02:27:25,2025-07-08 11:13:01,Printer,Medium,24,2.29,56.76,True,Reopened,App Support,D. Ahmed,Remote,Email,
INC100001,2025-07-06 06:41:18,2025-07-06 21:35:18,Access Management,Low,48,14.9,14.9,False,Resolved,Service Desk L1,E. Zhou,Remote,Email,4
INC101142,2025-07-06 08:00:48,2025-07-07 19:01:24,Software,Low,48,16.1,35.01,False,Resolved,Systems Admin,L. Fernandes,HQ - Dubai,Self-Service Portal,4
INC100657,2025-07-06 08:30:10,2025-07-09 22:30:46,Printer,Low,48,22.01,86.01,True,Resolved,Network Ops,D. Ahmed,Branch - London,Phone,3
INC100834,2025-07-07 02:03:24,2025-07-07 06:04:00,Network,High,8,3.12,4.01,False,Resolved,Systems Admin,I. Rossi,Branch - Singapore,Chat,4
INC102543,2025-07-07 03:36:04,2025-07-07 05:22:16,Hardware,High,8,0.51,1.77,False,Resolved,Network Ops,C. Novak,HQ - Dubai,Phone,5
INC102981,2025-07-07 06:20:40,2025-07-09 22:18:52,Hardware,Low,48,11.24,63.97,True,Reopened,Systems Admin,F. Torres,Remote,Self-Service Portal,
INC100465,2025-07-07 08:41:31,2025-07-07 11:42:43,Network,High,8,1.14,3.02,False,Resolved,App Support,K. Meyer,Branch - London,Self-Service Portal,4
INC101253,2025-07-07 10:03:34,2025-07-07 22:02:22,Email,Medium,24,0.64,11.98,False,Reopened,Desktop Support,D. Ahmed,Remote,Phone,
INC101233,2025-07-07 12:55:05,2025-07-07 15:04:05,Access Management,High,8,1.85,2.15,False,Resolved,Security Team,D. Ahmed,HQ - Dubai,Walk-in,3
INC102465,2025-07-07 23:38:47,2025-07-08 05:53:11,Network,Medium,24,6.24,6.24,False,Resolved,Desktop Support,H. Osei,HQ - Dubai,Email,3
INC101290,2025-07-08 05:44:42,2025-07-08 10:40:30,Email,High,8,0.39,4.93,False,Resolved,Security Team,C. Novak,HQ - Dubai,Phone,4
INC101411,2025-07-08 05:50:30,2025-07-09 17:58:18,Application Support,Medium,24,4.94,36.13,True,Resolved,Desktop Support,A. Khan,Branch - London,Chat,3
INC101348,2025-07-08 06:05:47,2025-07-12 20:59:11,Network,Low,48,4.19,110.89,True,Closed,Security Team,I. Rossi,HQ - Dubai,Email,3
INC100248,2025-07-08 06:27:53,2025-07-11 02:51:53,Network,Low,48,20.1,68.4,True,Resolved,Security Team,B. Silva,Remote,Email,2
INC102779,2025-07-08 21:22:11,2025-07-10 21:10:11,Access Management,Low,48,11.91,47.8,False,Resolved,Systems Admin,L. Fernandes,HQ - Dubai,Self-Service Portal,5
INC101401,2025-07-08 21:30:56,2025-07-09 09:33:20,Software,High,8,1.21,12.04,True,Resolved,App Support,C. Novak,Remote,Self-Service Portal,3
INC100525,2025-07-09 03:07:30,2025-07-10 15:29:42,Application Support,Low,48,22.49,36.37,False,Resolved,Network Ops,K. Meyer,Branch - London,Email,4
INC100293,2025-07-09 06:03:54,2025-07-11 02:30:18,Access Management,Medium,24,7.76,44.44,True,Resolved,App Support,D. Ahmed,Remote,Phone,2
INC100977,2025-07-09 06:37:05,,Hardware,Low,48,5.42,57.67,True,Reopened,Security Team,D. Ahmed,Remote,Email,
INC101672,2025-07-09 06:51:26,2025-07-09 08:40:02,Security Incident,High,8,0.91,1.81,False,Reopened,Security Team,D. Ahmed,Remote,Email,
INC102387,2025-07-09 07:09:59,2025-07-09 12:31:35,Network,Medium,24,5.36,5.36,False,Resolved,Network Ops,K. Meyer,Branch - London,Email,5
INC100499,2025-07-09 08:06:32,2025-07-09 12:46:44,Software,Medium,24,4.67,4.67,False,Resolved,App Support,E. Zhou,HQ - Dubai,Phone,4
INC100336,2025-07-09 15:36:42,2025-07-10 23:58:54,Printer,Low,48,21.79,32.37,False,Resolved,Security Team,I. Rossi,HQ - Dubai,Self-Service Portal,4
INC101597,2025-07-09 21:06:06,2025-07-11 15:58:18,Security Incident,Low,48,16.97,42.87,False,Closed,Desktop Support,G. Petrov,HQ - Dubai,Self-Service Portal,3
INC101450,2025-07-09 23:18:06,2025-07-10 13:16:18,Application Support,Medium,24,4.62,13.97,False,Closed,App Support,K. Meyer,HQ - Dubai,Phone,4
INC100820,2025-07-10 05:05:43,2025-07-10 20:17:07,Software,Low,48,15.19,15.19,False,Resolved,Security Team,D. Ahmed,HQ - Dubai,Email,5
INC102025,2025-07-10 07:09:35,2025-07-10 10:23:59,Access Management,Medium,24,3.24,3.24,False,Resolved,Desktop Support,K. Meyer,Branch - New York,Chat,5
INC101064,2025-07-10 11:32:33,2025-07-10 20:19:21,Network,High,8,3.67,8.78,True,Reopened,Desktop Support,H. Osei,HQ - Dubai,Self-Service Portal,
INC100651,2025-07-10 13:13:25,2025-07-10 21:54:13,Printer,Medium,24,8.3,8.68,False,Resolved,Service Desk L1,C. Novak,Branch - Singapore,Self-Service Portal,5
INC100580,2025-07-10 13:13:54,2025-07-11 12:22:18,Software,Low,48,20.67,23.14,False,Resolved,Security Team,E. Zhou,Branch - Singapore,Email,5
INC101154,2025-07-11 02:40:55,2025-07-11 11:15:07,Software,Medium,24,8.57,8.57,False,Closed,Service Desk L1,J. Kim,HQ - Dubai,Chat,4
INC101259,2025-07-11 03:27:57,2025-07-12 23:29:09,Application Support,Low,48,7.5,44.02,False,Closed,Desktop Support,B. Silva,Branch - New York,Email,4
INC102378,2025-07-11 04:56:21,2025-07-12 01:04:09,Hardware,Low,48,16.08,20.13,False,Resolved,Desktop Support,B. Silva,Remote,Phone,3
INC100714,2025-07-11 09:10:30,2025-07-12 11:18:54,Software,Low,48,9.53,26.14,False,Resolved,Network Ops,H. Osei,HQ - Dubai,Phone,4
INC102546,2025-07-11 10:43:55,2025-07-11 17:15:43,Security Incident,High,8,1.52,6.53,False,Resolved,Desktop Support,E. Zhou,Branch - Singapore,Phone,5
INC101650,2025-07-11 10:51:11,2025-07-11 16:45:47,Email,High,8,0.97,5.91,False,Resolved,Service Desk L1,C. Novak,Branch - Singapore,Self-Service Portal,4
INC102146,2025-07-11 15:07:07,2025-07-12 03:13:43,Software,Medium,24,5.44,12.11,False,Closed,Network Ops,L. Fernandes,Remote,Email,4
INC101433,2025-07-11 15:45:00,2025-07-13 04:34:12,Network,Low,48,13.75,36.82,False,Resolved,Service Desk L1,B. Silva,HQ - Dubai,Walk-in,4
INC100872,2025-07-11 18:01:36,2025-07-12 14:01:00,Network,Low,48,2.1,19.99,False,Resolved,Desktop Support,E. Zhou,Remote,Phone,5
INC100753,2025-07-11 22:32:02,2025-07-12 16:23:02,Email,High,8,1.56,17.85,True,Reopened,Network Ops,A. Khan,Branch - London,Chat,
INC101525,2025-07-12 00:47:41,2025-07-13 02:53:41,Hardware,Low,48,17.46,26.1,False,Reopened,Service Desk L1,J. Kim,Branch - New York,Walk-in,
INC101189,2025-07-12 03:03:09,2025-07-12 09:18:45,Hardware,High,8,2.05,6.26,False,Resolved,Systems Admin,H. Osei,Remote,Chat,2
INC100653,2025-07-12 06:34:11,2025-07-13 15:55:47,Email,Medium,24,7.34,33.36,True,Closed,Desktop Support,L. Fernandes,Remote,Phone,3
INC101295,2025-07-12 06:37:31,2025-07-12 14:35:43,Hardware,High,8,2.1,7.97,False,Resolved,Desktop Support,G. Petrov,Branch - London,Self-Service Portal,5
INC101131,2025-07-12 08:09:13,2025-07-12 17:47:37,Software,Medium,24,0.29,9.64,False,Resolved,Service Desk L1,G. Petrov,Branch - London,Walk-in,5
INC102197,2025-07-12 08:55:37,2025-07-13 14:39:25,Access Management,Medium,24,5.32,29.73,True,Resolved,Desktop Support,D. Ahmed,Remote,Self-Service Portal,5
INC101647,2025-07-12 14:46:56,2025-07-12 22:36:08,Network,Medium,24,2.65,7.82,False,Closed,App Support,J. Kim,Branch - New York,Self-Service Portal,5
INC101452,2025-07-12 15:19:08,2025-07-13 03:07:08,Software,Medium,24,5.76,11.8,False,Resolved,Desktop Support,B. Silva,HQ - Dubai,Self-Service Portal,5
INC101103,2025-07-12 20:41:28,2025-07-12 22:17:28,Network,High,8,1.6,1.6,False,Closed,Desktop Support,D. Ahmed,HQ - Dubai,Self-Service Portal,5
INC102841,2025-07-12 23:35:42,2025-07-13 02:36:54,Printer,High,8,3.02,3.02,False,Resolved,App Support,C. Novak,Branch - Singapore,Phone,4
INC100724,2025-07-13 01:14:00,2025-07-13 03:39:48,Software,High,8,2.43,2.43,False,Resolved,Network Ops,A. Khan,HQ - Dubai,Self-Service Portal,4
INC101036,2025-07-13 03:51:28,2025-07-14 07:37:40,Access Management,Medium,24,1.52,27.77,True,Resolved,App Support,A. Khan,Branch - London,Email,4
INC101657,2025-07-13 07:14:10,2025-07-14 02:34:34,Hardware,Medium,24,6.33,19.34,False,Closed,Service Desk L1,B. Silva,Remote,Self-Service Portal,4
INC100523,2025-07-13 13:09:33,2025-07-14 04:23:21,Software,Medium,24,3.12,15.23,False,Resolved,App Support,B. Silva,Branch - London,Email,3
INC102564,2025-07-13 13:14:11,2025-07-15 01:54:23,Security Incident,Low,48,20.14,36.67,False,Resolved,Network Ops,C. Novak,Branch - Singapore,Phone,5
INC102078,2025-07-13 14:32:36,2025-07-13 23:51:12,Software,Medium,24,6.05,9.31,False,Resolved,App Support,K. Meyer,Remote,Self-Service Portal,4
INC100923,2025-07-13 17:03:33,2025-07-15 17:25:45,Printer,Low,48,8.52,48.37,True,Resolved,Security Team,B. Silva,Remote,Self-Service Portal,3
INC100632,2025-07-13 18:35:25,2025-07-13 20:52:49,Access Management,Critical,4,1.93,2.29,False,Resolved,Network Ops,A. Khan,Remote,Phone,4
INC101060,2025-07-13 21:08:49,2025-07-14 08:59:13,Hardware,Medium,24,11.84,11.84,False,Closed,Security Team,E. Zhou,Remote,Phone,4
INC101826,2025-07-14 02:24:34,2025-07-14 09:50:22,Hardware,High,8,3.55,7.43,False,Resolved,Security Team,C. Novak,HQ - Dubai,Phone,3
INC100261,2025-07-14 15:16:09,2025-07-14 20:02:57,Software,High,8,1.02,4.78,False,Resolved,Security Team,K. Meyer,Branch - New York,Email,5
INC101943,2025-07-14 22:42:46,2025-07-15 02:40:22,Security Incident,High,8,2.4,3.96,False,Resolved,App Support,D. Ahmed,HQ - Dubai,Email,4
INC100063,2025-07-14 23:16:04,2025-07-15 04:10:04,Software,High,8,3.11,4.9,False,Closed,Network Ops,A. Khan,HQ - Dubai,Self-Service Portal,4
INC100331,2025-07-15 00:08:31,2025-07-17 17:04:55,Software,Low,48,3.24,64.94,True,Resolved,Security Team,D. Ahmed,HQ - Dubai,Phone,5
INC102937,2025-07-15 01:16:44,2025-07-15 17:52:44,Software,Low,48,6.63,16.6,False,Resolved,Service Desk L1,F. Torres,Branch - London,Chat,5
INC100042,2025-07-15 03:51:10,2025-07-15 06:13:22,Network,Medium,24,2.37,2.37,False,Reopened,Service Desk L1,B. Silva,Branch - London,Email,
INC101738,2025-07-15 05:21:49,2025-07-15 11:19:25,Email,Critical,4,0.75,5.96,True,Resolved,App Support,I. Rossi,Branch - Singapore,Phone,4
INC100213,2025-07-15 10:46:12,2025-07-17 01:02:24,Application Support,Low,48,22.46,38.27,False,Resolved,App Support,C. Novak,Branch - Singapore,Self-Service Portal,4
INC100305,2025-07-15 10:54:54,2025-07-15 20:42:18,Email,Medium,24,6.57,9.79,False,Resolved,Service Desk L1,G. Petrov,Remote,Self-Service Portal,5
INC100423,2025-07-15 12:39:57,2025-07-16 08:50:45,Printer,Medium,24,10.17,20.18,False,Reopened,App Support,D. Ahmed,Branch - London,Self-Service Portal,
INC101956,2025-07-15 17:34:31,2025-07-15 20:56:43,Email,High,8,1.9,3.37,False,Closed,Network Ops,G. Petrov,Branch - Singapore,Chat,4
INC100719,2025-07-15 23:59:40,2025-07-16 01:56:04,Hardware,Critical,4,1.5,1.94,False,Resolved,Service Desk L1,I. Rossi,Branch - Singapore,Email,4
INC100927,2025-07-16 00:59:51,2025-07-20 04:32:15,Application Support,Low,48,19.92,99.54,True,Resolved,Service Desk L1,D. Ahmed,Remote,Self-Service Portal,3
INC102406,2025-07-16 01:54:29,2025-07-16 04:44:53,Access Management,High,8,0.46,2.84,False,Closed,Service Desk L1,C. Novak,Remote,Chat,3
INC100605,2025-07-16 05:23:51,2025-07-16 14:11:51,Network,Medium,24,8.05,8.8,False,Resolved,Network Ops,K. Meyer,Remote,Phone,5
INC102960,2025-07-16 10:34:22,2025-07-16 17:41:34,Access Management,High,8,0.91,7.12,False,Reopened,Network Ops,B. Silva,Branch - Singapore,Self-Service Portal,
INC102827,2025-07-16 18:51:05,2025-07-18 08:58:17,Application Support,Medium,24,9.24,38.12,True,Resolved,Network Ops,J. Kim,Remote,Self-Service Portal,3
INC100685,2025-07-17 02:11:48,2025-07-17 04:55:36,Software,Medium,24,2.72,2.73,False,Resolved,App Support,G. Petrov,HQ - Dubai,Phone,4
INC102988,2025-07-17 03:54:57,2025-07-18 07:07:33,Network,Medium,24,3.76,27.21,True,Resolved,Network Ops,H. Osei,Branch - Singapore,Phone,3
INC102509,2025-07-17 05:48:36,,Email,Critical,4,0.79,9.02,True,Reopened,Service Desk L1,E. Zhou,Branch - London,Email,
INC102562,2025-07-17 12:38:38,2025-07-18 00:32:38,Hardware,Medium,24,1.65,11.9,False,Resolved,Systems Admin,A. Khan,HQ - Dubai,Email,5
INC102644,2025-07-17 15:08:26,2025-07-18 01:48:02,Application Support,Medium,24,4.64,10.66,False,Resolved,Systems Admin,B. Silva,Remote,Walk-in,3
INC101063,2025-07-17 20:32:33,2025-07-18 12:18:09,Access Management,Low,48,15.76,15.76,False,Resolved,App Support,K. Meyer,Branch - London,Email,4
INC102127,2025-07-17 23:08:52,2025-07-20 15:58:04,Hardware,Medium,24,11.23,64.82,True,Resolved,Network Ops,E. Zhou,Branch - London,Phone,4
INC102331,2025-07-18 04:07:51,2025-07-18 06:48:39,Network,High,8,2.68,2.68,False,Resolved,App Support,F. Torres,Branch - New York,Chat,4
INC101416,2025-07-18 04:14:42,2025-07-19 10:08:06,Software,Low,48,21.48,29.89,False,Resolved,App Support,C. Novak,Remote,Email,3
INC101827,2025-07-18 13:23:01,2025-07-19 23:28:25,Hardware,Low,48,2.45,34.09,False,Resolved,Desktop Support,D. Ahmed,HQ - Dubai,Self-Service Portal,4
INC101359,2025-07-18 15:43:30,2025-07-20 03:34:30,Software,Medium,24,11.37,35.85,True,Closed,Security Team,G. Petrov,Branch - Singapore,Self-Service Portal,4
INC101835,2025-07-18 23:37:04,2025-07-19 08:54:28,Network,High,8,2.02,9.29,True,Reopened,Desktop Support,I. Rossi,Remote,Email,
INC100268,2025-07-19 00:08:16,2025-07-19 10:05:52,Software,Medium,24,8.22,9.96,False,Resolved,Network Ops,D. Ahmed,HQ - Dubai,Phone,5
INC101247,2025-07-19 01:20:56,2025-07-19 04:33:32,Email,High,8,0.36,3.21,False,Closed,Security Team,H. Osei,Remote,Phone,5
INC101880,2025-07-19 03:30:04,2025-07-19 09:06:40,Software,High,8,0.94,5.61,False,Reopened,App Support,H. Osei,Remote,Chat,
INC102062,2025-07-19 04:10:29,2025-07-19 08:01:29,Printer,Medium,24,3.85,3.85,False,Closed,Systems Admin,F. Torres,HQ - Dubai,Chat,5
INC102206,2025-07-19 07:07:57,2025-07-22 23:39:09,Printer,Low,48,0.74,88.52,True,Reopened,Network Ops,C. Novak,Branch - Singapore,Email,
INC102296,2025-07-19 07:43:27,,Software,Medium,24,0.52,12.76,False,Reopened,Security Team,J. Kim,HQ - Dubai,Self-Service Portal,
INC101901,2025-07-19 13:14:47,2025-07-19 21:36:23,Email,Medium,24,0.69,8.36,False,Resolved,App Support,E. Zhou,HQ - Dubai,Self-Service Portal,5
INC101044,2025-07-19 18:08:16,2025-07-20 06:38:52,Software,Medium,24,1.24,12.51,False,Resolved,Security Team,C. Novak,Remote,Phone,4
INC101533,2025-07-19 21:43:28,2025-07-20 00:39:52,Access Management,Medium,24,2.94,2.94,False,Resolved,App Support,F. Torres,HQ - Dubai,Phone,4
INC101686,2025-07-19 23:11:32,2025-07-20 10:15:08,Software,High,8,0.88,11.06,True,Reopened,App Support,H. Osei,Branch - London,Chat,
INC102152,2025-07-20 00:54:55,2025-07-20 06:33:19,Network,High,8,2.93,5.64,False,Closed,Network Ops,J. Kim,HQ - Dubai,Email,3
INC100805,2025-07-20 08:34:12,2025-07-21 16:12:00,Access Management,Low,48,19.12,31.63,False,Closed,Security Team,G. Petrov,Branch - London,Phone,5
INC100222,2025-07-20 10:59:11,2025-07-20 14:29:11,Access Management,High,8,0.19,3.5,False,Closed,Service Desk L1,A. Khan,HQ - Dubai,Phone,3
INC102051,2025-07-20 15:35:40,2025-07-21 08:00:16,Printer,Low,48,16.41,16.41,False,Resolved,App Support,H. Osei,HQ - Dubai,Phone,3
INC100962,2025-07-20 20:08:14,2025-07-21 16:55:02,Hardware,Medium,24,6.5,20.78,False,Resolved,Desktop Support,H. Osei,Branch - London,Phone,4
INC102250,2025-07-21 02:25:13,2025-07-21 07:43:13,Software,High,8,2.51,5.3,False,Closed,Systems Admin,A. Khan,HQ - Dubai,Chat,3
INC100401,2025-07-21 08:08:03,2025-07-23 00:39:51,Network,Medium,24,9.05,40.53,True,Resolved,Service Desk L1,C. Novak,Branch - London,Phone,2
INC102158,2025-07-21 18:49:27,2025-07-23 16:29:03,Printer,Low,48,9.53,45.66,False,Resolved,Network Ops,I. Rossi,HQ - Dubai,Email,4
INC100355,2025-07-22 03:09:52,2025-07-23 10:00:52,Hardware,Medium,24,9.15,30.85,True,Reopened,App Support,J. Kim,Branch - London,Phone,
INC100478,2025-07-22 03:28:41,2025-07-22 10:53:17,Printer,Medium,24,3.81,7.41,False,Resolved,Security Team,I. Rossi,HQ - Dubai,Email,4
INC102194,2025-07-22 09:27:58,2025-07-22 10:53:46,Hardware,Critical,4,1.43,1.43,False,Resolved,Security Team,K. Meyer,Branch - New York,Self-Service Portal,5
INC101784,2025-07-22 11:26:12,2025-07-22 23:25:36,Application Support,Medium,24,5.11,11.99,False,Resolved,Security Team,A. Khan,Remote,Self-Service Portal,4
INC102774,2025-07-22 12:43:20,2025-07-22 15:52:56,Email,High,8,0.43,3.16,False,Closed,Network Ops,J. Kim,HQ - Dubai,Email,5
INC100674,2025-07-22 12:49:23,2025-07-23 02:31:59,Printer,Medium,24,3.59,13.71,False,Resolved,Desktop Support,L. Fernandes,Branch - New York,Phone,4
INC100638,2025-07-23 00:35:37,2025-07-23 19:32:01,Access Management,High,8,2.63,18.94,True,Reopened,Network Ops,A. Khan,Remote,Chat,
INC101690,2025-07-23 01:52:30,2025-07-24 13:00:54,Network,Low,48,2.78,35.14,False,Resolved,App Support,G. Petrov,HQ - Dubai,Self-Service Portal,4
INC101662,2025-07-23 02:14:20,2025-07-23 11:20:20,Network,Medium,24,5.45,9.1,False,Resolved,Systems Admin,G. Petrov,HQ - Dubai,Walk-in,4
INC101211,2025-07-23 02:16:29,2025-07-26 21:11:41,Network,Low,48,9.26,90.92,True,Reopened,Security Team,A. Khan,HQ - Dubai,Self-Service Portal,
INC102244,2025-07-23 05:51:22,2025-07-24 01:45:58,Hardware,Low,48,7.34,19.91,False,Resolved,Service Desk L1,C. Novak,HQ - Dubai,Self-Service Portal,4
INC102027,2025-07-23 06:29:08,2025-07-24 22:30:56,Application Support,Low,48,13.93,40.03,False,Reopened,Systems Admin,J. Kim,Branch - Singapore,Self-Service Portal,
INC101349,2025-07-23 06:51:23,2025-07-23 08:38:11,Application Support,Critical,4,1.78,1.78,False,Resolved,Systems Admin,I. Rossi,Remote,Phone,3
INC100796,2025-07-23 07:05:10,2025-07-23 08:32:46,Network,High,8,1.46,1.46,False,Resolved,Service Desk L1,L. Fernandes,Branch - London,Self-Service Portal,5
INC100380,2025-07-23 08:19:47,2025-07-26 17:59:59,Email,Medium,24,6.08,81.67,True,Resolved,Network Ops,F. Torres,HQ - Dubai,Self-Service Portal,3
INC100891,2025-07-23 16:24:28,2025-07-23 19:49:04,Application Support,High,8,3.41,3.41,False,Closed,App Support,D. Ahmed,Branch - London,Self-Service Portal,4
INC100339,2025-07-23 17:43:52,2025-07-24 15:47:28,Email,Low,48,16.57,22.06,False,Resolved,Network Ops,H. Osei,Branch - Singapore,Self-Service Portal,3
INC101386,2025-07-23 18:49:11,2025-07-23 20:35:23,Access Management,Critical,4,1.77,1.77,False,Closed,Security Team,K. Meyer,HQ - Dubai,Self-Service Portal,5
INC101509,2025-07-23 21:19:37,2025-07-24 01:50:13,Hardware,Medium,24,4.51,4.51,False,Resolved,Security Team,I. Rossi,HQ - Dubai,Phone,5
INC101019,2025-07-23 22:38:59,2025-07-24 00:31:11,Software,High,8,1.87,1.87,False,Resolved,Service Desk L1,H. Osei,HQ - Dubai,Phone,5
INC101306,2025-07-24 01:33:52,2025-07-26 14:11:04,Application Support,Medium,24,2.07,60.62,True,Closed,Desktop Support,A. Khan,Branch - Singapore,Email,4
INC102067,2025-07-24 04:12:57,2025-07-25 02:00:21,Network,Medium,24,2.33,21.79,False,Closed,App Support,H. Osei,Remote,Email,3
INC102967,2025-07-24 05:09:40,2025-07-24 13:30:04,Printer,High,8,1.93,8.34,True,Closed,Security Team,I. Rossi,Branch - New York,Chat,4
INC101820,2025-07-24 07:40:47,2025-07-24 16:19:11,Application Support,Low,48,8.64,8.64,False,Resolved,Service Desk L1,H. Osei,Branch - London,Email,5
INC101751,2025-07-24 10:27:36,2025-07-24 18:44:24,Software,High,8,1.38,8.28,True,Closed,Security Team,K. Meyer,Branch - Singapore,Email,4
INC101507,2025-07-24 11:45:11,,Software,Low,48,10.98,28.23,False,Reopened,App Support,C. Novak,Remote,Email,
INC100756,2025-07-24 13:52:16,2025-07-24 20:22:52,Access Management,Medium,24,6.51,6.51,False,Resolved,Service Desk L1,K. Meyer,Branch - London,Self-Service Portal,5
INC102045,2025-07-24 17:19:51,2025-07-26 13:11:27,Application Support,Low,48,1.82,43.86,False,Resolved,Desktop Support,G. Petrov,Branch - London,Self-Service Portal,3
INC101407,2025-07-24 18:17:24,2025-07-25 03:09:00,Security Incident,High,8,1.35,8.86,True,Resolved,Desktop Support,F. Torres,Remote,Email,3
INC102634,2025-07-24 20:56:36,2025-07-25 05:17:36,Hardware,Medium,24,8.35,8.35,False,Resolved,Desktop Support,C. Novak,Branch - Singapore,Phone,5
INC102662,2025-07-25 00:50:57,2025-07-25 14:19:45,Hardware,Medium,24,7.61,13.48,False,Resolved,Security Team,G. Petrov,Remote,Phone,5
INC100197,2025-07-25 10:46:04,2025-07-25 17:48:28,Application Support,Medium,24,0.09,7.04,False,Closed,Service Desk L1,H. Osei,Remote,Chat,5
INC101680,2025-07-25 12:00:55,2025-07-27 10:30:19,Email,Medium,24,3.06,46.49,True,Resolved,Security Team,J. Kim,HQ - Dubai,Chat,3
INC100149,2025-07-25 17:02:03,2025-07-25 18:31:27,Network,High,8,1.49,1.49,False,Closed,Service Desk L1,A. Khan,HQ - Dubai,Self-Service Portal,5
INC100559,2025-07-25 19:24:22,2025-07-26 09:15:22,Software,Medium,24,2.37,13.85,False,Resolved,Security Team,G. Petrov,Remote,Email,5
INC102965,2025-07-25 21:33:20,2025-07-26 14:15:20,Security Incident,Low,48,7.03,16.7,False,Resolved,App Support,E. Zhou,Branch - Singapore,Chat,4
INC101554,2025-07-25 22:57:29,2025-07-27 05:43:05,Security Incident,Low,48,15.21,30.76,False,Closed,Systems Admin,I. Rossi,Branch - New York,Email,5
INC102074,2025-07-26 01:29:29,2025-07-26 03:03:05,Application Support,Critical,4,1.56,1.56,False,Resolved,Systems Admin,E. Zhou,Remote,Email,4
INC101286,2025-07-26 02:28:53,2025-07-27 02:08:29,Software,Low,48,3.92,23.66,False,Resolved,Service Desk L1,H. Osei,Remote,Phone,5
INC102520,2025-07-26 02:52:15,2025-07-27 05:31:15,Access Management,Medium,24,3.45,26.65,True,Resolved,Security Team,B. Silva,Remote,Email,3
INC101269,2025-07-26 03:21:11,2025-07-28 20:45:47,Software,Low,48,17.23,65.41,True,Resolved,Desktop Support,F. Torres,Remote,Self-Service Portal,3
INC100785,2025-07-26 05:04:34,2025-07-28 02:57:22,Access Management,Low,48,0.62,45.88,False,Resolved,Network Ops,D. Ahmed,HQ - Dubai,Phone,5
INC102095,2025-07-26 05:05:20,,Network,Medium,24,7.53,7.53,False,Reopened,Service Desk L1,A. Khan,HQ - Dubai,Chat,
INC102627,2025-07-26 05:53:13,2025-07-26 11:43:01,Access Management,Medium,24,4.41,5.83,False,Resolved,Desktop Support,J. Kim,Remote,Email,4
INC101582,2025-07-26 06:44:58,2025-07-26 09:44:22,Printer,High,8,0.48,2.99,False,Reopened,Security Team,J. Kim,HQ - Dubai,Email,
INC100096,2025-07-26 07:06:53,2025-07-27 16:56:41,Application Support,Low,48,6.59,33.83,False,Resolved,Security Team,F. Torres,Branch - London,Walk-in,4
INC102174,2025-07-26 07:15:59,2025-07-27 05:12:59,Printer,Medium,24,11.26,21.95,False,Reopened,Desktop Support,G. Petrov,Branch - New York,Phone,
INC102819,2025-07-26 07:29:49,2025-07-26 22:52:01,Software,Medium,24,4.22,15.37,False,Resolved,Service Desk L1,D. Ahmed,Remote,Phone,5
INC101014,2025-07-26 18:22:37,2025-07-26 23:10:01,Email,High,8,1.53,4.79,False,Resolved,Service Desk L1,J. Kim,Branch - London,Phone,2
INC101363,2025-07-26 19:48:37,2025-07-27 00:29:25,Hardware,Medium,24,4.68,4.68,False,Resolved,Network Ops,I. Rossi,HQ - Dubai,Self-Service Portal,4
INC100491,2025-07-26 23:25:50,2025-07-27 06:15:02,Software,Low,48,6.82,6.82,False,Resolved,Systems Admin,A. Khan,HQ - Dubai,Phone,5
INC100646,2025-07-27 00:01:33,2025-07-27 14:00:57,Access Management,Medium,24,3.41,13.99,False,Resolved,Network Ops,J. Kim,HQ - Dubai,Phone,5
INC100975,2025-07-27 00:46:45,2025-07-27 07:47:21,Network,Low,48,7.01,7.01,False,Closed,Systems Admin,K. Meyer,Remote,Phone,4
INC102337,2025-07-27 07:22:02,2025-07-27 12:20:14,Software,High,8,1.5,4.97,False,Reopened,Systems Admin,H. Osei,Branch - London,Self-Service Portal,
INC102122,2025-07-27 09:49:29,2025-08-01 16:54:53,Printer,Low,48,12.18,127.09,True,Resolved,Systems Admin,D. Ahmed,Remote,Email,4
INC102261,2025-07-27 15:39:26,,Hardware,Medium,24,8.36,17.5,False,Reopened,Desktop Support,L. Fernandes,HQ - Dubai,Email,
INC101844,2025-07-27 17:26:21,2025-07-28 04:08:57,Access Management,Medium,24,6.04,10.71,False,Closed,Security Team,E. Zhou,HQ - Dubai,Chat,4
INC100527,2025-07-27 18:03:58,2025-07-28 10:37:34,Hardware,Low,48,16.56,16.56,False,Resolved,Systems Admin,J. Kim,Branch - New York,Self-Service Portal,5
INC100964,2025-07-27 19:34:25,2025-07-28 08:21:13,Application Support,Medium,24,8.94,12.78,False,Closed,Desktop Support,L. Fernandes,Branch - London,Email,5
INC102686,2025-07-27 20:21:43,2025-07-27 22:25:55,Software,Critical,4,0.34,2.07,False,Closed,Service Desk L1,J. Kim,Branch - Singapore,Self-Service Portal,5
INC101027,2025-07-27 22:01:43,2025-07-29 12:25:43,Access Management,Low,48,23.47,38.4,False,Closed,Network Ops,F. Torres,HQ - Dubai,Self-Service Portal,4
INC102233,2025-07-27 23:42:25,2025-07-31 05:10:01,Security Incident,Low,48,9.09,77.46,True,Resolved,Desktop Support,H. Osei,Remote,Self-Service Portal,3
INC102675,2025-07-28 03:54:28,2025-07-29 06:26:52,Network,Medium,24,8.85,26.54,True,Resolved,Network Ops,K. Meyer,HQ - Dubai,Phone,2
INC102519,2025-07-28 06:24:36,2025-07-29 08:24:36,Network,Low,48,13.68,26.0,False,Resolved,Network Ops,A. Khan,Remote,Chat,3
INC102477,2025-07-28 08:50:27,2025-07-28 23:54:03,Hardware,Medium,24,5.11,15.06,False,Reopened,Systems Admin,G. Petrov,Branch - Singapore,Email,
INC101301,2025-07-28 12:08:51,2025-07-29 08:31:03,Security Incident,Low,48,20.37,20.37,False,Resolved,Security Team,C. Novak,Remote,Email,5
INC100567,2025-07-28 18:26:42,2025-07-30 10:11:06,Access Management,Medium,24,2.66,39.74,True,Closed,Desktop Support,G. Petrov,HQ - Dubai,Self-Service Portal,3
INC102433,2025-07-28 20:38:36,2025-07-30 01:12:12,Hardware,Low,48,2.17,28.56,False,Resolved,Systems Admin,C. Novak,Branch - London,Walk-in,3
INC100094,2025-07-28 21:35:57,2025-07-29 21:35:57,Access Management,Critical,4,0.43,24.0,True,Resolved,Security Team,C. Novak,Branch - London,Self-Service Portal,4
INC101081,2025-07-29 04:28:52,2025-07-29 15:12:40,Access Management,Medium,24,0.82,10.73,False,Resolved,Service Desk L1,A. Khan,Branch - London,Email,4
INC101624,2025-07-29 07:00:01,2025-07-30 15:22:13,Printer,Medium,24,10.68,32.37,True,Resolved,Desktop Support,F. Torres,HQ - Dubai,Phone,2
INC101246,2025-07-29 09:29:08,2025-07-30 22:43:32,Access Management,Low,48,14.75,37.24,False,Closed,Service Desk L1,F. Torres,HQ - Dubai,Chat,3
INC100998,2025-07-29 11:58:19,2025-07-30 07:31:19,Software,Medium,24,9.5,19.55,False,Resolved,App Support,I. Rossi,Branch - London,Phone,4
INC101863,2025-07-29 12:08:06,2025-07-31 00:09:18,Email,Low,48,3.61,36.02,False,Resolved,Network Ops,B. Silva,HQ - Dubai,Self-Service Portal,5
INC100818,2025-07-29 14:26:53,2025-07-30 07:49:05,Software,Low,48,14.11,17.37,False,Resolved,Network Ops,I. Rossi,HQ - Dubai,Self-Service Portal,5
INC101074,2025-07-29 20:10:54,2025-07-30 19:26:30,Application Support,Medium,24,10.26,23.26,False,Resolved,Security Team,A. Khan,HQ - Dubai,Email,4
INC100747,2025-07-29 20:52:27,2025-07-30 10:47:39,Access Management,Medium,24,9.89,13.92,False,Reopened,App Support,C. Novak,Branch - New York,Self-Service Portal,
INC102697,2025-07-30 00:07:19,2025-07-30 23:36:07,Software,Low,48,22.78,23.48,False,Reopened,Service Desk L1,K. Meyer,Branch - New York,Self-Service Portal,
INC100252,2025-07-30 04:51:06,,Software,High,8,2.43,4.55,False,Reopened,Service Desk L1,H. Osei,Branch - Singapore,Phone,
INC101358,2025-07-30 04:53:54,2025-07-30 08:43:06,Hardware,Critical,4,1.88,3.82,False,Reopened,Service Desk L1,H. Osei,Remote,Walk-in,
INC102526,2025-07-30 06:31:37,2025-07-30 10:59:13,Security Incident,High,8,3.8,4.46,False,Reopened,Desktop Support,C. Novak,HQ - Dubai,Self-Service Portal,
INC102551,2025-07-30 16:09:21,2025-08-02 19:35:45,Network,Low,48,16.81,75.44,True,Resolved,Desktop Support,A. Khan,HQ - Dubai,Chat,3
INC100122,2025-07-30 16:18:08,2025-07-31 02:57:08,Access Management,Medium,24,10.65,10.65,False,Resolved,Security Team,J. Kim,Branch - Singapore,Chat,4
INC100258,2025-07-31 11:56:32,2025-08-02 16:29:32,Email,Medium,24,11.63,52.55,True,Reopened,Security Team,L. Fernandes,Remote,Email,
INC102297,2025-07-31 13:39:13,2025-08-01 01:00:13,Hardware,Medium,24,4.27,11.35,False,Resolved,Desktop Support,G. Petrov,HQ - Dubai,Chat,4
INC100127,2025-07-31 14:13:20,2025-08-05 16:13:56,Software,Low,48,19.19,122.01,True,Closed,Systems Admin,B. Silva,Remote,Phone,3
INC100424,2025-07-31 19:01:57,2025-07-31 22:03:09,Hardware,High,8,2.97,3.02,False,Resolved,Desktop Support,G. Petrov,HQ - Dubai,Self-Service Portal,5
INC100895,2025-07-31 22:40:53,2025-08-06 22:40:53,Access Management,Medium,24,9.57,144.0,True,Resolved,Service Desk L1,G. Petrov,Branch - Singapore,Walk-in,2
INC102717,2025-08-01 02:41:58,2025-08-02 06:14:58,Software,Low,48,14.17,27.55,False,Resolved,Security Team,L. Fernandes,Branch - New York,Self-Service Portal,4
INC102275,2025-08-01 04:08:46,2025-08-01 20:29:10,Access Management,Low,48,16.34,16.34,False,Resolved,Security Team,F. Torres,HQ - Dubai,Email,3
INC100285,2025-08-01 06:09:05,2025-08-01 20:34:17,Access Management,Medium,24,1.49,14.42,False,Resolved,Desktop Support,D. Ahmed,Remote,Email,3
INC102182,2025-08-01 08:12:19,2025-08-01 12:56:07,Access Management,High,8,3.2,4.73,False,Resolved,Security Team,L. Fernandes,HQ - Dubai,Phone,4
INC100214,2025-08-01 09:59:33,2025-08-02 11:57:09,Printer,Low,48,9.03,25.96,False,Resolved,Desktop Support,J. Kim,HQ - Dubai,Self-Service Portal,4
INC102797,2025-08-01 10:16:46,2025-08-01 12:18:34,Security Incident,High,8,2.03,2.03,False,Resolved,Security Team,D. Ahmed,HQ - Dubai,Email,3
INC100371,2025-08-01 10:59:35,2025-08-02 02:54:11,Printer,Low,48,3.76,15.91,False,Resolved,Systems Admin,J. Kim,Branch - New York,Self-Service Portal,4
INC101560,2025-08-01 11:39:06,2025-08-01 13:05:30,Security Incident,High,8,0.44,1.44,False,Resolved,App Support,I. Rossi,HQ - Dubai,Self-Service Portal,4
INC100663,2025-08-01 13:47:24,2025-08-01 16:59:24,Hardware,Medium,24,3.2,3.2,False,Resolved,Network Ops,H. Osei,HQ - Dubai,Phone,3
INC100322,2025-08-01 18:53:54,2025-08-02 13:36:30,Email,Low,48,18.71,18.71,False,Resolved,Systems Admin,C. Novak,HQ - Dubai,Self-Service Portal,3
INC101836,2025-08-02 01:40:09,2025-08-02 12:04:45,Network,Medium,24,6.55,10.41,False,Resolved,Service Desk L1,K. Meyer,HQ - Dubai,Self-Service Portal,5
INC101872,2025-08-02 09:56:49,2025-08-02 14:42:25,Software,High,8,3.1,4.76,False,Resolved,Security Team,K. Meyer,Branch - London,Self-Service Portal,5
INC102107,2025-08-02 13:50:59,2025-08-02 18:40:47,Access Management,Low,48,4.83,4.83,False,Resolved,Service Desk L1,D. Ahmed,Remote,Chat,5
INC100408,2025-08-02 22:45:39,2025-08-03 12:31:15,Software,Low,48,6.11,13.76,False,Resolved,App Support,L. Fernandes,Branch - New York,Self-Service Portal,5
INC101353,2025-08-03 00:01:59,2025-08-04 08:51:47,Printer,Low,48,0.63,32.83,False,Resolved,Service Desk L1,H. Osei,HQ - Dubai,Email,4
INC101541,2025-08-03 00:54:06,2025-08-04 02:16:54,Printer,Low,48,12.33,25.38,False,Resolved,Desktop Support,D. Ahmed,Remote,Self-Service Portal,5
INC102286,2025-08-03 01:37:20,2025-08-03 09:00:08,Hardware,High,8,2.37,7.38,False,Closed,Security Team,C. Novak,Remote,Email,3
INC102111,2025-08-03 02:33:46,2025-08-03 14:27:46,Access Management,Medium,24,5.92,11.9,False,Resolved,Systems Admin,I. Rossi,Remote,Email,5
INC101670,2025-08-03 04:21:52,2025-08-04 11:49:28,Printer,Low,48,5.84,31.46,False,Resolved,Network Ops,H. Osei,Branch - London,Chat,5
INC100557,2025-08-03 11:11:39,2025-08-04 02:50:03,Application Support,Low,48,15.64,15.64,False,Resolved,Network Ops,H. Osei,Remote,Email,4
INC102178,2025-08-03 12:01:48,2025-08-04 13:59:24,Software,Medium,24,8.4,25.96,True,Resolved,Desktop Support,H. Osei,HQ - Dubai,Self-Service Portal,3
INC100019,2025-08-03 15:08:27,2025-08-03 19:34:51,Email,High,8,2.89,4.44,False,Resolved,Service Desk L1,E. Zhou,Branch - Singapore,Chat,4
INC100114,2025-08-03 15:20:56,2025-08-03 21:37:44,Hardware,High,8,1.57,6.28,False,Closed,Security Team,D. Ahmed,Branch - New York,Email,5
INC102939,2025-08-03 17:36:23,2025-08-04 00:44:47,Printer,High,8,3.71,7.14,False,Resolved,Network Ops,L. Fernandes,HQ - Dubai,Self-Service Portal,4
INC102381,2025-08-04 01:38:09,2025-08-04 05:38:09,Access Management,High,8,1.81,4.0,False,Closed,App Support,E. Zhou,HQ - Dubai,Self-Service Portal,5
INC100064,2025-08-04 07:28:01,2025-08-05 03:22:01,Access Management,Medium,24,0.58,19.9,False,Resolved,Security Team,H. Osei,Remote,Self-Service Portal,5
INC102531,2025-08-04 14:35:33,2025-08-05 02:48:09,Access Management,Medium,24,1.06,12.21,False,Resolved,Desktop Support,H. Osei,Branch - Singapore,Email,2
INC100894,2025-08-04 15:46:23,2025-08-06 02:21:47,Printer,Low,48,7.01,34.59,False,Reopened,Desktop Support,K. Meyer,Remote,Email,
INC102484,2025-08-04 19:24:46,2025-08-05 01:07:22,Network,Critical,4,0.17,5.71,True,Resolved,Systems Admin,G. Petrov,HQ - Dubai,Email,2
INC100887,2025-08-04 20:10:19,2025-08-05 14:18:43,Email,Low,48,7.11,18.14,False,Resolved,Service Desk L1,D. Ahmed,HQ - Dubai,Phone,4
INC102906,2025-08-04 23:29:52,2025-08-05 00:59:52,Application Support,Critical,4,1.5,1.5,False,Resolved,Network Ops,E. Zhou,Remote,Self-Service Portal,3
INC102693,2025-08-05 03:03:56,2025-08-05 11:25:32,Network,High,8,3.41,8.36,True,Resolved,Desktop Support,H. Osei,Branch - London,Email,1
INC102258,2025-08-05 04:55:13,2025-08-06 20:43:13,Software,Medium,24,6.44,39.8,True,Resolved,Network Ops,I. Rossi,Branch - London,Self-Service Portal,4
INC102919,2025-08-05 05:47:35,2025-08-05 16:04:59,Hardware,Medium,24,2.83,10.29,False,Resolved,Security Team,C. Novak,Branch - Singapore,Email,4
INC100306,2025-08-05 08:27:27,2025-08-06 10:11:51,Network,Low,48,20.29,25.74,False,Resolved,App Support,J. Kim,Branch - London,Self-Service Portal,3
INC101677,2025-08-05 10:15:51,2025-08-05 13:19:27,Email,Critical,4,1.4,3.06,False,Resolved,App Support,J. Kim,Branch - London,Phone,5
INC101714,2025-08-05 14:38:14,2025-08-06 05:37:02,Access Management,Low,48,11.45,14.98,False,Resolved,Desktop Support,C. Novak,HQ - Dubai,Phone,5
INC102642,2025-08-05 16:00:27,2025-08-06 13:19:03,Printer,Medium,24,5.77,21.31,False,Reopened,App Support,A. Khan,Branch - Singapore,Email,
INC101121,2025-08-05 18:06:23,2025-08-06 12:36:23,Access Management,Low,48,15.46,18.5,False,Resolved,Security Team,F. Torres,Remote,Email,3
INC100044,2025-08-05 19:12:50,2025-08-06 03:15:50,Application Support,Medium,24,3.34,8.05,False,Resolved,Desktop Support,H. Osei,HQ - Dubai,Chat,4
INC102156,2025-08-06 03:47:05,2025-08-06 06:12:53,Security Incident,Critical,4,1.27,2.43,False,Resolved,Desktop Support,B. Silva,HQ - Dubai,Phone,4
INC100554,2025-08-06 03:53:24,2025-08-12 02:11:24,Software,Low,48,15.74,142.3,True,Resolved,Desktop Support,G. Petrov,Branch - Singapore,Self-Service Portal,4
INC100759,2025-08-06 10:00:51,2025-08-07 05:47:39,Hardware,High,8,2.28,19.78,True,Resolved,App Support,L. Fernandes,Remote,Self-Service Portal,3
INC101707,2025-08-06 10:22:56,2025-08-06 18:45:44,Application Support,Low,48,8.38,8.38,False,Resolved,Service Desk L1,K. Meyer,Branch - London,Self-Service Portal,5
INC101698,2025-08-06 15:16:36,2025-08-06 17:23:12,Hardware,High,8,1.94,2.11,False,Closed,Systems Admin,I. Rossi,Branch - New York,Email,3
INC102818,2025-08-06 19:47:19,2025-08-07 20:07:07,Email,Medium,24,9.77,24.33,True,Reopened,Security Team,K. Meyer,Branch - Singapore,Phone,
INC102255,2025-08-06 19:50:15,2025-08-08 05:52:03,Application Support,Medium,24,9.84,34.03,True,Closed,Systems Admin,C. Novak,Remote,Chat,2
INC102431,2025-08-06 21:46:05,2025-08-07 01:27:29,Hardware,High,8,2.47,3.69,False,Closed,Desktop Support,F. Torres,Remote,Self-Service Portal,5
INC101466,2025-08-07 06:09:30,2025-08-08 06:53:18,Application Support,Low,48,16.49,24.73,False,Resolved,Network Ops,H. Osei,HQ - Dubai,Chat,5
INC101562,2025-08-07 08:07:54,2025-08-07 16:17:30,Access Management,Medium,24,1.77,8.16,False,Resolved,Service Desk L1,C. Novak,Remote,Email,5
INC100396,2025-08-07 11:40:37,2025-08-07 13:12:25,Printer,High,8,1.53,1.53,False,Resolved,Systems Admin,K. Meyer,Branch - London,Phone,5
INC100139,2025-08-07 14:23:54,2025-08-07 23:52:06,Email,High,8,1.88,9.47,True,Closed,Service Desk L1,A. Khan,Remote,Phone,3
INC100906,2025-08-07 15:46:48,2025-08-08 15:33:00,Network,Medium,24,2.38,23.77,False,Resolved,Desktop Support,F. Torres,Branch - New York,Chat,4
INC101813,2025-08-07 16:45:40,2025-08-08 04:07:16,Email,Medium,24,4.49,11.36,False,Resolved,App Support,F. Torres,HQ - Dubai,Chat,3
INC100162,2025-08-07 17:41:46,2025-08-07 19:44:10,Software,High,8,2.04,2.04,False,Resolved,Systems Admin,E. Zhou,Branch - London,Chat,5
INC102012,2025-08-07 19:58:21,2025-08-08 06:39:09,Access Management,Medium,24,7.24,10.68,False,Reopened,Desktop Support,J. Kim,Branch - London,Email,
INC100620,2025-08-08 05:33:03,2025-08-09 04:26:27,Application Support,Low,48,11.19,22.89,False,Resolved,App Support,G. Petrov,Branch - Singapore,Phone,5
INC101339,2025-08-08 12:43:58,2025-08-09 12:57:10,Network,Low,48,9.89,24.22,False,Resolved,Service Desk L1,B. Silva,Remote,Email,5
INC101899,2025-08-08 16:09:51,2025-08-08 18:38:03,Access Management,High,8,2.43,2.47,False,Resolved,Systems Admin,B. Silva,Branch - London,Phone,4
INC101251,2025-08-08 19:13:09,2025-08-09 01:06:33,Network,Medium,24,4.74,5.89,False,Resolved,Service Desk L1,J. Kim,Remote,Phone,5
INC100473,2025-08-08 19:39:43,2025-08-09 02:27:43,Access Management,High,8,3.2,6.8,False,Resolved,Service Desk L1,K. Meyer,Branch - Singapore,Chat,4
INC100129,2025-08-09 00:02:15,2025-08-09 14:10:03,Printer,Medium,24,4.98,14.13,False,Resolved,Systems Admin,J. Kim,Remote,Phone,4
INC100141,2025-08-09 00:16:41,2025-08-11 18:16:41,Printer,Low,48,4.5,66.0,True,Resolved,Network Ops,E. Zhou,Branch - London,Self-Service Portal,3
INC101138,2025-08-09 03:59:07,2025-08-10 06:05:07,Hardware,Low,48,13.1,26.1,False,Resolved,Service Desk L1,I. Rossi,Remote,Self-Service Portal,3
INC101755,2025-08-09 04:12:05,2025-08-10 03:35:29,Access Management,Medium,24,2.68,23.39,False,Resolved,Security Team,E. Zhou,HQ - Dubai,Phone,5
INC101255,2025-08-09 06:49:39,2025-08-09 23:51:27,Network,Low,48,17.03,17.03,False,Resolved,Systems Admin,J. Kim,HQ - Dubai,Chat,3
INC101522,2025-08-09 12:35:22,2025-08-10 12:04:46,Security Incident,High,8,1.37,23.49,True,Resolved,Desktop Support,C. Novak,HQ - Dubai,Walk-in,4
INC100091,2025-08-09 19:04:11,2025-08-11 17:05:59,Access Management,Low,48,14.51,46.03,False,Closed,Service Desk L1,A. Khan,Branch - London,Phone,4
INC100083,2025-08-09 20:43:49,2025-08-11 21:31:49,Security Incident,Low,48,8.55,48.8,True,Resolved,Network Ops,C. Novak,HQ - Dubai,Phone,5
INC101204,2025-08-10 00:31:05,2025-08-10 02:04:05,Software,Critical,4,0.08,1.55,False,Reopened,Security Team,F. Torres,Remote,Email,
INC101001,2025-08-10 04:15:33,2025-08-10 06:44:21,Hardware,High,8,2.48,2.48,False,Closed,Network Ops,J. Kim,HQ - Dubai,Self-Service Portal,4
INC101838,2025-08-10 06:54:11,2025-08-10 10:03:11,Hardware,High,8,0.34,3.15,False,Resolved,Systems Admin,F. Torres,Branch - London,Phone,3
INC102336,2025-08-10 16:52:31,2025-08-10 20:14:07,Network,High,8,3.36,3.36,False,Resolved,Systems Admin,A. Khan,Remote,Self-Service Portal,2
INC101920,2025-08-10 17:07:33,2025-08-11 20:02:45,Network,Low,48,10.45,26.92,False,Reopened,Network Ops,H. Osei,Branch - Singapore,Phone,
INC101926,2025-08-10 18:23:02,2025-08-11 01:56:38,Network,Medium,24,7.41,7.56,False,Resolved,App Support,C. Novak,HQ - Dubai,Email,4
INC100879,2025-08-10 19:28:48,2025-08-11 03:49:48,Access Management,Low,48,8.35,8.35,False,Resolved,Service Desk L1,C. Novak,Branch - London,Chat,3
INC102699,2025-08-11 06:48:17,2025-08-11 20:32:05,Email,Medium,24,9.93,13.73,False,Resolved,Security Team,J. Kim,Branch - Singapore,Self-Service Portal,4
INC102784,2025-08-11 08:03:29,2025-08-11 16:17:17,Software,Medium,24,8.23,8.23,False,Closed,Security Team,G. Petrov,Branch - London,Phone,4
INC100434,2025-08-11 14:53:20,2025-08-12 10:50:20,Access Management,Medium,24,7.05,19.95,False,Resolved,Systems Admin,I. Rossi,HQ - Dubai,Email,4
INC100357,2025-08-11 19:03:25,2025-08-11 23:15:25,Software,High,8,1.63,4.2,False,Resolved,App Support,L. Fernandes,HQ - Dubai,Self-Service Portal,5
INC100958,2025-08-12 01:41:37,2025-08-12 19:52:25,Access Management,Low,48,17.14,18.18,False,Closed,Security Team,B. Silva,Branch - Singapore,Self-Service Portal,4
INC101406,2025-08-12 05:12:45,2025-08-12 22:32:33,Software,Low,48,10.61,17.33,False,Closed,Security Team,L. Fernandes,HQ - Dubai,Walk-in,3
INC101951,2025-08-12 15:58:36,2025-08-12 22:07:36,Hardware,Medium,24,6.15,6.15,False,Resolved,App Support,G. Petrov,Remote,Phone,5
INC101520,2025-08-12 19:14:48,2025-08-14 02:33:24,Software,Low,48,11.82,31.31,False,Reopened,Systems Admin,B. Silva,Remote,Email,
INC101394,2025-08-12 20:08:05,2025-08-15 14:14:41,Network,Low,48,22.15,66.11,True,Reopened,Service Desk L1,B. Silva,HQ - Dubai,Email,
INC101069,2025-08-12 23:13:55,2025-08-13 03:14:31,Email,Low,48,4.01,4.01,False,Resolved,Systems Admin,A. Khan,Branch - London,Email,5
INC102202,2025-08-13 04:31:26,2025-08-15 12:56:02,Access Management,Low,48,13.61,56.41,True,Resolved,Service Desk L1,B. Silva,HQ - Dubai,Email,3
INC101571,2025-08-13 07:00:39,2025-08-13 08:48:03,Network,High,8,1.79,1.79,False,Resolved,Security Team,J. Kim,HQ - Dubai,Self-Service Portal,5
INC101658,2025-08-13 07:23:03,2025-08-13 16:23:03,Application Support,High,8,1.73,9.0,True,Reopened,Desktop Support,C. Novak,Remote,Self-Service Portal,
INC102534,2025-08-13 10:29:26,2025-08-14 06:29:26,Access Management,Low,48,8.86,20.0,False,Closed,App Support,G. Petrov,Branch - London,Email,4
INC102115,2025-08-13 10:30:51,2025-08-14 16:38:03,Application Support,Low,48,1.4,30.12,False,Resolved,Service Desk L1,G. Petrov,Branch - London,Phone,3
INC102773,2025-08-13 12:06:36,2025-08-14 19:19:12,Network,Low,48,23.04,31.21,False,Resolved,App Support,K. Meyer,Branch - New York,Email,4
INC102624,2025-08-13 21:47:33,2025-08-14 09:40:57,Access Management,Low,48,11.89,11.89,False,Resolved,Systems Admin,B. Silva,Remote,Chat,3
INC100304,2025-08-13 22:09:14,2025-08-14 05:46:26,Access Management,Low,48,7.62,7.62,False,Resolved,Desktop Support,G. Petrov,Remote,Email,5
INC100093,2025-08-13 22:48:41,2025-08-14 18:44:29,Software,Medium,24,5.0,19.93,False,Resolved,App Support,F. Torres,Remote,Walk-in,5
INC101628,2025-08-13 23:04:16,2025-08-14 09:38:28,Software,Medium,24,8.88,10.57,False,Reopened,App Support,B. Silva,Remote,Self-Service Portal,
INC100504,2025-08-14 03:43:24,2025-08-16 05:32:00,Software,Low,48,7.84,49.81,True,Closed,Security Team,B. Silva,HQ - Dubai,Self-Service Portal,3
INC102192,2025-08-14 07:30:00,,Printer,Medium,24,4.88,6.42,False,Reopened,Service Desk L1,F. Torres,HQ - Dubai,Self-Service Portal,
INC101242,2025-08-14 09:32:39,2025-08-14 14:24:15,Application Support,Medium,24,4.17,4.86,False,Resolved,Systems Admin,K. Meyer,Branch - London,Self-Service Portal,3
INC101860,2025-08-14 11:43:35,2025-08-15 16:32:47,Application Support,Low,48,6.58,28.82,False,Closed,Network Ops,D. Ahmed,HQ - Dubai,Phone,4
INC101033,2025-08-14 14:38:50,2025-08-15 13:06:26,Email,Medium,24,7.12,22.46,False,Closed,Network Ops,C. Novak,Remote,Chat,4
INC101341,2025-08-14 15:41:25,2025-08-15 12:16:13,Printer,Low,48,5.82,20.58,False,Reopened,Service Desk L1,H. Osei,Remote,Self-Service Portal,
INC100447,2025-08-14 17:57:19,2025-08-18 16:25:31,Hardware,Low,48,16.96,94.47,True,Resolved,App Support,J. Kim,Remote,Email,2
INC100752,2025-08-14 19:51:52,2025-08-14 21:32:40,Network,Critical,4,1.6,1.68,False,Resolved,Network Ops,G. Petrov,Branch - Singapore,Phone,5
INC101971,2025-08-14 20:08:00,,Network,Medium,24,3.27,8.52,False,Reopened,Security Team,B. Silva,Branch - London,Phone,
INC102772,2025-08-14 21:26:12,2025-08-15 06:13:36,Access Management,High,8,1.17,8.79,True,Resolved,App Support,F. Torres,Remote,Phone,3
INC100065,2025-08-14 23:01:39,2025-08-15 04:02:51,Security Incident,Medium,24,0.82,5.02,False,Resolved,Security Team,L. Fernandes,Branch - London,Walk-in,4
INC102959,2025-08-14 23:56:52,2025-08-15 04:40:04,Software,Medium,24,4.72,4.72,False,Resolved,Network Ops,K. Meyer,Branch - New York,Self-Service Portal,4
INC100325,2025-08-15 01:43:59,,Hardware,High,8,1.54,5.96,False,Reopened,Service Desk L1,J. Kim,HQ - Dubai,Phone,
INC101842,2025-08-15 05:19:38,2025-08-15 21:29:14,Hardware,Medium,24,9.56,16.16,False,Resolved,Desktop Support,C. Novak,Remote,Self-Service Portal,4
INC102851,2025-08-15 08:25:15,,Email,Critical,4,0.6,3.54,False,Reopened,Security Team,B. Silva,HQ - Dubai,Email,
INC100392,2025-08-15 13:58:23,,Email,High,8,2.76,9.61,True,Reopened,Network Ops,E. Zhou,HQ - Dubai,Chat,
INC102666,2025-08-16 02:19:16,2025-08-16 04:53:28,Application Support,Critical,4,0.25,2.57,False,Resolved,Systems Admin,D. Ahmed,HQ - Dubai,Self-Service Portal,5
INC102476,2025-08-16 04:21:30,2025-08-16 05:25:06,Application Support,Critical,4,0.83,1.06,False,Resolved,Desktop Support,F. Torres,Remote,Email,5
INC101281,2025-08-16 06:41:09,2025-08-16 17:35:45,Printer,Medium,24,10.91,10.91,False,Resolved,Network Ops,I. Rossi,Branch - Singapore,Email,5
INC101360,2025-08-16 09:29:36,,Hardware,High,8,2.67,9.21,True,Reopened,Systems Admin,I. Rossi,HQ - Dubai,Self-Service Portal,
INC102375,2025-08-16 10:45:15,2025-08-16 14:05:39,Email,High,8,1.09,3.34,False,Closed,Network Ops,E. Zhou,Branch - New York,Self-Service Portal,5
INC101604,2025-08-16 11:57:00,2025-08-16 15:59:24,Software,Critical,4,1.55,4.04,True,Closed,Systems Admin,G. Petrov,HQ - Dubai,Chat,2
INC102365,2025-08-16 12:53:26,2025-08-17 09:05:26,Application Support,Low,48,4.44,20.2,False,Closed,Systems Admin,L. Fernandes,Remote,Email,3
INC101314,2025-08-16 13:17:23,2025-08-17 22:01:11,Software,Low,48,8.64,32.73,False,Closed,App Support,A. Khan,Remote,Self-Service Portal,5
INC102982,2025-08-16 15:23:41,2025-08-17 01:56:41,Access Management,Medium,24,6.76,10.55,False,Resolved,Security Team,L. Fernandes,HQ - Dubai,Phone,4
INC101287,2025-08-16 17:00:34,2025-08-16 19:46:10,Software,High,8,0.22,2.76,False,Resolved,Desktop Support,G. Petrov,HQ - Dubai,Email,3
INC101187,2025-08-16 18:20:30,2025-08-17 00:19:54,Application Support,Critical,4,1.18,5.99,True,Closed,Service Desk L1,H. Osei,HQ - Dubai,Phone,2
INC101150,2025-08-16 19:36:14,2025-08-17 11:06:50,Access Management,Medium,24,5.94,15.51,False,Reopened,App Support,K. Meyer,HQ - Dubai,Phone,
INC100718,2025-08-17 00:01:53,2025-08-18 12:03:05,Access Management,Medium,24,4.12,36.02,True,Resolved,Security Team,L. Fernandes,Branch - New York,Email,1
INC102498,2025-08-17 11:19:08,2025-08-17 17:39:32,Application Support,Medium,24,5.5,6.34,False,Resolved,Service Desk L1,D. Ahmed,Remote,Walk-in,5
INC102511,2025-08-17 15:00:47,2025-08-18 01:12:11,Access Management,Low,48,10.19,10.19,False,Resolved,Service Desk L1,B. Silva,Remote,Self-Service Portal,3
INC100277,2025-08-17 20:29:41,2025-08-18 11:26:05,Hardware,Medium,24,6.45,14.94,False,Resolved,Desktop Support,H. Osei,Remote,Phone,5
INC101018,2025-08-18 06:29:32,2025-08-18 10:54:44,Network,High,8,0.22,4.42,False,Resolved,Service Desk L1,I. Rossi,HQ - Dubai,Email,5
INC102746,2025-08-18 10:15:31,2025-08-18 15:07:43,Printer,Critical,4,1.01,4.87,True,Resolved,Service Desk L1,B. Silva,Branch - New York,Phone,3
INC102021,2025-08-18 10:53:05,2025-08-18 15:59:41,Application Support,Medium,24,5.11,5.11,False,Resolved,Desktop Support,K. Meyer,Remote,Chat,4
INC100568,2025-08-18 12:46:46,2025-08-18 15:30:34,Network,Critical,4,1.0,2.73,False,Resolved,Security Team,I. Rossi,HQ - Dubai,Phone,4
INC100965,2025-08-18 19:56:57,,Email,Critical,4,0.79,0.79,False,Reopened,Network Ops,J. Kim,HQ - Dubai,Self-Service Portal,
INC102214,2025-08-18 20:15:44,2025-08-18 23:53:32,Software,Critical,4,1.31,3.63,False,Resolved,Desktop Support,G. Petrov,HQ - Dubai,Phone,5
INC102560,2025-08-18 23:16:51,2025-08-21 09:48:03,Software,Low,48,21.58,58.52,True,Closed,Systems Admin,K. Meyer,Branch - London,Chat,4
INC101548,2025-08-19 06:13:08,2025-08-20 04:23:20,Network,Medium,24,5.86,22.17,False,Closed,Desktop Support,D. Ahmed,Branch - London,Email,5
INC101444,2025-08-19 10:07:05,2025-08-19 16:44:17,Application Support,High,8,3.25,6.62,False,Resolved,Systems Admin,I. Rossi,Remote,Self-Service Portal,5
INC102747,2025-08-19 13:48:16,,Application Support,Low,48,10.33,87.77,True,Reopened,Network Ops,J. Kim,HQ - Dubai,Chat,
INC101332,2025-08-19 16:30:56,2025-08-21 03:52:32,Software,Low,48,20.99,35.36,False,Resolved,Desktop Support,D. Ahmed,Branch - London,Email,4
INC101745,2025-08-19 21:53:20,2025-08-20 01:40:44,Access Management,High,8,2.02,3.79,False,Resolved,App Support,A. Khan,Remote,Email,5
INC102507,2025-08-19 22:02:04,2025-08-20 01:15:52,Access Management,Critical,4,1.69,3.23,False,Resolved,Security Team,B. Silva,HQ - Dubai,Email,5
INC102274,2025-08-19 22:55:42,2025-08-21 00:53:54,Access Management,Low,48,12.35,25.97,False,Resolved,App Support,E. Zhou,Remote,Chat,4
INC100586,2025-08-19 23:06:01,2025-08-20 00:37:13,Application Support,Medium,24,1.52,1.52,False,Resolved,Systems Admin,E. Zhou,HQ - Dubai,Chat,4
INC101441,2025-08-19 23:06:49,,Application Support,Low,48,20.44,42.54,False,Reopened,App Support,F. Torres,Branch - London,Self-Service Portal,
INC101669,2025-08-20 01:15:30,2025-08-20 16:47:18,Application Support,Medium,24,4.71,15.53,False,Closed,App Support,J. Kim,HQ - Dubai,Email,5
INC102037,2025-08-20 02:05:45,2025-08-20 07:20:09,Network,Medium,24,5.24,5.24,False,Resolved,Service Desk L1,K. Meyer,HQ - Dubai,Chat,5
INC102069,2025-08-20 07:16:49,,Hardware,High,8,0.77,2.3,False,Reopened,Security Team,D. Ahmed,Remote,Phone,
INC102191,2025-08-20 10:51:37,2025-08-24 00:21:01,Software,Low,48,6.82,85.49,True,Resolved,Network Ops,G. Petrov,Branch - Singapore,Phone,4
INC100536,2025-08-20 16:13:12,2025-08-21 12:49:12,Application Support,Low,48,3.87,20.6,False,Resolved,Security Team,B. Silva,Remote,Phone,5
INC100041,2025-08-21 02:15:25,2025-08-21 19:44:49,Network,Low,48,17.49,17.49,False,Resolved,Systems Admin,H. Osei,HQ - Dubai,Email,5
INC102137,2025-08-21 03:39:48,2025-08-22 10:33:12,Software,Medium,24,11.67,30.89,True,Closed,Network Ops,A. Khan,Branch - New York,Self-Service Portal,3
INC100505,2025-08-21 07:53:26,2025-08-23 16:59:26,Software,Low,48,0.49,57.1,True,Resolved,Security Team,B. Silva,Branch - London,Self-Service Portal,4
INC101812,2025-08-21 07:54:26,2025-08-21 18:46:02,Security Incident,Medium,24,1.13,10.86,False,Closed,Network Ops,C. Novak,Remote,Self-Service Portal,4
INC101773,2025-08-21 09:57:53,2025-08-21 20:11:05,Software,High,8,1.29,10.22,True,Closed,Desktop Support,K. Meyer,Remote,Chat,3
INC100954,2025-08-21 12:06:05,2025-08-21 20:46:17,Software,Medium,24,1.95,8.67,False,Resolved,Service Desk L1,J. Kim,HQ - Dubai,Phone,5
INC101519,2025-08-21 14:52:23,,Email,Low,48,7.33,10.13,False,Reopened,Network Ops,D. Ahmed,Branch - London,Email,
INC102930,2025-08-21 17:04:25,2025-08-21 22:03:13,Software,Critical,4,1.66,4.98,True,Resolved,Service Desk L1,L. Fernandes,Remote,Email,2
INC101030,2025-08-21 18:40:33,2025-08-23 05:05:09,Network,Low,48,20.96,34.41,False,Resolved,Security Team,F. Torres,Branch - Singapore,Email,3
INC101811,2025-08-21 19:32:16,2025-08-21 20:16:40,Application Support,Critical,4,0.36,0.74,False,Reopened,Service Desk L1,C. Novak,Remote,Chat,
INC101598,2025-08-21 23:31:08,2025-08-23 05:50:56,Software,Low,48,4.13,30.33,False,Closed,Network Ops,G. Petrov,Branch - Singapore,Email,4
INC100710,2025-08-21 23:53:33,2025-08-22 16:30:09,Network,Medium,24,3.53,16.61,False,Closed,Security Team,B. Silva,Branch - London,Phone,5
INC101503,2025-08-22 01:01:35,2025-08-22 05:06:23,Software,Medium,24,2.88,4.08,False,Closed,Systems Admin,B. Silva,Remote,Self-Service Portal,4
INC102849,2025-08-22 01:15:25,2025-08-23 16:28:01,Printer,Medium,24,3.4,39.21,True,Resolved,App Support,D. Ahmed,Remote,Self-Service Portal,3
INC100263,2025-08-22 01:40:27,2025-08-24 10:25:27,Email,Medium,24,0.9,56.75,True,Closed,Service Desk L1,A. Khan,Remote,Email,2
INC101414,2025-08-22 04:19:14,2025-08-22 08:59:26,Email,High,8,0.56,4.67,False,Reopened,App Support,A. Khan,Remote,Phone,
INC100534,2025-08-22 06:06:13,2025-08-23 15:12:49,Software,Low,48,1.97,33.11,False,Resolved,Desktop Support,B. Silva,Branch - Singapore,Walk-in,3
INC101712,2025-08-22 06:15:29,2025-08-22 23:02:17,Hardware,Medium,24,1.16,16.78,False,Resolved,Systems Admin,H. Osei,Branch - London,Chat,4
INC101468,2025-08-22 06:36:34,2025-08-23 14:41:22,Network,Medium,24,5.56,32.08,True,Resolved,Systems Admin,B. Silva,Branch - Singapore,Self-Service Portal,4
INC100058,2025-08-22 08:47:55,2025-08-22 12:24:31,Hardware,High,8,1.08,3.61,False,Reopened,Systems Admin,A. Khan,Branch - London,Phone,
INC102787,2025-08-22 10:12:38,2025-08-22 22:33:02,Hardware,Medium,24,8.94,12.34,False,Resolved,Desktop Support,L. Fernandes,HQ - Dubai,Phone,5
INC102893,2025-08-22 13:38:32,2025-08-23 05:29:32,Security Incident,High,8,0.92,15.85,True,Resolved,Desktop Support,F. Torres,Branch - New York,Email,4
INC100057,2025-08-22 17:24:40,2025-08-23 19:10:52,Hardware,Low,48,12.27,25.77,False,Resolved,Desktop Support,C. Novak,HQ - Dubai,Self-Service Portal,5
INC100430,2025-08-22 23:30:34,2025-08-24 08:53:58,Network,Low,48,16.49,33.39,False,Reopened,App Support,L. Fernandes,Remote,Email,
INC102309,2025-08-23 00:20:44,2025-08-23 07:59:08,Printer,High,8,3.32,7.64,False,Resolved,Network Ops,C. Novak,HQ - Dubai,Phone,2
INC101800,2025-08-23 00:53:45,2025-08-23 15:20:09,Access Management,Medium,24,11.24,14.44,False,Resolved,Systems Admin,L. Fernandes,Remote,Chat,4
INC100335,2025-08-23 01:23:12,2025-08-23 03:36:24,Access Management,High,8,2.22,2.22,False,Resolved,Service Desk L1,L. Fernandes,HQ - Dubai,Email,3
INC101084,2025-08-23 06:22:47,2025-08-26 00:16:47,Email,Low,48,19.64,65.9,True,Closed,App Support,E. Zhou,Remote,Phone,4
INC100969,2025-08-23 06:40:58,2025-08-23 15:09:10,Network,Medium,24,8.47,8.47,False,Resolved,Network Ops,B. Silva,Remote,Self-Service Portal,4
INC101056,2025-08-23 07:29:42,2025-08-23 10:24:18,Network,High,8,1.3,2.91,False,Closed,Network Ops,I. Rossi,HQ - Dubai,Email,3
INC102161,2025-08-23 10:53:27,2025-08-24 13:34:51,Hardware,Low,48,3.88,26.69,False,Resolved,Systems Admin,E. Zhou,Branch - Singapore,Self-Service Portal,4
INC101908,2025-08-23 16:08:08,2025-08-23 17:53:08,Application Support,Medium,24,1.75,1.75,False,Resolved,Systems Admin,D. Ahmed,Branch - New York,Chat,3
INC100642,2025-08-23 17:17:26,2025-08-28 07:32:26,Software,Low,48,17.56,110.25,True,Resolved,Security Team,A. Khan,HQ - Dubai,Email,3
INC100349,2025-08-23 17:48:09,2025-08-24 00:03:45,Printer,High,8,1.15,6.26,False,Resolved,Systems Admin,G. Petrov,Branch - Singapore,Phone,5
INC100226,2025-08-24 09:28:56,2025-08-24 10:06:08,Application Support,Critical,4,0.62,0.62,False,Resolved,Network Ops,E. Zhou,Remote,Self-Service Portal,5
INC102749,2025-08-24 12:14:10,2025-08-24 21:14:10,Software,High,8,2.6,9.0,True,Resolved,Security Team,G. Petrov,Branch - Singapore,Chat,2
INC102260,2025-08-24 13:48:47,2025-08-25 11:19:59,Printer,Medium,24,1.17,21.52,False,Reopened,Desktop Support,H. Osei,Branch - London,Email,
INC100160,2025-08-24 20:58:15,2025-08-25 05:15:03,Security Incident,High,8,0.21,8.28,True,Closed,Security Team,E. Zhou,HQ - Dubai,Phone,2
INC102868,2025-08-25 01:12:52,2025-08-25 06:27:52,Access Management,High,8,3.64,5.25,False,Closed,App Support,C. Novak,HQ - Dubai,Email,4
INC100775,2025-08-25 02:19:57,2025-08-25 03:12:09,Software,High,8,0.74,0.87,False,Reopened,Desktop Support,H. Osei,Remote,Email,
INC101266,2025-08-25 15:28:02,2025-08-26 05:28:02,Application Support,Medium,24,7.58,14.0,False,Resolved,Network Ops,H. Osei,Remote,Self-Service Portal,5
INC101697,2025-08-25 16:23:50,2025-08-27 08:03:26,Software,Low,48,18.09,39.66,False,Resolved,App Support,B. Silva,Branch - London,Email,4
INC100370,2025-08-25 17:02:11,2025-08-26 20:29:11,Printer,Medium,24,0.28,27.45,True,Resolved,Desktop Support,F. Torres,HQ - Dubai,Walk-in,3
INC101558,2025-08-25 18:01:42,2025-08-26 09:16:42,Application Support,Medium,24,3.72,15.25,False,Closed,Security Team,B. Silva,Branch - Singapore,Self-Service Portal,4
INC100858,2025-08-25 20:05:17,2025-08-25 20:59:53,Software,High,8,0.91,0.91,False,Resolved,Desktop Support,G. Petrov,HQ - Dubai,Email,4
INC100880,2025-08-25 22:26:32,2025-08-27 06:10:56,Access Management,Medium,24,11.79,31.74,True,Resolved,Systems Admin,G. Petrov,Branch - New York,Phone,4
INC101207,2025-08-26 05:48:00,2025-08-26 09:19:12,Security Incident,High,8,1.09,3.52,False,Reopened,Security Team,H. Osei,HQ - Dubai,Phone,
INC101599,2025-08-26 09:14:15,2025-08-27 22:22:39,Security Incident,Low,48,7.5,37.14,False,Resolved,Systems Admin,I. Rossi,HQ - Dubai,Phone,3
INC101898,2025-08-26 10:39:49,2025-08-27 00:35:01,Application Support,Low,48,13.92,13.92,False,Resolved,Network Ops,L. Fernandes,Branch - New York,Email,3
INC102080,2025-08-26 12:16:53,2025-08-28 04:36:41,Printer,Low,48,3.19,40.33,False,Closed,Security Team,I. Rossi,Branch - London,Self-Service Portal,3
INC102935,2025-08-26 12:56:25,2025-08-26 14:19:49,Software,High,8,1.39,1.39,False,Resolved,Systems Admin,B. Silva,Remote,Self-Service Portal,5
INC100155,2025-08-26 13:16:45,2025-08-28 00:22:09,Access Management,Medium,24,11.87,35.09,True,Closed,Service Desk L1,A. Khan,HQ - Dubai,Walk-in,3
INC102277,2025-08-26 17:38:58,2025-08-28 15:58:10,Software,Low,48,16.93,46.32,False,Closed,Desktop Support,A. Khan,Remote,Self-Service Portal,3
INC100095,2025-08-26 19:22:11,2025-08-27 02:59:23,Hardware,High,8,0.7,7.62,False,Resolved,Security Team,C. Novak,HQ - Dubai,Phone,5
INC102825,2025-08-26 21:39:14,,Access Management,Low,48,19.63,32.15,False,Reopened,Security Team,F. Torres,HQ - Dubai,Email,
INC100276,2025-08-26 23:08:11,2025-08-27 10:26:47,Email,Medium,24,4.52,11.31,False,Resolved,Network Ops,K. Meyer,Branch - London,Email,5
INC101124,2025-08-27 01:31:37,2025-08-28 06:06:25,Access Management,Low,48,22.34,28.58,False,Closed,App Support,H. Osei,HQ - Dubai,Email,4
INC100438,2025-08-27 05:45:04,2025-08-27 09:43:52,Software,High,8,1.26,3.98,False,Closed,Desktop Support,D. Ahmed,HQ - Dubai,Self-Service Portal,4
INC101711,2025-08-27 08:27:42,2025-08-29 11:42:06,Network,Low,48,21.01,51.24,True,Resolved,App Support,H. Osei,Branch - New York,Phone,3
INC102481,2025-08-27 11:57:45,2025-08-28 08:31:57,Printer,Low,48,4.94,20.57,False,Resolved,App Support,G. Petrov,HQ - Dubai,Phone,4
INC102319,2025-08-27 13:08:20,2025-08-27 23:13:44,Security Incident,Low,48,7.58,10.09,False,Reopened,Service Desk L1,E. Zhou,Branch - London,Email,
INC102586,2025-08-27 17:50:57,2025-08-27 21:49:09,Network,Medium,24,3.97,3.97,False,Closed,Security Team,C. Novak,Branch - New York,Phone,4
INC100562,2025-08-27 22:38:36,2025-08-29 04:31:24,Email,Low,48,20.28,29.88,False,Closed,Service Desk L1,G. Petrov,Remote,Email,5
INC102052,2025-08-28 02:26:41,2025-08-28 12:40:29,Email,Medium,24,7.07,10.23,False,Resolved,App Support,D. Ahmed,Remote,Walk-in,5
INC102907,2025-08-28 05:12:09,2025-08-29 10:33:45,Hardware,Medium,24,2.94,29.36,True,Resolved,Desktop Support,D. Ahmed,HQ - Dubai,Email,2
INC100323,2025-08-28 06:47:26,2025-08-29 03:51:38,Printer,Medium,24,8.92,21.07,False,Reopened,Network Ops,J. Kim,HQ - Dubai,Self-Service Portal,
INC100084,2025-08-28 10:30:13,2025-08-30 05:46:25,Software,Low,48,1.56,43.27,False,Reopened,Security Team,I. Rossi,HQ - Dubai,Chat,
INC101372,2025-08-28 14:41:38,2025-08-29 17:55:26,Hardware,Low,48,14.18,27.23,False,Resolved,Security Team,L. Fernandes,HQ - Dubai,Self-Service Portal,3
INC102668,2025-08-28 16:40:57,2025-08-29 16:21:45,Network,Low,48,22.22,23.68,False,Closed,Service Desk L1,I. Rossi,Remote,Phone,4
INC102758,2025-08-28 18:51:41,2025-08-29 16:06:41,Network,Medium,24,6.12,21.25,False,Closed,Security Team,B. Silva,HQ - Dubai,Self-Service Portal,5
INC102527,2025-08-28 19:05:22,2025-08-29 14:32:22,Application Support,Low,48,5.77,19.45,False,Resolved,Service Desk L1,D. Ahmed,HQ - Dubai,Phone,4
INC102251,2025-08-28 19:07:33,2025-08-30 01:36:21,Software,Medium,24,6.31,30.48,True,Resolved,Service Desk L1,K. Meyer,HQ - Dubai,Chat,3
INC101630,2025-08-28 19:47:41,2025-08-29 02:12:53,Software,High,8,1.69,6.42,False,Resolved,Desktop Support,L. Fernandes,Branch - Singapore,Self-Service Portal,4
INC101854,2025-08-28 20:47:04,2025-08-29 14:44:04,Network,Medium,24,3.53,17.95,False,Resolved,App Support,A. Khan,HQ - Dubai,Phone,4
INC102517,2025-08-28 21:04:18,2025-08-28 23:57:42,Software,High,8,0.31,2.89,False,Closed,Network Ops,I. Rossi,Remote,Email,4
INC102123,2025-08-29 00:42:48,2025-08-31 02:42:12,Software,Low,48,13.33,49.99,True,Resolved,App Support,A. Khan,Branch - Singapore,Chat,3
INC100739,2025-08-29 03:06:57,2025-08-29 23:16:33,Hardware,Low,48,16.66,20.16,False,Resolved,Desktop Support,D. Ahmed,HQ - Dubai,Walk-in,4
INC101167,2025-08-29 06:36:44,2025-08-30 08:04:20,Email,Medium,24,9.59,25.46,True,Closed,Network Ops,E. Zhou,HQ - Dubai,Email,4
INC102445,2025-08-29 11:39:13,2025-08-30 13:42:13,Software,Low,48,23.4,26.05,False,Resolved,App Support,E. Zhou,Remote,Email,4
INC100946,2025-08-29 14:28:48,2025-08-30 03:27:36,Application Support,Medium,24,9.85,12.98,False,Resolved,Network Ops,L. Fernandes,Remote,Email,4
INC102655,2025-08-29 15:44:46,2025-08-31 15:56:10,Software,Medium,24,5.59,48.19,True,Resolved,Network Ops,C. Novak,HQ - Dubai,Self-Service Portal,4
INC102951,2025-08-29 17:18:16,2025-08-30 01:15:52,Hardware,High,8,3.99,7.96,False,Resolved,Desktop Support,H. Osei,HQ - Dubai,Phone,3
INC102549,2025-08-29 20:10:35,2025-08-30 17:07:35,Security Incident,Medium,24,3.99,20.95,False,Resolved,App Support,H. Osei,Branch - New York,Phone,5
INC100883,2025-08-29 21:18:29,2025-08-30 02:40:41,Hardware,Low,48,5.37,5.37,False,Resolved,Security Team,C. Novak,HQ - Dubai,Self-Service Portal,5
INC100944,2025-08-29 21:56:32,2025-08-30 23:55:56,Hardware,Medium,24,9.85,25.99,True,Resolved,Systems Admin,L. Fernandes,HQ - Dubai,Self-Service Portal,4
INC100446,2025-08-29 23:03:12,2025-08-30 14:50:00,Network,Low,48,0.73,15.78,False,Resolved,Systems Admin,C. Novak,HQ - Dubai,Self-Service Portal,5
INC101655,2025-08-29 23:24:40,2025-08-30 10:42:04,Access Management,Low,48,11.29,11.29,False,Resolved,Desktop Support,C. Novak,HQ - Dubai,Self-Service Portal,4
INC102248,2025-08-30 02:59:33,2025-08-30 05:03:09,Access Management,Medium,24,2.06,2.06,False,Resolved,Security Team,J. Kim,Branch - London,Chat,5
INC100069,2025-08-30 03:08:54,2025-08-31 14:24:30,Software,Medium,24,8.47,35.26,True,Resolved,Service Desk L1,J. Kim,Branch - Singapore,Chat,5
INC100598,2025-08-30 04:56:14,2025-08-31 20:50:50,Email,Low,48,9.44,39.91,False,Resolved,Service Desk L1,F. Torres,HQ - Dubai,Walk-in,4
INC102469,2025-08-30 05:57:17,2025-08-30 13:34:29,Printer,Low,48,7.62,7.62,False,Resolved,App Support,K. Meyer,HQ - Dubai,Self-Service Portal,5
INC100436,2025-08-30 16:03:58,2025-08-31 08:56:10,Hardware,Low,48,7.41,16.87,False,Closed,Network Ops,L. Fernandes,HQ - Dubai,Email,5
INC101733,2025-08-30 17:41:36,2025-08-31 00:44:00,Software,Medium,24,7.04,7.04,False,Closed,App Support,E. Zhou,Branch - London,Email,5
INC101575,2025-08-30 17:43:33,2025-09-01 08:53:45,Software,Medium,24,6.88,39.17,True,Resolved,Network Ops,E. Zhou,Remote,Self-Service Portal,3
INC100743,2025-08-30 21:24:39,2025-08-31 04:04:51,Security Incident,Medium,24,6.67,6.67,False,Reopened,Systems Admin,C. Novak,Remote,Email,
INC100383,2025-08-30 22:01:55,2025-08-31 19:47:31,Hardware,Medium,24,3.14,21.76,False,Resolved,Service Desk L1,I. Rossi,Remote,Self-Service Portal,5
INC100156,2025-08-31 03:07:03,2025-09-01 01:20:51,Email,Low,48,3.19,22.23,False,Resolved,App Support,F. Torres,HQ - Dubai,Walk-in,3
INC101128,2025-08-31 05:11:32,2025-08-31 11:17:32,Security Incident,Medium,24,6.1,6.1,False,Resolved,Desktop Support,G. Petrov,Branch - Singapore,Self-Service Portal,3
INC102572,2025-08-31 08:28:01,2025-08-31 21:59:13,Application Support,Medium,24,2.46,13.52,False,Resolved,Desktop Support,H. Osei,Remote,Email,4
INC102065,2025-08-31 09:18:36,2025-09-05 18:50:24,Software,Low,48,18.86,129.53,True,Closed,Desktop Support,L. Fernandes,Branch - Singapore,Self-Service Portal,2
INC102611,2025-08-31 11:09:50,2025-08-31 15:15:50,Access Management,High,8,2.28,4.1,False,Resolved,Service Desk L1,B. Silva,Remote,Email,5
INC100556,2025-08-31 18:16:11,2025-09-01 22:07:11,Security Incident,Low,48,7.54,27.85,False,Resolved,Systems Admin,D. Ahmed,Branch - Singapore,Email,5
INC101329,2025-08-31 18:53:27,2025-09-01 16:37:51,Software,Low,48,12.16,21.74,False,Resolved,Service Desk L1,B. Silva,Remote,Email,5
INC102579,2025-08-31 22:58:15,2025-09-01 12:16:15,Application Support,Low,48,3.06,13.3,False,Resolved,Service Desk L1,J. Kim,HQ - Dubai,Self-Service Portal,4
INC102558,2025-09-01 02:11:45,2025-09-01 13:43:33,Application Support,Medium,24,6.4,11.53,False,Resolved,Systems Admin,C. Novak,Remote,Email,5
INC100807,2025-09-01 04:00:22,2025-09-01 10:23:10,Hardware,High,8,1.73,6.38,False,Reopened,Security Team,F. Torres,HQ - Dubai,Chat,
INC101551,2025-09-01 04:44:18,2025-09-01 14:32:54,Software,Low,48,9.81,9.81,False,Resolved,Systems Admin,B. Silva,Remote,Self-Service Portal,4
INC101141,2025-09-01 07:47:45,2025-09-02 09:33:57,Application Support,Low,48,0.58,25.77,False,Resolved,Desktop Support,F. Torres,Branch - New York,Phone,3
INC100776,2025-09-01 07:50:54,,Network,High,8,0.89,1.46,False,Reopened,Desktop Support,I. Rossi,Remote,Email,
INC100542,2025-09-01 08:52:09,2025-09-01 17:47:21,Security Incident,Medium,24,3.9,8.92,False,Resolved,Security Team,K. Meyer,HQ - Dubai,Phone,4
INC102902,2025-09-01 11:06:06,2025-09-02 07:49:54,Access Management,Low,48,20.19,20.73,False,Resolved,Service Desk L1,G. Petrov,Remote,Self-Service Portal,4
INC100763,2025-09-01 11:49:14,2025-09-03 17:01:14,Printer,Low,48,0.6,53.2,True,Resolved,Network Ops,G. Petrov,Branch - Singapore,Email,3
INC101077,2025-09-01 12:58:30,2025-09-02 04:47:06,Application Support,Medium,24,0.67,15.81,False,Resolved,Systems Admin,L. Fernandes,Branch - London,Email,4
INC100224,2025-09-01 14:28:06,2025-09-04 06:58:06,Printer,Low,48,17.7,64.5,True,Closed,App Support,I. Rossi,Branch - New York,Self-Service Portal,4
INC100004,2025-09-02 00:03:08,2025-09-02 08:19:56,Printer,Medium,24,8.28,8.28,False,Reopened,Systems Admin,K. Meyer,Remote,Self-Service Portal,
INC100389,2025-09-02 06:26:32,2025-09-03 09:00:44,Network,Low,48,18.95,26.57,False,Closed,Systems Admin,G. Petrov,Branch - Singapore,Email,5
INC101489,2025-09-02 06:30:35,2025-09-11 23:13:11,Hardware,Low,48,8.0,232.71,True,Resolved,Service Desk L1,K. Meyer,Remote,Phone,4
INC101606,2025-09-02 06:31:14,2025-09-02 10:43:50,Application Support,Critical,4,1.23,4.21,True,Resolved,Network Ops,H. Osei,Remote,Walk-in,3
INC102494,2025-09-02 08:41:58,2025-09-02 21:40:10,Software,Medium,24,6.78,12.97,False,Resolved,Network Ops,H. Osei,HQ - Dubai,Email,3
INC100324,2025-09-02 09:00:03,2025-09-03 20:13:51,Software,Low,48,21.88,35.23,False,Resolved,Service Desk L1,D. Ahmed,HQ - Dubai,Phone,3
INC101703,2025-09-02 09:40:51,2025-09-04 09:24:39,Access Management,Low,48,4.69,47.73,False,Closed,Service Desk L1,D. Ahmed,Branch - London,Chat,5
INC100497,2025-09-02 13:32:23,2025-09-02 20:37:47,Hardware,High,8,0.38,7.09,False,Resolved,Security Team,D. Ahmed,Branch - Singapore,Email,4
INC102392,2025-09-02 13:53:21,2025-09-03 08:57:33,Hardware,Medium,24,1.18,19.07,False,Resolved,Service Desk L1,E. Zhou,Remote,Phone,3
INC102671,2025-09-02 16:40:22,2025-09-03 16:23:34,Access Management,Low,48,23.38,23.72,False,Closed,Desktop Support,H. Osei,HQ - Dubai,Email,4
INC101882,2025-09-02 19:34:33,2025-09-03 06:26:45,Network,Medium,24,7.94,10.87,False,Reopened,Service Desk L1,L. Fernandes,Branch - New York,Chat,
INC100382,2025-09-02 20:39:03,2025-09-03 08:55:15,Printer,Medium,24,1.27,12.27,False,Resolved,App Support,E. Zhou,Branch - New York,Email,4
INC101902,2025-09-02 21:19:13,,Access Management,Medium,24,10.22,15.39,False,Reopened,Network Ops,E. Zhou,Branch - Singapore,Self-Service Portal,
INC100606,2025-09-02 21:32:28,2025-09-03 19:32:28,Hardware,Low,48,20.07,22.0,False,Resolved,Service Desk L1,H. Osei,HQ - Dubai,Self-Service Portal,4
INC100660,2025-09-02 22:32:32,2025-09-03 10:15:44,Application Support,Medium,24,5.08,11.72,False,Resolved,Service Desk L1,G. Petrov,HQ - Dubai,Email,4
INC100882,2025-09-03 04:50:40,2025-09-03 08:56:40,Network,High,8,0.09,4.1,False,Resolved,Security Team,B. Silva,Remote,Email,4
INC100246,2025-09-03 08:54:56,2025-09-03 09:50:44,Access Management,Critical,4,0.72,0.93,False,Reopened,Network Ops,A. Khan,Remote,Self-Service Portal,
INC102995,2025-09-03 09:03:44,2025-09-03 11:15:44,Software,High,8,0.35,2.2,False,Resolved,App Support,I. Rossi,HQ - Dubai,Chat,5
INC101498,2025-09-03 09:22:03,2025-09-05 08:43:39,Application Support,Medium,24,7.83,47.36,True,Closed,Desktop Support,J. Kim,Branch - New York,Chat,4
INC102284,2025-09-03 10:04:12,2025-09-04 15:14:24,Access Management,Low,48,9.44,29.17,False,Resolved,Network Ops,H. Osei,HQ - Dubai,Chat,3
INC102688,2025-09-03 13:37:46,2025-09-04 13:01:10,Hardware,Low,48,8.42,23.39,False,Resolved,App Support,F. Torres,Remote,Self-Service Portal,4
INC101973,2025-09-03 16:06:04,2025-09-03 18:12:40,Software,High,8,2.11,2.11,False,Resolved,Service Desk L1,L. Fernandes,Remote,Self-Service Portal,4
INC101708,2025-09-03 17:53:50,2025-09-03 22:42:26,Software,High,8,3.76,4.81,False,Resolved,Systems Admin,D. Ahmed,HQ - Dubai,Chat,5
INC100013,2025-09-03 22:41:27,2025-09-04 05:06:39,Security Incident,High,8,2.67,6.42,False,Closed,Network Ops,H. Osei,Branch - London,Phone,5
INC101318,2025-09-03 23:49:52,2025-09-04 05:12:40,Application Support,High,8,1.35,5.38,False,Closed,Systems Admin,K. Meyer,Branch - London,Email,3
INC101631,2025-09-04 04:57:09,2025-09-04 20:45:45,Network,Medium,24,11.83,15.81,False,Closed,Security Team,F. Torres,Branch - Singapore,Email,5
INC100316,2025-09-04 08:04:35,2025-09-06 06:41:11,Printer,Low,48,12.15,46.61,False,Closed,App Support,J. Kim,HQ - Dubai,Email,4
INC100947,2025-09-04 09:35:48,2025-09-05 23:36:24,Security Incident,Low,48,0.14,38.01,False,Resolved,Systems Admin,K. Meyer,Remote,Chat,4
INC100374,2025-09-04 10:38:24,2025-09-05 15:37:48,Access Management,Medium,24,11.92,28.99,True,Closed,Systems Admin,G. Petrov,HQ - Dubai,Phone,3
INC100015,2025-09-04 12:54:45,2025-09-05 07:45:09,Hardware,Medium,24,0.27,18.84,False,Resolved,Security Team,L. Fernandes,HQ - Dubai,Self-Service Portal,5
INC102362,2025-09-04 13:20:24,2025-09-04 21:19:48,Software,High,8,1.12,7.99,False,Reopened,Network Ops,I. Rossi,Branch - Singapore,Email,
INC102421,2025-09-04 14:55:05,2025-09-04 17:00:29,Software,High,8,0.46,2.09,False,Resolved,App Support,J. Kim,Branch - New York,Email,4
INC101421,2025-09-04 16:42:54,2025-09-05 08:09:54,Network,Low,48,1.53,15.45,False,Resolved,Service Desk L1,C. Novak,HQ - Dubai,Email,3
INC102614,2025-09-04 18:15:39,2025-09-04 21:07:15,Software,Medium,24,2.86,2.86,False,Resolved,Security Team,F. Torres,Branch - Singapore,Self-Service Portal,3
INC100206,2025-09-05 02:58:29,2025-09-05 06:21:53,Hardware,High,8,0.3,3.39,False,Resolved,Network Ops,I. Rossi,Branch - London,Phone,3
INC101620,2025-09-05 15:57:52,2025-09-07 19:24:16,Printer,Low,48,22.45,51.44,True,Resolved,Security Team,H. Osei,HQ - Dubai,Walk-in,5
INC102334,2025-09-05 17:14:54,2025-09-06 09:54:30,Software,Medium,24,2.03,16.66,False,Reopened,Network Ops,C. Novak,Remote,Email,
INC102733,2025-09-05 22:02:25,2025-09-06 04:30:37,Access Management,High,8,1.23,6.47,False,Resolved,Security Team,C. Novak,Remote,Self-Service Portal,4
INC100973,2025-09-06 19:20:23,2025-09-06 23:02:23,Software,Critical,4,1.25,3.7,False,Closed,Desktop Support,K. Meyer,Branch - London,Self-Service Portal,5
INC100037,2025-09-06 19:49:15,2025-09-07 17:15:03,Security Incident,Low,48,12.54,21.43,False,Resolved,Security Team,C. Novak,Branch - Singapore,Walk-in,3
INC101781,2025-09-07 08:36:04,2025-09-08 14:21:40,Printer,Medium,24,11.98,29.76,True,Closed,Security Team,A. Khan,Branch - London,Self-Service Portal,5
INC100105,2025-09-07 10:29:59,2025-09-08 00:43:47,Software,Medium,24,10.82,14.23,False,Closed,Desktop Support,L. Fernandes,HQ - Dubai,Self-Service Portal,4
INC102488,2025-09-07 21:28:09,2025-09-08 13:37:09,Application Support,Low,48,16.15,16.15,False,Resolved,Systems Admin,G. Petrov,HQ - Dubai,Phone,2
INC102757,2025-09-08 01:39:37,2025-09-08 19:52:49,Network,Medium,24,7.64,18.22,False,Closed,App Support,L. Fernandes,Remote,Email,4
INC101037,2025-09-08 03:12:53,2025-09-08 17:06:53,Application Support,Medium,24,5.05,13.9,False,Resolved,Security Team,L. Fernandes,Branch - Singapore,Self-Service Portal,4
INC100467,2025-09-08 05:30:27,2025-09-09 23:58:03,Software,Low,48,17.86,42.46,False,Resolved,Desktop Support,E. Zhou,Branch - London,Email,4
INC101651,2025-09-08 06:39:45,2025-09-09 04:48:09,Network,Medium,24,0.12,22.14,False,Resolved,App Support,A. Khan,Branch - New York,Email,5
INC101852,2025-09-08 07:53:24,2025-09-17 10:43:12,Access Management,Low,48,8.61,218.83,True,Resolved,Security Team,B. Silva,Branch - Singapore,Self-Service Portal,4
INC102439,2025-09-08 13:57:58,2025-09-09 21:00:58,Application Support,Low,48,3.42,31.05,False,Resolved,App Support,C. Novak,Remote,Chat,3
INC102592,2025-09-08 17:13:33,2025-09-12 07:03:57,Network,Medium,24,10.73,85.84,True,Closed,Desktop Support,E. Zhou,Remote,Chat,3
INC100950,2025-09-08 17:20:27,2025-09-09 11:55:15,Email,Low,48,12.41,18.58,False,Resolved,Systems Admin,F. Torres,HQ - Dubai,Walk-in,4
INC100366,2025-09-08 19:18:42,2025-09-09 13:45:06,Access Management,Medium,24,2.88,18.44,False,Resolved,Service Desk L1,B. Silva,Branch - London,Phone,5
INC101043,2025-09-08 19:21:28,2025-09-08 20:19:40,Software,Critical,4,0.97,0.97,False,Resolved,Security Team,H. Osei,HQ - Dubai,Self-Service Portal,4
INC101889,2025-09-08 19:51:43,2025-09-09 16:04:19,Security Incident,Medium,24,9.58,20.21,False,Reopened,App Support,B. Silva,HQ - Dubai,Phone,
INC100996,2025-09-08 20:46:46,2025-09-08 21:16:10,Network,Critical,4,0.4,0.49,False,Resolved,Systems Admin,J. Kim,Remote,Email,4
INC102328,2025-09-08 20:52:50,2025-09-09 00:37:50,Hardware,High,8,1.87,3.75,False,Resolved,Systems Admin,J. Kim,HQ - Dubai,Self-Service Portal,5
INC102246,2025-09-08 21:24:32,2025-09-11 11:20:56,Hardware,Low,48,5.68,61.94,True,Resolved,App Support,C. Novak,Remote,Email,4
INC101903,2025-09-09 00:50:32,2025-09-09 11:27:44,Access Management,High,8,1.66,10.62,True,Resolved,Security Team,C. Novak,HQ - Dubai,Chat,3
INC100898,2025-09-09 04:43:39,2025-09-09 19:24:27,Access Management,Medium,24,10.89,14.68,False,Resolved,Network Ops,D. Ahmed,Branch - Singapore,Email,3
INC100846,2025-09-09 08:16:59,2025-09-09 13:43:23,Application Support,High,8,3.44,5.44,False,Resolved,Desktop Support,H. Osei,HQ - Dubai,Self-Service Portal,4
INC100266,2025-09-09 14:00:33,2025-09-09 19:15:33,Printer,High,8,1.95,5.25,False,Resolved,Network Ops,I. Rossi,Remote,Self-Service Portal,5
INC100390,2025-09-09 14:42:36,2025-09-10 14:03:36,Application Support,Medium,24,0.94,23.35,False,Resolved,Security Team,I. Rossi,HQ - Dubai,Email,4
INC101067,2025-09-09 18:17:22,2025-09-10 01:25:10,Application Support,Medium,24,7.13,7.13,False,Resolved,Systems Admin,L. Fernandes,Branch - New York,Email,4
INC102102,2025-09-09 21:53:59,2025-09-10 06:28:11,Software,Medium,24,6.46,8.57,False,Resolved,Desktop Support,C. Novak,HQ - Dubai,Phone,5
INC101272,2025-09-09 22:24:23,2025-09-11 03:50:11,Access Management,Low,48,6.37,29.43,False,Resolved,Desktop Support,G. Petrov,Branch - Singapore,Email,5
INC100072,2025-09-10 00:38:31,2025-09-10 02:51:07,Access Management,Critical,4,0.17,2.21,False,Resolved,Network Ops,L. Fernandes,HQ - Dubai,Email,2
INC102865,2025-09-10 06:07:46,2025-09-10 07:41:22,Email,Critical,4,1.04,1.56,False,Resolved,Security Team,F. Torres,HQ - Dubai,Phone,4
INC100286,2025-09-10 10:00:11,2025-09-10 10:42:11,Hardware,High,8,0.7,0.7,False,Reopened,Security Team,F. Torres,Branch - Singapore,Chat,
INC102134,2025-09-10 15:13:41,2025-09-12 20:15:29,Software,Low,48,13.37,53.03,True,Closed,Security Team,G. Petrov,Remote,Self-Service Portal,3
INC100736,2025-09-10 18:56:34,,Hardware,Medium,24,9.43,19.97,False,Reopened,App Support,F. Torres,Remote,Phone,
INC102265,2025-09-10 20:06:58,2025-09-11 02:26:10,Email,Critical,4,0.19,6.32,True,Resolved,Desktop Support,D. Ahmed,Remote,Phone,4
INC100406,2025-09-10 21:16:04,2025-09-12 13:30:28,Hardware,Medium,24,6.98,40.24,True,Resolved,Network Ops,G. Petrov,Branch - New York,Phone,2
INC102039,2025-09-11 06:35:40,2025-09-12 09:47:04,Software,Medium,24,3.4,27.19,True,Resolved,Desktop Support,B. Silva,HQ - Dubai,Self-Service Portal,2
INC100386,2025-09-11 06:53:35,2025-09-16 08:48:47,Network,Low,48,0.87,121.92,True,Closed,Service Desk L1,F. Torres,Branch - New York,Self-Service Portal,3
INC102459,2025-09-11 08:05:58,2025-09-12 10:26:22,Software,Low,48,2.24,26.34,False,Resolved,Network Ops,I. Rossi,Branch - London,Self-Service Portal,2
INC100921,2025-09-11 11:19:59,2025-09-12 03:19:59,Application Support,Low,48,16.0,16.0,False,Resolved,Network Ops,A. Khan,Branch - London,Chat,5
INC101928,2025-09-11 11:22:26,2025-09-11 13:27:50,Network,Medium,24,1.22,2.09,False,Resolved,Network Ops,H. Osei,Branch - London,Self-Service Portal,4
INC101125,2025-09-11 11:25:38,2025-09-11 15:16:02,Application Support,High,8,2.15,3.84,False,Closed,Network Ops,F. Torres,HQ - Dubai,Email,5
INC101912,2025-09-11 16:02:39,2025-09-12 02:07:27,Email,Medium,24,5.13,10.08,False,Reopened,Service Desk L1,D. Ahmed,Remote,Walk-in,
INC100565,2025-09-11 17:11:57,2025-09-12 14:36:33,Printer,Medium,24,5.99,21.41,False,Resolved,Network Ops,F. Torres,Branch - New York,Email,4
INC100848,2025-09-11 17:53:22,2025-09-13 08:38:22,Access Management,Low,48,7.57,38.75,False,Closed,Desktop Support,H. Osei,Branch - Singapore,Self-Service Portal,4
INC102354,2025-09-11 19:04:11,2025-09-12 06:20:23,Hardware,Low,48,11.27,11.27,False,Resolved,Security Team,J. Kim,Branch - London,Phone,4
INC102057,2025-09-11 23:31:06,2025-09-15 12:34:42,Application Support,Medium,24,3.17,85.06,True,Resolved,Security Team,D. Ahmed,HQ - Dubai,Walk-in,4
INC100963,2025-09-12 05:18:16,2025-09-12 08:28:28,Hardware,Medium,24,3.17,3.17,False,Closed,App Support,E. Zhou,Remote,Email,5
INC100203,2025-09-12 06:59:18,2025-09-12 15:41:18,Printer,Medium,24,8.7,8.7,False,Resolved,Systems Admin,E. Zhou,HQ - Dubai,Chat,5
INC102163,2025-09-12 09:52:12,2025-09-12 23:56:24,Printer,Low,48,14.07,14.07,False,Resolved,Network Ops,F. Torres,Branch - New York,Self-Service Portal,4
INC101344,2025-09-12 10:20:13,2025-09-12 11:50:49,Access Management,High,8,1.51,1.51,False,Resolved,Systems Admin,A. Khan,Branch - Singapore,Self-Service Portal,5
INC101642,2025-09-12 12:00:09,2025-09-12 18:07:57,Software,Critical,4,0.81,6.13,True,Resolved,Desktop Support,L. Fernandes,HQ - Dubai,Self-Service Portal,3
INC100904,2025-09-12 14:50:32,2025-09-12 22:08:32,Printer,High,8,0.44,7.3,False,Closed,Security Team,B. Silva,HQ - Dubai,Walk-in,3
INC102725,2025-09-12 19:29:37,2025-09-13 09:17:01,Security Incident,Low,48,9.75,13.79,False,Resolved,Systems Admin,A. Khan,Branch - London,Self-Service Portal,5
INC100681,2025-09-12 21:48:16,2025-09-12 23:42:52,Software,Critical,4,1.79,1.91,False,Resolved,App Support,D. Ahmed,Branch - Singapore,Self-Service Portal,4
INC100337,2025-09-12 22:57:31,2025-09-16 00:32:19,Hardware,Medium,24,9.79,73.58,True,Closed,Systems Admin,A. Khan,HQ - Dubai,Phone,5
INC102632,2025-09-13 02:11:52,2025-09-16 21:56:16,Hardware,Low,48,12.19,91.74,True,Resolved,Network Ops,D. Ahmed,Branch - London,Email,3
INC100108,2025-09-13 03:26:36,2025-09-13 15:33:48,Hardware,Medium,24,8.88,12.12,False,Resolved,Security Team,D. Ahmed,Branch - London,Self-Service Portal,5
INC101435,2025-09-13 05:37:30,2025-09-18 07:54:18,Printer,Low,48,8.85,122.28,True,Resolved,Service Desk L1,L. Fernandes,Remote,Chat,3
INC101132,2025-09-13 06:52:44,2025-09-14 20:52:44,Hardware,Medium,24,1.37,38.0,True,Resolved,Network Ops,C. Novak,Branch - London,Self-Service Portal,4
INC101345,2025-09-13 08:22:54,2025-09-13 15:42:06,Software,High,8,1.18,7.32,False,Closed,Desktop Support,D. Ahmed,Branch - New York,Email,4
INC101049,2025-09-13 08:58:54,2025-09-13 12:32:30,Network,Critical,4,1.28,3.56,False,Closed,Systems Admin,B. Silva,Branch - Singapore,Self-Service Portal,5
INC100186,2025-09-13 10:35:11,2025-09-15 18:16:35,Software,Low,48,20.25,55.69,True,Resolved,Security Team,C. Novak,HQ - Dubai,Email,3
INC101861,2025-09-13 12:03:53,2025-09-13 16:39:17,Hardware,Medium,24,4.59,4.59,False,Resolved,Security Team,G. Petrov,HQ - Dubai,Self-Service Portal,5
INC102196,2025-09-13 18:25:45,,Hardware,Medium,24,11.07,15.04,False,Reopened,Systems Admin,E. Zhou,Remote,Email,
INC102975,2025-09-13 22:09:14,2025-09-15 22:53:38,Application Support,Low,48,23.59,48.74,True,Resolved,Desktop Support,E. Zhou,HQ - Dubai,Chat,4
INC102998,2025-09-14 03:12:23,2025-09-14 06:23:11,Email,Critical,4,1.84,3.18,False,Resolved,Service Desk L1,J. Kim,HQ - Dubai,Chat,5
INC101513,2025-09-14 03:14:01,2025-09-14 08:56:37,Access Management,Medium,24,5.71,5.71,False,Resolved,Network Ops,L. Fernandes,Branch - Singapore,Email,5
INC101130,2025-09-14 03:34:51,2025-09-14 15:33:03,Software,Low,48,11.97,11.97,False,Reopened,App Support,C. Novak,Branch - London,Email,
INC102215,2025-09-14 08:18:48,2025-09-14 16:25:24,Hardware,High,8,2.1,8.11,True,Resolved,Security Team,F. Torres,HQ - Dubai,Self-Service Portal,2
INC100782,2025-09-14 11:25:03,2025-09-16 13:25:03,Hardware,Low,48,13.31,50.0,True,Closed,Systems Admin,D. Ahmed,Remote,Chat,2
INC102864,2025-09-14 11:34:34,2025-09-14 13:11:10,Application Support,Critical,4,0.57,1.61,False,Resolved,App Support,D. Ahmed,HQ - Dubai,Email,3
INC101010,2025-09-14 12:50:24,2025-09-17 17:25:12,Network,Medium,24,11.22,76.58,True,Closed,Systems Admin,J. Kim,HQ - Dubai,Chat,4
INC100675,2025-09-14 14:07:19,2025-09-14 16:31:19,Email,High,8,2.14,2.4,False,Resolved,Service Desk L1,G. Petrov,HQ - Dubai,Chat,4
INC100169,2025-09-14 16:40:34,2025-09-15 03:33:58,Software,Medium,24,9.43,10.89,False,Reopened,Desktop Support,L. Fernandes,Remote,Email,
INC100086,2025-09-14 20:25:25,2025-09-15 05:16:25,Hardware,High,8,1.03,8.85,True,Closed,Desktop Support,F. Torres,HQ - Dubai,Self-Service Portal,4
INC102646,2025-09-14 23:30:54,2025-09-15 02:33:18,Software,High,8,1.82,3.04,False,Resolved,Systems Admin,C. Novak,Remote,Self-Service Portal,5
INC101722,2025-09-15 02:39:25,2025-09-15 20:46:01,Security Incident,Low,48,16.68,18.11,False,Resolved,Systems Admin,F. Torres,HQ - Dubai,Self-Service Portal,5
INC102926,2025-09-15 03:16:37,2025-09-15 04:31:01,Software,High,8,1.24,1.24,False,Resolved,Desktop Support,A. Khan,Branch - New York,Self-Service Portal,5
INC100513,2025-09-15 17:46:46,2025-09-15 20:28:46,Access Management,High,8,2.7,2.7,False,Resolved,Service Desk L1,H. Osei,Branch - Singapore,Phone,4
INC102945,2025-09-15 18:32:35,2025-09-16 05:32:35,Security Incident,High,8,2.96,11.0,True,Reopened,Network Ops,C. Novak,Remote,Chat,
INC100053,2025-09-15 20:02:16,2025-09-16 20:56:52,Application Support,Low,48,4.74,24.91,False,Reopened,App Support,B. Silva,Remote,Self-Service Portal,
INC100283,2025-09-15 20:12:02,2025-09-15 22:09:38,Printer,Critical,4,1.31,1.96,False,Reopened,Systems Admin,B. Silva,HQ - Dubai,Email,
INC101330,2025-09-15 20:16:01,2025-09-15 21:27:25,Software,Critical,4,1.12,1.19,False,Resolved,Security Team,J. Kim,HQ - Dubai,Chat,5
INC101694,2025-09-15 23:13:10,2025-09-16 23:18:34,Email,Low,48,6.75,24.09,False,Resolved,Service Desk L1,L. Fernandes,Branch - London,Email,5
INC100113,2025-09-16 00:53:45,2025-09-16 06:43:33,Security Incident,Medium,24,3.95,5.83,False,Resolved,Security Team,I. Rossi,Branch - Singapore,Email,3
INC101637,2025-09-16 00:56:22,2025-09-16 20:01:10,Hardware,Medium,24,4.6,19.08,False,Resolved,App Support,G. Petrov,HQ - Dubai,Self-Service Portal,3
INC100925,2025-09-16 04:09:59,2025-09-16 08:07:35,Application Support,Medium,24,3.96,3.96,False,Resolved,App Support,L. Fernandes,Branch - London,Email,3
INC102836,2025-09-16 06:36:59,2025-09-16 10:13:35,Access Management,High,8,1.26,3.61,False,Resolved,Network Ops,F. Torres,Remote,Self-Service Portal,5
INC100085,2025-09-16 12:13:55,2025-09-18 21:07:19,Hardware,Low,48,5.77,56.89,True,Resolved,Systems Admin,H. Osei,HQ - Dubai,Walk-in,2
INC100579,2025-09-16 20:29:50,2025-09-17 06:32:50,Email,High,8,3.89,10.05,True,Reopened,Desktop Support,I. Rossi,Branch - New York,Email,
INC102798,2025-09-16 22:16:32,2025-09-20 09:29:44,Application Support,Low,48,16.42,83.22,True,Resolved,Network Ops,K. Meyer,Remote,Chat,3
INC100279,2025-09-16 22:32:04,2025-09-18 08:26:04,Access Management,Medium,24,2.18,33.9,True,Resolved,Service Desk L1,A. Khan,Remote,Self-Service Portal,3
INC100102,2025-09-16 22:53:47,2025-09-17 04:50:11,Hardware,Medium,24,5.94,5.94,False,Resolved,Service Desk L1,D. Ahmed,Branch - Singapore,Email,3
INC101119,2025-09-17 01:43:30,2025-09-17 22:50:42,Software,Medium,24,11.75,21.12,False,Resolved,Systems Admin,C. Novak,Remote,Self-Service Portal,3
INC102372,2025-09-17 02:25:41,2025-09-17 14:59:17,Printer,Medium,24,3.77,12.56,False,Resolved,App Support,D. Ahmed,Remote,Walk-in,3
INC102887,2025-09-17 03:33:37,2025-09-18 20:09:01,Software,Low,48,9.59,40.59,False,Resolved,Systems Admin,D. Ahmed,HQ - Dubai,Self-Service Portal,4
INC102990,2025-09-17 08:04:57,2025-09-18 09:47:33,Application Support,Medium,24,0.34,25.71,True,Resolved,Service Desk L1,F. Torres,Remote,Self-Service Portal,3
INC101215,2025-09-17 11:38:00,2025-09-17 19:45:12,Security Incident,Medium,24,3.73,8.12,False,Closed,Security Team,D. Ahmed,Remote,Email,4
INC102345,2025-09-17 12:20:23,2025-09-17 17:22:47,Hardware,Medium,24,5.04,5.04,False,Resolved,Desktop Support,K. Meyer,HQ - Dubai,Walk-in,3
INC101343,2025-09-17 19:59:30,2025-09-17 21:27:42,Software,Critical,4,1.35,1.47,False,Closed,App Support,K. Meyer,Branch - New York,Phone,4
INC102343,2025-09-17 20:02:36,2025-09-20 09:15:48,Application Support,Low,48,1.48,61.22,True,Resolved,Security Team,J. Kim,Branch - London,Self-Service Portal,4
INC102241,2025-09-17 22:34:11,2025-09-18 00:44:23,Printer,Critical,4,1.77,2.17,False,Resolved,Service Desk L1,I. Rossi,Remote,Self-Service Portal,5
INC101448,2025-09-18 01:14:52,2025-09-19 20:14:16,Hardware,Low,48,10.8,42.99,False,Resolved,Desktop Support,B. Silva,Branch - New York,Self-Service Portal,4
INC101012,2025-09-18 01:35:09,2025-09-19 03:06:21,Software,Low,48,11.81,25.52,False,Closed,Network Ops,G. Petrov,Branch - Singapore,Self-Service Portal,4
INC102059,2025-09-18 01:44:51,2025-09-18 17:17:15,Email,Medium,24,0.98,15.54,False,Closed,Service Desk L1,L. Fernandes,HQ - Dubai,Email,3
INC100233,2025-09-18 02:58:05,2025-09-18 15:34:41,Network,Medium,24,5.65,12.61,False,Resolved,App Support,I. Rossi,Branch - London,Phone,5
INC102738,2025-09-18 04:12:30,2025-09-18 19:35:54,Access Management,Medium,24,1.95,15.39,False,Reopened,Desktop Support,A. Khan,Remote,Phone,
INC100886,2025-09-18 04:42:33,2025-09-18 11:30:33,Hardware,Medium,24,1.28,6.8,False,Resolved,Service Desk L1,H. Osei,Remote,Email,5
INC100448,2025-09-18 06:24:16,2025-09-18 13:03:16,Email,High,8,0.49,6.65,False,Resolved,Security Team,I. Rossi,HQ - Dubai,Self-Service Portal,5
INC102515,2025-09-18 06:57:09,2025-09-19 14:14:33,Security Incident,Medium,24,5.52,31.29,True,Resolved,App Support,A. Khan,Branch - Singapore,Chat,4
INC102175,2025-09-18 09:08:56,2025-09-18 23:06:32,Email,Medium,24,10.92,13.96,False,Resolved,Service Desk L1,H. Osei,Remote,Self-Service Portal,5
INC101472,2025-09-18 13:26:49,2025-09-18 16:28:37,Access Management,High,8,0.69,3.03,False,Resolved,Service Desk L1,J. Kim,HQ - Dubai,Email,5
INC100874,2025-09-18 16:03:24,2025-09-19 18:10:36,Hardware,Low,48,5.34,26.12,False,Closed,Service Desk L1,D. Ahmed,Remote,Phone,3
INC101603,2025-09-18 22:49:03,2025-09-20 16:27:27,Software,Low,48,7.93,41.64,False,Reopened,Desktop Support,D. Ahmed,HQ - Dubai,Phone,
INC100758,2025-09-19 02:19:41,2025-09-20 23:03:29,Hardware,Low,48,11.32,44.73,False,Closed,App Support,H. Osei,HQ - Dubai,Self-Service Portal,5
INC101871,2025-09-19 04:02:45,2025-09-19 09:09:21,Network,Medium,24,4.07,5.11,False,Resolved,Desktop Support,E. Zhou,Remote,Self-Service Portal,5
INC101481,2025-09-19 19:31:49,2025-09-19 23:06:37,Software,Medium,24,3.58,3.58,False,Resolved,Desktop Support,D. Ahmed,Branch - Singapore,Phone,5
INC100797,2025-09-19 21:41:00,2025-09-20 14:20:00,Access Management,Medium,24,6.98,16.65,False,Resolved,Security Team,B. Silva,Branch - New York,Self-Service Portal,4
INC102723,2025-09-20 05:04:21,2025-09-20 09:57:45,Network,Critical,4,0.31,4.89,True,Resolved,Network Ops,A. Khan,Remote,Self-Service Portal,5
INC101777,2025-09-20 08:10:13,2025-09-20 10:12:37,Software,High,8,2.04,2.04,False,Resolved,Security Team,I. Rossi,Remote,Email,3
INC100539,2025-09-20 09:22:05,2025-09-20 18:37:41,Email,High,8,2.2,9.26,True,Resolved,Security Team,K. Meyer,Branch - Singapore,Email,4
INC101474,2025-09-20 10:31:54,2025-09-22 19:47:30,Email,Medium,24,5.02,57.26,True,Resolved,Service Desk L1,A. Khan,HQ - Dubai,Self-Service Portal,3
INC101585,2025-09-20 13:37:31,2025-09-21 07:53:07,Printer,Medium,24,9.73,18.26,False,Resolved,Network Ops,J. Kim,HQ - Dubai,Self-Service Portal,5
INC101181,2025-09-20 15:23:24,2025-09-20 18:30:36,Access Management,High,8,0.67,3.12,False,Resolved,Desktop Support,B. Silva,Remote,Self-Service Portal,5
INC101803,2025-09-20 18:53:49,2025-09-21 01:35:49,Email,Medium,24,6.7,6.7,False,Resolved,App Support,F. Torres,HQ - Dubai,Self-Service Portal,4
INC102050,2025-09-20 19:00:13,2025-09-21 15:37:25,Hardware,Medium,24,8.39,20.62,False,Resolved,Service Desk L1,A. Khan,Remote,Chat,4
INC101850,2025-09-20 19:52:57,2025-09-21 01:05:33,Network,Medium,24,2.04,5.21,False,Closed,Service Desk L1,D. Ahmed,Remote,Email,4
INC100540,2025-09-21 00:42:36,2025-09-21 08:31:48,Hardware,High,8,1.45,7.82,False,Closed,App Support,J. Kim,Remote,Phone,5
INC101238,2025-09-21 01:53:29,2025-09-21 20:52:53,Application Support,Low,48,18.99,18.99,False,Resolved,Desktop Support,D. Ahmed,Branch - London,Self-Service Portal,5
INC100676,2025-09-21 03:12:11,2025-09-21 12:19:59,Email,Medium,24,8.19,9.13,False,Reopened,Systems Admin,E. Zhou,HQ - Dubai,Phone,
INC100777,2025-09-21 04:45:51,2025-09-21 16:29:03,Security Incident,Low,48,11.72,11.72,False,Resolved,App Support,G. Petrov,Remote,Phone,5
INC102346,2025-09-21 07:22:54,2025-09-21 11:46:18,Access Management,High,8,3.0,4.39,False,Closed,Systems Admin,F. Torres,Branch - Singapore,Email,5
INC102409,2025-09-21 07:39:20,2025-09-22 06:41:44,Software,Medium,24,4.8,23.04,False,Resolved,Systems Admin,J. Kim,HQ - Dubai,Self-Service Portal,5
INC101613,2025-09-21 10:45:00,2025-09-21 14:09:00,Software,Critical,4,1.17,3.4,False,Resolved,App Support,H. Osei,Remote,Self-Service Portal,5
INC101280,2025-09-21 11:09:02,2025-09-22 00:22:14,Network,Low,48,10.35,13.22,False,Resolved,Service Desk L1,F. Torres,HQ - Dubai,Email,4
INC102724,2025-09-21 18:55:42,2025-09-22 06:01:42,Access Management,Medium,24,7.71,11.1,False,Resolved,App Support,I. Rossi,Branch - Singapore,Phone,5
INC102835,2025-09-21 23:28:25,2025-09-22 14:11:01,Hardware,Low,48,3.43,14.71,False,Resolved,Desktop Support,B. Silva,Branch - New York,Self-Service Portal,4
INC102118,2025-09-22 04:02:10,2025-09-22 13:47:46,Email,Medium,24,6.22,9.76,False,Resolved,Systems Admin,G. Petrov,Branch - London,Email,5
INC102905,2025-09-22 04:21:11,2025-09-22 16:51:11,Software,High,8,1.56,12.5,True,Resolved,Network Ops,B. Silva,Branch - London,Self-Service Portal,2
INC100120,2025-09-22 13:22:22,2025-09-24 04:25:58,Software,Low,48,10.24,39.06,False,Reopened,Network Ops,C. Novak,HQ - Dubai,Chat,
INC101947,2025-09-22 13:41:43,2025-09-23 07:16:31,Application Support,Medium,24,1.58,17.58,False,Closed,Systems Admin,D. Ahmed,Remote,Walk-in,5
INC102630,2025-09-22 20:25:47,2025-09-23 09:25:11,Application Support,Medium,24,9.94,12.99,False,Resolved,App Support,L. Fernandes,HQ - Dubai,Self-Service Portal,5
INC100951,2025-09-23 02:05:35,2025-09-23 05:32:35,Hardware,High,8,1.22,3.45,False,Resolved,Desktop Support,I. Rossi,Remote,Email,5
INC102790,2025-09-23 03:58:02,2025-09-23 05:27:26,Access Management,High,8,1.49,1.49,False,Resolved,Desktop Support,L. Fernandes,HQ - Dubai,Email,3
INC102242,2025-09-23 07:21:21,2025-09-23 13:05:45,Software,Medium,24,5.58,5.74,False,Resolved,Desktop Support,F. Torres,HQ - Dubai,Self-Service Portal,3
INC101538,2025-09-23 08:24:07,2025-09-25 01:23:31,Network,Low,48,12.67,40.99,False,Resolved,App Support,E. Zhou,HQ - Dubai,Email,3
INC101170,2025-09-23 11:38:22,2025-09-23 13:29:58,Software,Critical,4,0.17,1.86,False,Reopened,Network Ops,L. Fernandes,HQ - Dubai,Email,
INC100174,2025-09-23 13:28:30,2025-09-23 23:24:54,Email,High,8,3.09,9.94,True,Resolved,Desktop Support,E. Zhou,Branch - New York,Chat,3
INC101047,2025-09-23 17:02:38,,Application Support,Low,48,9.49,9.49,False,Reopened,App Support,B. Silva,Remote,Phone,
INC100997,2025-09-23 19:39:49,2025-09-24 21:00:13,Software,Low,48,19.23,25.34,False,Reopened,Network Ops,E. Zhou,Remote,Chat,
INC100771,2025-09-23 21:48:59,2025-09-25 05:12:23,Hardware,Low,48,1.01,31.39,False,Reopened,Desktop Support,I. Rossi,Remote,Email,
INC102369,2025-09-24 01:43:47,2025-09-24 02:34:11,Security Incident,Critical,4,0.84,0.84,False,Closed,Security Team,A. Khan,HQ - Dubai,Email,5
INC101897,2025-09-24 02:45:56,2025-09-25 15:20:08,Software,Low,48,10.89,36.57,False,Resolved,Security Team,G. Petrov,Branch - New York,Phone,3
INC100201,2025-09-24 03:03:40,2025-09-24 04:52:52,Hardware,Critical,4,1.53,1.82,False,Reopened,Desktop Support,L. Fernandes,HQ - Dubai,Phone,
INC100677,2025-09-24 07:39:29,2025-09-24 23:22:41,Hardware,Medium,24,6.29,15.72,False,Resolved,Service Desk L1,B. Silva,HQ - Dubai,Self-Service Portal,5
INC102247,2025-09-24 09:53:15,2025-09-24 19:23:51,Network,Medium,24,8.77,9.51,False,Resolved,Network Ops,L. Fernandes,Remote,Self-Service Portal,5
INC100836,2025-09-24 10:41:25,2025-09-24 20:34:13,Network,Low,48,9.88,9.88,False,Resolved,Network Ops,C. Novak,Branch - New York,Self-Service Portal,4
INC100159,2025-09-24 11:04:11,2025-09-24 15:26:23,Software,Medium,24,2.37,4.37,False,Resolved,Security Team,B. Silva,Branch - London,Email,4
INC101815,2025-09-24 11:50:10,2025-09-24 19:15:22,Network,Medium,24,5.59,7.42,False,Resolved,Systems Admin,F. Torres,Remote,Phone,4
INC100080,2025-09-24 12:24:35,,Printer,Low,48,8.74,36.19,False,Reopened,Service Desk L1,J. Kim,HQ - Dubai,Self-Service Portal,
INC101550,2025-09-25 03:38:16,2025-09-25 07:28:40,Printer,High,8,0.87,3.84,False,Resolved,Systems Admin,A. Khan,HQ - Dubai,Self-Service Portal,5
INC100847,2025-09-25 05:29:02,2025-09-26 03:15:50,Network,Medium,24,4.82,21.78,False,Resolved,Systems Admin,F. Torres,HQ - Dubai,Email,4
INC100379,2025-09-25 09:03:03,2025-09-25 11:28:51,Access Management,Critical,4,0.71,2.43,False,Reopened,Desktop Support,G. Petrov,HQ - Dubai,Phone,
INC102726,2025-09-25 13:23:12,2025-09-26 14:50:48,Network,Low,48,8.01,25.46,False,Resolved,Service Desk L1,F. Torres,Branch - London,Email,4
INC102976,2025-09-25 16:04:25,2025-09-25 21:06:49,Hardware,High,8,0.16,5.04,False,Resolved,Desktop Support,C. Novak,HQ - Dubai,Email,5
INC100468,2025-09-25 18:13:18,2025-09-25 20:49:18,Printer,High,8,1.07,2.6,False,Resolved,Systems Admin,A. Khan,HQ - Dubai,Self-Service Portal,4
INC102082,2025-09-25 18:22:14,2025-09-26 00:31:14,Software,Medium,24,6.15,6.15,False,Resolved,Service Desk L1,I. Rossi,Branch - Singapore,Phone,5
INC100716,2025-09-25 22:56:57,2025-09-26 00:36:33,Access Management,High,8,0.66,1.66,False,Closed,Network Ops,D. Ahmed,HQ - Dubai,Phone,3
INC102947,2025-09-26 05:09:43,2025-09-27 11:00:43,Printer,Low,48,15.12,29.85,False,Resolved,Desktop Support,D. Ahmed,Branch - Singapore,Email,4
INC100257,2025-09-26 08:52:03,2025-09-26 13:41:51,Application Support,Medium,24,3.79,4.83,False,Reopened,Service Desk L1,G. Petrov,HQ - Dubai,Email,
INC100000,2025-09-26 12:36:44,2025-09-27 23:59:32,Security Incident,Medium,24,7.85,35.38,True,Resolved,Network Ops,H. Osei,Remote,Phone,4
INC101726,2025-09-26 14:20:27,2025-09-27 01:57:03,Hardware,Low,48,2.24,11.61,False,Resolved,Systems Admin,D. Ahmed,Remote,Self-Service Portal,3
INC101967,2025-09-26 16:37:41,2025-09-27 03:17:17,Application Support,High,8,3.24,10.66,True,Resolved,Systems Admin,G. Petrov,Branch - New York,Walk-in,3
INC100251,2025-09-26 22:01:50,2025-09-27 21:50:26,Software,Medium,24,11.53,23.81,False,Closed,Security Team,K. Meyer,HQ - Dubai,Chat,4
INC101116,2025-09-26 23:49:44,2025-09-27 22:18:32,Software,Low,48,21.94,22.48,False,Resolved,Systems Admin,I. Rossi,HQ - Dubai,Email,5
INC100600,2025-09-27 01:11:59,2025-09-27 02:52:11,Hardware,Critical,4,1.01,1.67,False,Resolved,Network Ops,A. Khan,Remote,Walk-in,5
INC100768,2025-09-27 06:07:56,2025-09-29 14:45:08,Email,Low,48,18.72,56.62,True,Resolved,Network Ops,B. Silva,Branch - London,Email,2
INC102226,2025-09-27 08:05:25,2025-09-28 06:35:25,Hardware,Medium,24,1.38,22.5,False,Resolved,App Support,G. Petrov,Branch - London,Email,4
INC102804,2025-09-27 09:57:38,2025-09-28 03:07:14,Network,Low,48,13.15,17.16,False,Resolved,Systems Admin,I. Rossi,HQ - Dubai,Email,4
INC102643,2025-09-27 12:00:56,2025-09-29 16:34:32,Application Support,Low,48,0.83,52.56,True,Resolved,Systems Admin,J. Kim,Remote,Phone,4
INC101396,2025-09-27 12:33:26,2025-09-28 01:41:14,Access Management,Medium,24,5.61,13.13,False,Resolved,App Support,F. Torres,Branch - Singapore,Email,4
INC102513,2025-09-27 13:20:43,2025-09-28 01:56:43,Security Incident,Medium,24,5.14,12.6,False,Resolved,Security Team,I. Rossi,HQ - Dubai,Email,5
INC100636,2025-09-27 14:52:59,2025-09-29 05:51:11,Software,Low,48,17.65,38.97,False,Resolved,Systems Admin,K. Meyer,Remote,Phone,5
INC100507,2025-09-27 17:20:34,2025-10-01 11:42:10,Software,Medium,24,1.96,90.36,True,Closed,Network Ops,J. Kim,HQ - Dubai,Chat,3
INC102793,2025-09-27 18:11:01,2025-09-28 03:15:13,Software,Low,48,9.07,9.07,False,Closed,Systems Admin,H. Osei,Branch - Singapore,Walk-in,5
INC100475,2025-09-27 22:32:31,2025-09-28 11:16:55,Application Support,High,8,3.51,12.74,True,Reopened,Network Ops,L. Fernandes,Remote,Email,
INC100002,2025-09-27 23:57:30,2025-09-28 04:06:30,Software,Low,48,4.15,4.15,False,Resolved,Network Ops,L. Fernandes,HQ - Dubai,Chat,4
INC100909,2025-09-27 23:58:06,2025-09-28 11:31:42,Access Management,Low,48,3.54,11.56,False,Resolved,Service Desk L1,A. Khan,Remote,Email,5
INC101182,2025-09-28 02:03:57,2025-09-28 07:42:21,Software,Medium,24,5.18,5.64,False,Resolved,App Support,J. Kim,Branch - Singapore,Walk-in,4
INC100364,2025-09-28 02:50:16,2025-09-28 16:24:28,Software,Medium,24,8.29,13.57,False,Resolved,Desktop Support,C. Novak,HQ - Dubai,Self-Service Portal,5
INC101919,2025-09-28 16:24:52,2025-09-29 00:18:16,Network,High,8,1.92,7.89,False,Resolved,App Support,C. Novak,Branch - London,Walk-in,5
INC101886,2025-09-28 16:39:10,2025-09-28 19:43:58,Application Support,High,8,2.9,3.08,False,Resolved,Network Ops,J. Kim,Branch - Singapore,Self-Service Portal,4
INC101900,2025-09-28 16:54:29,2025-09-29 09:41:17,Software,Low,48,12.51,16.78,False,Resolved,Security Team,J. Kim,Branch - London,Walk-in,3
INC102249,2025-09-28 18:31:44,2025-09-29 05:08:20,Application Support,High,8,1.56,10.61,True,Resolved,App Support,B. Silva,Remote,Self-Service Portal,4
INC100055,2025-09-29 01:02:09,2025-09-29 04:42:57,Access Management,Medium,24,3.68,3.68,False,Resolved,Service Desk L1,G. Petrov,HQ - Dubai,Phone,5
INC100932,2025-09-29 05:07:19,2025-09-30 04:16:19,Software,Low,48,9.82,23.15,False,Closed,App Support,K. Meyer,Remote,Email,5
INC100608,2025-09-29 07:45:04,2025-09-29 10:33:04,Security Incident,Critical,4,0.86,2.8,False,Resolved,App Support,H. Osei,HQ - Dubai,Phone,5
INC102096,2025-09-29 08:07:51,2025-09-30 08:18:39,Software,Low,48,17.59,24.18,False,Closed,Service Desk L1,J. Kim,HQ - Dubai,Phone,5
INC100365,2025-09-29 09:31:14,2025-10-01 13:42:38,Email,Medium,24,2.72,52.19,True,Resolved,Desktop Support,I. Rossi,HQ - Dubai,Self-Service Portal,3
INC101305,2025-09-29 12:12:30,2025-09-29 19:20:54,Software,Medium,24,7.14,7.14,False,Resolved,Network Ops,J. Kim,Remote,Email,5
INC101934,2025-09-29 15:03:45,2025-09-29 21:04:21,Application Support,High,8,2.52,6.01,False,Resolved,Desktop Support,B. Silva,HQ - Dubai,Self-Service Portal,4
INC100225,2025-09-29 17:33:15,2025-09-29 21:48:15,Software,High,8,2.85,4.25,False,Resolved,Security Team,I. Rossi,Branch - New York,Email,3
INC102204,2025-09-29 18:24:35,2025-09-29 21:37:11,Software,Critical,4,0.11,3.21,False,Reopened,Desktop Support,B. Silva,Branch - Singapore,Email,
INC100207,2025-09-29 19:23:07,2025-10-01 04:35:07,Hardware,Low,48,9.27,33.2,False,Closed,Desktop Support,G. Petrov,Remote,Self-Service Portal,5
INC100115,2025-09-30 00:03:07,2025-09-30 03:52:19,Hardware,High,8,3.15,3.82,False,Resolved,Desktop Support,L. Fernandes,Remote,Phone,4
INC100412,2025-09-30 02:01:42,2025-09-30 06:07:06,Network,High,8,3.98,4.09,False,Resolved,Service Desk L1,H. Osei,Branch - London,Email,4
INC102072,2025-09-30 12:12:24,2025-10-03 02:47:12,Security Incident,Low,48,19.54,62.58,True,Closed,Service Desk L1,I. Rossi,Branch - Singapore,Email,4
INC101851,2025-09-30 18:36:49,2025-10-01 15:09:13,Network,Low,48,18.31,20.54,False,Resolved,App Support,H. Osei,HQ - Dubai,Chat,4
INC100800,2025-10-01 07:37:29,2025-10-02 05:01:29,Email,Medium,24,7.26,21.4,False,Closed,Network Ops,I. Rossi,Remote,Self-Service Portal,5
INC100476,2025-10-01 09:00:01,2025-10-05 03:55:13,Access Management,Low,48,18.12,90.92,True,Closed,Security Team,B. Silva,HQ - Dubai,Walk-in,5
INC101985,2025-10-01 09:19:08,2025-10-01 16:11:56,Network,Medium,24,6.88,6.88,False,Resolved,Security Team,D. Ahmed,Branch - Singapore,Chat,4
INC102133,2025-10-01 10:58:22,2025-10-02 11:24:46,Software,High,8,3.83,24.44,True,Resolved,Desktop Support,F. Torres,HQ - Dubai,Email,4
INC101809,2025-10-01 12:21:09,2025-10-01 17:49:21,Security Incident,High,8,2.73,5.47,False,Resolved,Desktop Support,J. Kim,Remote,Self-Service Portal,3
INC100227,2025-10-01 13:53:42,2025-10-02 12:58:30,Email,Medium,24,5.03,23.08,False,Resolved,Network Ops,I. Rossi,Remote,Self-Service Portal,5
INC102195,2025-10-01 14:49:58,2025-10-01 18:22:22,Network,High,8,2.64,3.54,False,Resolved,Security Team,A. Khan,Branch - Singapore,Phone,3
INC101429,2025-10-01 15:51:56,2025-10-02 06:54:20,Software,Low,48,6.16,15.04,False,Resolved,Security Team,D. Ahmed,HQ - Dubai,Email,5
INC101661,2025-10-01 19:09:50,2025-10-03 19:09:50,Application Support,Low,48,11.07,48.0,False,Resolved,Security Team,B. Silva,Branch - London,Chat,5
INC100828,2025-10-02 02:04:12,2025-10-04 14:53:24,Network,Low,48,17.12,60.82,True,Resolved,Security Team,A. Khan,Remote,Self-Service Portal,3
INC102464,2025-10-02 02:49:47,2025-10-02 07:50:59,Software,Medium,24,1.78,5.02,False,Closed,Security Team,C. Novak,HQ - Dubai,Chat,5
INC100235,2025-10-02 03:22:27,2025-10-04 09:43:27,Software,Low,48,4.02,54.35,True,Closed,App Support,K. Meyer,Remote,Email,3
INC100400,2025-10-02 08:47:36,2025-10-02 17:18:12,Hardware,Critical,4,1.97,8.51,True,Resolved,App Support,I. Rossi,Remote,Self-Service Portal,3
INC100130,2025-10-02 12:08:55,2025-10-05 01:25:07,Software,Medium,24,2.93,61.27,True,Resolved,Systems Admin,C. Novak,Branch - New York,Email,2
INC101523,2025-10-02 17:49:10,2025-10-03 19:43:46,Hardware,Medium,24,4.75,25.91,True,Resolved,Security Team,D. Ahmed,Remote,Email,2
INC100935,2025-10-02 22:52:33,2025-10-03 08:44:09,Printer,High,8,0.9,9.86,True,Resolved,Security Team,L. Fernandes,Branch - London,Email,4
INC100457,2025-10-02 23:04:27,2025-10-03 02:35:03,Software,High,8,3.17,3.51,False,Resolved,Systems Admin,C. Novak,Remote,Chat,4
INC102973,2025-10-02 23:23:07,2025-10-03 10:41:43,Hardware,Low,48,11.31,11.31,False,Resolved,Desktop Support,K. Meyer,Remote,Chat,5
INC100751,2025-10-03 02:01:58,2025-10-04 04:59:34,Printer,Medium,24,2.49,26.96,True,Resolved,Systems Admin,B. Silva,Branch - Singapore,Phone,4
INC102405,2025-10-03 03:52:42,2025-10-03 07:34:42,Email,High,8,2.16,3.7,False,Resolved,Service Desk L1,H. Osei,Remote,Self-Service Portal,5
INC100616,2025-10-03 06:34:30,2025-10-03 08:33:18,Application Support,High,8,1.98,1.98,False,Resolved,Service Desk L1,G. Petrov,Branch - New York,Phone,5
INC100569,2025-10-03 10:10:47,2025-10-03 13:37:47,Access Management,Critical,4,0.72,3.45,False,Resolved,Security Team,C. Novak,Branch - New York,Chat,5
INC102908,2025-10-03 10:36:44,2025-10-04 03:31:20,Email,Medium,24,8.42,16.91,False,Resolved,Desktop Support,H. Osei,Remote,Self-Service Portal,3
INC100618,2025-10-03 13:38:19,2025-10-03 19:58:07,Email,Medium,24,4.38,6.33,False,Resolved,App Support,L. Fernandes,Branch - London,Chat,3
INC102440,2025-10-03 17:20:25,2025-10-06 07:01:49,Hardware,Medium,24,0.79,61.69,True,Resolved,App Support,L. Fernandes,Branch - Singapore,Email,2
INC102801,2025-10-03 18:39:02,2025-10-05 03:37:50,Software,Medium,24,1.83,32.98,True,Closed,Network Ops,J. Kim,HQ - Dubai,Self-Service Portal,4
INC102110,2025-10-03 20:36:49,2025-10-08 11:14:01,Software,Low,48,13.47,110.62,True,Resolved,Desktop Support,B. Silva,HQ - Dubai,Email,3
INC101101,2025-10-03 22:23:46,2025-10-03 23:14:46,Application Support,High,8,0.85,0.85,False,Resolved,Desktop Support,I. Rossi,Branch - London,Email,4
INC102304,2025-10-03 22:40:16,2025-10-05 02:49:16,Email,Low,48,19.88,28.15,False,Resolved,Network Ops,G. Petrov,Branch - London,Email,5
INC100199,2025-10-03 22:46:02,2025-10-05 07:09:26,Application Support,Low,48,12.04,32.39,False,Resolved,Systems Admin,D. Ahmed,HQ - Dubai,Chat,5
INC100639,2025-10-03 23:42:17,2025-10-04 19:23:05,Hardware,Low,48,5.87,19.68,False,Resolved,Security Team,D. Ahmed,Branch - London,Chat,5
INC100270,2025-10-04 00:58:31,2025-10-04 19:20:43,Software,High,8,1.39,18.37,True,Resolved,Security Team,L. Fernandes,HQ - Dubai,Email,4
INC100729,2025-10-04 14:45:29,2025-10-04 20:59:17,Software,High,8,3.78,6.23,False,Resolved,Service Desk L1,B. Silva,Branch - New York,Self-Service Portal,5
INC100991,2025-10-04 23:29:44,2025-10-05 08:18:20,Network,Medium,24,6.08,8.81,False,Resolved,Network Ops,L. Fernandes,Remote,Self-Service Portal,3
INC101488,2025-10-05 03:32:58,2025-10-06 08:38:22,Application Support,Medium,24,0.38,29.09,True,Resolved,Security Team,F. Torres,HQ - Dubai,Self-Service Portal,3
INC100920,2025-10-05 06:06:01,2025-10-06 19:27:01,Hardware,Low,48,7.13,37.35,False,Resolved,Network Ops,I. Rossi,Remote,Phone,4
INC102866,2025-10-05 09:04:14,,Network,Low,48,3.01,71.74,True,Reopened,App Support,H. Osei,Remote,Email,
INC100011,2025-10-05 13:30:28,2025-10-06 06:12:28,Access Management,High,8,1.93,16.7,True,Resolved,Security Team,J. Kim,Branch - Singapore,Email,4
INC101326,2025-10-05 15:26:35,2025-10-06 04:22:23,Access Management,Medium,24,5.0,12.93,False,Closed,App Support,L. Fernandes,HQ - Dubai,Email,4
INC102356,2025-10-05 16:23:51,2025-10-05 17:56:15,Hardware,Critical,4,1.54,1.54,False,Closed,Service Desk L1,H. Osei,Remote,Email,4
INC101700,2025-10-05 20:24:15,2025-10-06 00:18:51,Software,High,8,3.34,3.91,False,Resolved,Systems Admin,C. Novak,HQ - Dubai,Phone,3
INC101342,2025-10-05 22:13:10,2025-10-06 20:44:22,Hardware,Medium,24,7.8,22.52,False,Reopened,Systems Admin,G. Petrov,Remote,Email,
INC101841,2025-10-05 23:42:43,,Email,Low,48,1.82,22.74,False,Reopened,Desktop Support,E. Zhou,HQ - Dubai,Chat,
INC102454,2025-10-06 04:39:22,2025-10-06 08:42:22,Email,High,8,2.8,4.05,False,Closed,Systems Admin,H. Osei,Remote,Phone,4
INC101072,2025-10-06 06:36:16,2025-10-06 14:07:28,Hardware,High,8,1.31,7.52,False,Resolved,Network Ops,E. Zhou,HQ - Dubai,Email,3
INC101490,2025-10-06 11:56:09,2025-10-08 12:53:09,Printer,Low,48,2.6,48.95,True,Closed,Service Desk L1,F. Torres,Branch - London,Phone,3
INC100350,2025-10-06 16:01:51,,Application Support,High,8,0.99,0.99,False,Reopened,Security Team,I. Rossi,Remote,Chat,
INC102292,2025-10-06 18:55:24,2025-10-08 01:24:48,Hardware,Low,48,15.26,30.49,False,Resolved,Network Ops,B. Silva,HQ - Dubai,Chat,4
INC102853,2025-10-06 19:57:30,2025-10-07 02:35:54,Access Management,High,8,3.64,6.64,False,Resolved,Service Desk L1,A. Khan,HQ - Dubai,Self-Service Portal,5
INC101192,2025-10-06 20:24:12,2025-10-07 06:27:48,Network,Medium,24,8.97,10.06,False,Resolved,Desktop Support,F. Torres,Branch - New York,Phone,5
INC102764,2025-10-06 22:50:38,2025-10-09 13:25:26,Hardware,Low,48,15.89,62.58,True,Resolved,Service Desk L1,I. Rossi,Branch - London,Self-Service Portal,2
INC100734,2025-10-06 23:27:30,2025-10-07 06:18:30,Printer,Medium,24,6.85,6.85,False,Resolved,Desktop Support,G. Petrov,Remote,Self-Service Portal,5
INC102379,2025-10-07 00:31:48,2025-10-07 20:59:24,Hardware,Medium,24,10.59,20.46,False,Resolved,Desktop Support,D. Ahmed,HQ - Dubai,Email,4
INC102091,2025-10-07 05:21:45,2025-10-07 08:43:21,Access Management,Medium,24,1.63,3.36,False,Resolved,Service Desk L1,K. Meyer,HQ - Dubai,Phone,5
INC100928,2025-10-07 05:49:45,2025-10-07 12:18:33,Access Management,Medium,24,5.24,6.48,False,Resolved,App Support,E. Zhou,HQ - Dubai,Chat,3
INC101864,2025-10-07 10:00:02,2025-10-07 16:12:02,Hardware,High,8,2.46,6.2,False,Resolved,Network Ops,B. Silva,Remote,Email,5
INC101510,2025-10-07 10:54:40,2025-10-08 02:31:52,Security Incident,Low,48,9.23,15.62,False,Closed,Security Team,E. Zhou,Branch - London,Email,5
INC101789,2025-10-07 11:24:10,2025-10-10 15:54:46,Software,Medium,24,5.25,76.51,True,Resolved,Desktop Support,E. Zhou,HQ - Dubai,Phone,4
INC101524,2025-10-07 12:50:08,,Application Support,Medium,24,10.99,16.62,False,Reopened,Security Team,G. Petrov,Branch - London,Self-Service Portal,
INC101100,2025-10-07 15:44:10,2025-10-08 20:38:46,Printer,Medium,24,0.58,28.91,True,Resolved,Desktop Support,I. Rossi,Remote,Chat,3
INC100486,2025-10-07 23:30:39,2025-10-09 14:11:27,Printer,Medium,24,3.66,38.68,True,Reopened,Service Desk L1,L. Fernandes,Branch - London,Email,
INC102210,2025-10-08 00:16:01,2025-10-08 15:54:25,Network,Medium,24,7.95,15.64,False,Closed,Security Team,L. Fernandes,Remote,Email,5
INC102166,2025-10-08 03:11:19,2025-10-08 15:48:31,Application Support,Medium,24,4.9,12.62,False,Resolved,App Support,B. Silva,Branch - Singapore,Self-Service Portal,4
INC100271,2025-10-08 05:08:32,2025-10-08 10:09:08,Printer,Medium,24,5.01,5.01,False,Resolved,Desktop Support,B. Silva,Remote,Phone,3
INC101609,2025-10-08 05:12:29,2025-10-08 06:46:05,Software,High,8,1.56,1.56,False,Resolved,Network Ops,C. Novak,HQ - Dubai,Chat,5
INC101982,2025-10-08 14:03:09,2025-10-08 21:27:09,Application Support,Critical,4,1.67,7.4,True,Resolved,App Support,C. Novak,Remote,Email,4
INC101876,2025-10-08 14:14:03,2025-10-08 20:32:03,Application Support,Critical,4,1.7,6.3,True,Closed,Desktop Support,D. Ahmed,HQ - Dubai,Phone,3
INC100938,2025-10-08 14:31:04,2025-10-08 21:38:52,Application Support,Low,48,5.2,7.13,False,Resolved,Desktop Support,B. Silva,Branch - London,Email,4
INC102943,2025-10-08 14:44:42,,Access Management,Low,48,2.86,34.87,False,Reopened,Desktop Support,G. Petrov,HQ - Dubai,Chat,
INC100138,2025-10-08 15:09:20,2025-10-08 19:56:08,Software,High,8,2.29,4.78,False,Resolved,Desktop Support,H. Osei,Branch - Singapore,Self-Service Portal,3
INC100317,2025-10-08 16:25:31,2025-10-08 18:31:31,Security Incident,Medium,24,2.1,2.1,False,Resolved,App Support,E. Zhou,HQ - Dubai,Walk-in,3
INC101400,2025-10-08 20:56:56,2025-10-08 23:13:08,Application Support,High,8,2.27,2.27,False,Resolved,Security Team,I. Rossi,HQ - Dubai,Self-Service Portal,5
INC100819,2025-10-09 04:37:32,2025-10-10 12:51:20,Application Support,Low,48,14.69,32.23,False,Resolved,Network Ops,C. Novak,Remote,Chat,5
INC102584,2025-10-09 09:59:41,2025-10-11 00:51:17,Network,Medium,24,8.02,38.86,True,Closed,Security Team,K. Meyer,Branch - London,Phone,4
INC101892,2025-10-09 11:29:11,2025-10-10 21:59:47,Printer,Low,48,11.3,34.51,False,Reopened,Desktop Support,H. Osei,Branch - New York,Self-Service Portal,
INC102492,2025-10-09 14:06:45,2025-10-10 09:45:45,Software,Low,48,2.13,19.65,False,Closed,Desktop Support,D. Ahmed,HQ - Dubai,Email,4
INC102312,2025-10-09 14:23:11,2025-10-10 09:56:11,Software,High,8,3.25,19.55,True,Resolved,App Support,I. Rossi,Remote,Email,3
INC100179,2025-10-09 15:49:34,2025-10-09 17:27:22,Application Support,Critical,4,0.91,1.63,False,Reopened,Security Team,I. Rossi,Branch - Singapore,Self-Service Portal,
INC102324,2025-10-09 23:45:41,2025-10-10 13:03:41,Software,Medium,24,9.63,13.3,False,Resolved,Service Desk L1,D. Ahmed,HQ - Dubai,Walk-in,3
INC102384,2025-10-10 01:53:14,2025-10-10 08:01:02,Access Management,Medium,24,6.13,6.13,False,Reopened,Systems Admin,B. Silva,Branch - London,Phone,
INC101906,2025-10-10 02:47:22,2025-10-12 19:42:34,Network,Medium,24,11.37,64.92,True,Closed,Systems Admin,C. Novak,Remote,Email,3
INC101885,2025-10-10 03:20:16,2025-10-10 11:53:16,Email,Medium,24,1.46,8.55,False,Resolved,Network Ops,A. Khan,HQ - Dubai,Self-Service Portal,2
INC100488,2025-10-10 07:08:05,2025-10-10 13:45:17,Access Management,High,8,0.89,6.62,False,Resolved,Systems Admin,J. Kim,Branch - London,Phone,4
INC102103,2025-10-10 13:24:12,2025-10-10 22:55:24,Software,High,8,3.03,9.52,True,Resolved,Desktop Support,C. Novak,Branch - London,Self-Service Portal,3
INC101276,2025-10-10 15:33:39,2025-10-11 18:22:51,Hardware,Medium,24,5.6,26.82,True,Resolved,Service Desk L1,J. Kim,HQ - Dubai,Walk-in,3
INC100318,2025-10-10 19:40:42,2025-10-11 00:28:06,Network,Low,48,0.93,4.79,False,Resolved,Desktop Support,G. Petrov,HQ - Dubai,Walk-in,5
INC102100,2025-10-10 21:06:45,2025-10-11 10:57:09,Software,Low,48,10.65,13.84,False,Resolved,Security Team,K. Meyer,Remote,Email,4
INC101674,2025-10-10 22:05:21,2025-10-10 23:32:21,Network,High,8,0.45,1.45,False,Reopened,Network Ops,B. Silva,HQ - Dubai,Self-Service Portal,
INC102442,2025-10-11 01:08:09,2025-10-11 03:43:33,Access Management,High,8,2.37,2.59,False,Resolved,Network Ops,F. Torres,HQ - Dubai,Walk-in,3
INC102625,2025-10-11 02:53:01,2025-10-11 13:50:37,Software,Low,48,9.59,10.96,False,Resolved,Systems Admin,F. Torres,Remote,Email,5
INC102777,2025-10-11 11:43:56,2025-10-11 19:56:32,Printer,Medium,24,7.75,8.21,False,Resolved,Service Desk L1,L. Fernandes,Branch - Singapore,Phone,5
INC100558,2025-10-11 11:54:44,2025-10-11 22:16:20,Access Management,High,8,1.45,10.36,True,Resolved,Systems Admin,D. Ahmed,Remote,Self-Service Portal,2
INC102011,2025-10-11 19:28:00,2025-10-12 04:39:24,Security Incident,Medium,24,6.24,9.19,False,Resolved,Service Desk L1,C. Novak,Remote,Self-Service Portal,5
INC101692,2025-10-11 21:16:31,2025-10-12 12:37:31,Hardware,Medium,24,8.69,15.35,False,Resolved,Systems Admin,E. Zhou,HQ - Dubai,Email,5
INC102314,2025-10-12 00:24:26,2025-10-12 17:57:26,Software,Low,48,17.55,17.55,False,Closed,App Support,D. Ahmed,Branch - New York,Self-Service Portal,5
INC100462,2025-10-12 05:01:40,2025-10-12 18:05:52,Software,Medium,24,2.29,13.07,False,Closed,Systems Admin,L. Fernandes,HQ - Dubai,Email,5
INC100506,2025-10-12 06:15:53,2025-10-14 00:46:29,Email,Medium,24,2.46,42.51,True,Resolved,Desktop Support,I. Rossi,Remote,Phone,3
INC101068,2025-10-12 09:39:10,2025-10-14 17:36:10,Printer,Low,48,9.67,55.95,True,Resolved,Systems Admin,E. Zhou,Remote,Self-Service Portal,3
INC100109,2025-10-12 13:02:09,,Access Management,Medium,24,5.0,6.93,False,Reopened,Network Ops,B. Silva,Branch - New York,Email,
INC102104,2025-10-12 13:30:22,2025-10-12 23:51:22,Software,Medium,24,9.3,10.35,False,Resolved,Service Desk L1,B. Silva,Remote,Self-Service Portal,4
INC102367,2025-10-13 12:47:57,2025-10-14 11:48:33,Network,Medium,24,9.46,23.01,False,Reopened,Security Team,E. Zhou,HQ - Dubai,Email,
INC102805,2025-10-13 14:46:19,2025-10-14 22:52:19,Application Support,Low,48,1.49,32.1,False,Resolved,Desktop Support,B. Silva,Remote,Self-Service Portal,5
INC101990,2025-10-13 15:58:30,2025-10-13 20:11:42,Hardware,High,8,2.73,4.22,False,Resolved,Network Ops,K. Meyer,Remote,Phone,5
INC102291,2025-10-13 16:29:42,2025-10-13 23:56:42,Security Incident,High,8,2.21,7.45,False,Resolved,Network Ops,E. Zhou,Branch - London,Email,3
INC100431,2025-10-13 18:35:13,2025-10-14 11:13:37,Security Incident,Medium,24,6.77,16.64,False,Resolved,Systems Admin,B. Silva,Remote,Email,3
INC101817,2025-10-13 19:40:12,2025-10-13 21:52:48,Software,High,8,1.26,2.21,False,Resolved,Desktop Support,K. Meyer,HQ - Dubai,Phone,3
INC102101,2025-10-13 19:52:44,2025-10-14 09:36:32,Network,Low,48,13.73,13.73,False,Closed,Service Desk L1,G. Petrov,Remote,Chat,3
INC101944,2025-10-14 05:07:28,2025-10-14 11:45:52,Network,Medium,24,6.64,6.64,False,Resolved,App Support,D. Ahmed,Branch - New York,Phone,2
INC101890,2025-10-14 05:57:43,2025-10-15 13:16:19,Email,Medium,24,8.46,31.31,True,Resolved,Desktop Support,C. Novak,Remote,Self-Service Portal,2
INC102795,2025-10-14 06:21:12,2025-10-15 06:43:24,Application Support,Low,48,22.53,24.37,False,Resolved,Service Desk L1,C. Novak,Remote,Self-Service Portal,5
INC102005,2025-10-14 10:08:29,2025-10-14 12:53:29,Application Support,High,8,1.31,2.75,False,Resolved,Desktop Support,A. Khan,Remote,Phone,5
INC101839,2025-10-14 12:34:26,2025-10-15 12:20:38,Email,Low,48,6.92,23.77,False,Closed,App Support,E. Zhou,HQ - Dubai,Phone,3
INC100784,2025-10-14 15:52:36,2025-10-14 23:20:12,Application Support,High,8,0.64,7.46,False,Resolved,Service Desk L1,H. Osei,HQ - Dubai,Self-Service Portal,4
INC102994,2025-10-14 16:07:04,2025-10-15 12:11:52,Hardware,Low,48,7.95,20.08,False,Reopened,Systems Admin,A. Khan,Branch - Singapore,Self-Service Portal,
INC102044,2025-10-14 17:30:14,2025-10-15 17:40:26,Application Support,Medium,24,11.05,24.17,True,Resolved,Service Desk L1,F. Torres,Branch - London,Phone,3
INC101099,2025-10-14 20:37:03,2025-10-15 14:10:03,Software,Medium,24,9.32,17.55,False,Resolved,Desktop Support,J. Kim,HQ - Dubai,Self-Service Portal,2
INC102360,2025-10-14 21:30:59,2025-10-16 01:38:47,Software,Low,48,12.56,28.13,False,Closed,Network Ops,F. Torres,Branch - London,Chat,4
INC102259,2025-10-14 23:53:49,2025-10-15 13:16:01,Access Management,Medium,24,2.74,13.37,False,Resolved,Security Team,L. Fernandes,Branch - London,Self-Service Portal,5
INC102571,2025-10-15 06:42:52,2025-10-17 00:59:04,Email,Medium,24,3.74,42.27,True,Resolved,Systems Admin,J. Kim,Remote,Phone,4
INC102665,2025-10-15 11:45:12,2025-10-15 14:03:12,Hardware,Critical,4,0.51,2.3,False,Resolved,Service Desk L1,G. Petrov,Branch - Singapore,Email,5
INC101984,2025-10-15 14:15:40,2025-10-16 11:22:52,Access Management,Low,48,21.03,21.12,False,Resolved,App Support,D. Ahmed,HQ - Dubai,Phone,5
INC100501,2025-10-15 14:57:57,2025-10-15 21:47:45,Hardware,High,8,2.15,6.83,False,Resolved,Service Desk L1,F. Torres,HQ - Dubai,Self-Service Portal,5
INC102211,2025-10-15 17:31:11,2025-10-16 16:43:11,Printer,Medium,24,1.13,23.2,False,Resolved,Security Team,C. Novak,HQ - Dubai,Self-Service Portal,5
INC101555,2025-10-15 23:27:06,2025-10-16 15:40:18,Hardware,Medium,24,0.17,16.22,False,Resolved,Systems Admin,J. Kim,HQ - Dubai,Email,4
INC101730,2025-10-15 23:40:05,2025-10-17 09:27:29,Network,Low,48,6.57,33.79,False,Resolved,Desktop Support,E. Zhou,HQ - Dubai,Phone,4
INC100485,2025-10-16 00:10:25,2025-10-16 16:14:01,Access Management,Medium,24,7.61,16.06,False,Resolved,Systems Admin,G. Petrov,Branch - New York,Phone,5
INC102416,2025-10-16 00:22:13,2025-10-16 11:11:25,Software,Medium,24,0.65,10.82,False,Closed,Security Team,J. Kim,Remote,Phone,4
INC101729,2025-10-16 04:24:25,2025-10-16 21:11:13,Access Management,Medium,24,9.46,16.78,False,Resolved,Security Team,J. Kim,HQ - Dubai,Phone,3
INC102313,2025-10-16 04:47:32,2025-10-17 06:04:56,Access Management,Medium,24,8.79,25.29,True,Resolved,Security Team,E. Zhou,HQ - Dubai,Phone,3
INC102966,2025-10-16 10:24:54,2025-10-17 09:01:30,Hardware,Medium,24,5.18,22.61,False,Closed,Desktop Support,H. Osei,Remote,Email,5
INC100416,2025-10-16 17:55:44,2025-10-17 16:02:20,Hardware,Low,48,16.5,22.11,False,Resolved,Desktop Support,B. Silva,Remote,Phone,4
INC101993,2025-10-16 18:12:44,2025-10-17 06:51:44,Email,Low,48,12.65,12.65,False,Resolved,Security Team,E. Zhou,Remote,Self-Service Portal,4
INC102193,2025-10-16 19:20:18,2025-10-17 01:12:30,Hardware,High,8,0.91,5.87,False,Resolved,Systems Admin,B. Silva,HQ - Dubai,Self-Service Portal,4
INC101271,2025-10-17 02:53:23,2025-10-17 06:47:23,Email,High,8,3.06,3.9,False,Resolved,Desktop Support,L. Fernandes,Remote,Phone,5
INC102147,2025-10-17 05:33:56,2025-10-19 02:48:20,Software,Low,48,9.33,45.24,False,Closed,Desktop Support,D. Ahmed,Branch - Singapore,Self-Service Portal,3
INC100048,2025-10-17 13:58:16,2025-10-18 18:40:16,Software,Low,48,14.58,28.7,False,Reopened,Service Desk L1,J. Kim,Branch - New York,Self-Service Portal,
INC100550,2025-10-17 22:21:30,2025-10-18 03:44:18,Printer,High,8,3.72,5.38,False,Resolved,Systems Admin,C. Novak,HQ - Dubai,Chat,3
INC102340,2025-10-18 05:01:33,2025-10-20 00:59:45,Application Support,Low,48,18.88,43.97,False,Closed,Security Team,L. Fernandes,Remote,Phone,4
INC101565,2025-10-19 01:04:42,2025-10-19 11:41:54,Network,Critical,4,1.7,10.62,True,Resolved,Network Ops,K. Meyer,Remote,Phone,5
INC101910,2025-10-19 01:15:05,2025-10-19 03:59:29,Software,High,8,2.74,2.74,False,Resolved,Security Team,B. Silva,HQ - Dubai,Self-Service Portal,3
INC101224,2025-10-19 03:07:26,2025-10-19 07:08:02,Access Management,High,8,2.11,4.01,False,Resolved,Systems Admin,C. Novak,Remote,Self-Service Portal,3
INC100994,2025-10-19 06:37:08,2025-10-21 02:06:32,Email,Medium,24,6.41,43.49,True,Reopened,Security Team,C. Novak,Branch - Singapore,Phone,
INC100627,2025-10-19 09:07:39,2025-10-26 19:35:51,Software,Low,48,22.24,178.47,True,Reopened,Security Team,F. Torres,HQ - Dubai,Self-Service Portal,
INC102159,2025-10-19 09:38:47,2025-10-19 13:50:47,Software,Medium,24,0.05,4.2,False,Closed,App Support,I. Rossi,Branch - London,Phone,4
INC101591,2025-10-19 12:00:40,,Network,Medium,24,1.19,11.34,False,Reopened,Desktop Support,G. Petrov,HQ - Dubai,Self-Service Portal,
INC100107,2025-10-19 12:57:51,2025-10-19 16:38:39,Printer,Medium,24,2.25,3.68,False,Reopened,Systems Admin,G. Petrov,Remote,Walk-in,
INC100976,2025-10-19 14:12:16,,Software,Medium,24,8.79,37.11,True,Reopened,Security Team,A. Khan,Remote,Chat,
INC102189,2025-10-19 20:04:58,2025-10-20 12:26:34,Application Support,Medium,24,4.64,16.36,False,Resolved,Systems Admin,E. Zhou,Branch - Singapore,Self-Service Portal,4
INC101785,2025-10-19 20:44:10,2025-10-19 23:33:58,Printer,Critical,4,0.48,2.83,False,Resolved,Systems Admin,J. Kim,Branch - New York,Email,4
INC100907,2025-10-19 21:05:52,2025-10-20 10:46:40,Network,High,8,2.87,13.68,True,Resolved,Systems Admin,E. Zhou,HQ - Dubai,Self-Service Portal,1
INC102615,2025-10-19 23:33:11,2025-10-20 06:10:59,Printer,High,8,1.48,6.63,False,Resolved,Network Ops,C. Novak,Remote,Self-Service Portal,3
INC102085,2025-10-20 03:52:02,2025-10-20 09:46:38,Access Management,High,8,3.52,5.91,False,Resolved,Network Ops,H. Osei,Branch - New York,Email,4
INC102368,2025-10-20 04:28:27,2025-10-20 13:11:39,Hardware,Low,48,8.72,8.72,False,Resolved,Service Desk L1,H. Osei,HQ - Dubai,Email,3
INC101709,2025-10-20 06:56:19,2025-10-21 07:23:19,Application Support,Low,48,11.59,24.45,False,Resolved,Security Team,A. Khan,HQ - Dubai,Email,5
INC102648,2025-10-20 08:09:08,2025-10-20 12:55:56,Email,High,8,1.45,4.78,False,Resolved,Security Team,E. Zhou,Branch - Singapore,Self-Service Portal,5
INC102989,2025-10-20 08:37:22,2025-10-20 12:59:34,Network,High,8,0.25,4.37,False,Resolved,Security Team,G. Petrov,HQ - Dubai,Email,4
INC102176,2025-10-20 11:44:12,2025-10-22 08:56:12,Access Management,Low,48,7.52,45.2,False,Resolved,Security Team,E. Zhou,Branch - Singapore,Self-Service Portal,4
INC100955,2025-10-20 16:30:26,2025-10-21 09:35:50,Email,Low,48,10.44,17.09,False,Resolved,Security Team,E. Zhou,HQ - Dubai,Email,5
INC101493,2025-10-20 17:28:29,2025-10-21 09:35:05,Hardware,Low,48,13.69,16.11,False,Resolved,Service Desk L1,D. Ahmed,Branch - London,Email,3
INC100461,2025-10-20 18:59:57,2025-10-22 17:59:21,Email,Medium,24,1.1,46.99,True,Resolved,Service Desk L1,F. Torres,HQ - Dubai,Self-Service Portal,2
INC100983,2025-10-20 20:04:14,2025-10-21 07:21:38,Software,Medium,24,2.64,11.29,False,Resolved,App Support,D. Ahmed,Branch - New York,Self-Service Portal,5
INC101365,2025-10-20 20:34:07,2025-10-21 05:40:07,Software,Medium,24,3.35,9.1,False,Resolved,App Support,A. Khan,Branch - London,Self-Service Portal,5
INC102076,2025-10-20 22:51:35,2025-10-21 02:17:23,Printer,High,8,0.23,3.43,False,Resolved,App Support,E. Zhou,HQ - Dubai,Email,5
INC102788,2025-10-21 01:58:42,2025-10-23 04:14:18,Hardware,Medium,24,3.47,50.26,True,Resolved,Service Desk L1,A. Khan,Remote,Phone,4
INC101008,2025-10-21 03:51:37,2025-10-21 20:03:01,Printer,Low,48,8.49,16.19,False,Resolved,Network Ops,F. Torres,HQ - Dubai,Phone,5
INC102030,2025-10-21 04:44:56,2025-10-21 10:11:56,Access Management,High,8,1.3,5.45,False,Closed,Network Ops,D. Ahmed,Remote,Self-Service Portal,3
INC101771,2025-10-21 10:51:20,2025-10-23 08:15:20,Email,Medium,24,8.73,45.4,True,Resolved,App Support,I. Rossi,Remote,Walk-in,3
INC101930,2025-10-21 15:20:39,2025-10-22 06:35:39,Application Support,Critical,4,1.42,15.25,True,Resolved,App Support,A. Khan,HQ - Dubai,Self-Service Portal,4
INC101075,2025-10-22 04:11:39,2025-10-22 11:39:15,Hardware,High,8,2.27,7.46,False,Reopened,Network Ops,F. Torres,Branch - London,Self-Service Portal,
INC100555,2025-10-22 04:21:15,2025-10-22 12:09:51,Software,High,8,0.35,7.81,False,Resolved,Systems Admin,C. Novak,Remote,Self-Service Portal,5
INC102903,2025-10-22 08:20:22,2025-10-22 13:58:46,Hardware,Medium,24,2.62,5.64,False,Reopened,Systems Admin,I. Rossi,Remote,Walk-in,
INC101312,2025-10-22 13:03:06,2025-10-22 13:26:30,Network,Critical,4,0.39,0.39,False,Resolved,Security Team,I. Rossi,Remote,Phone,4
INC102234,2025-10-23 00:20:14,,Software,Medium,24,5.26,5.26,False,Reopened,App Support,E. Zhou,Remote,Phone,
INC102463,2025-10-23 01:20:49,2025-10-23 18:47:49,Access Management,High,8,1.0,17.45,True,Resolved,Security Team,E. Zhou,HQ - Dubai,Self-Service Portal,3
INC102117,2025-10-23 01:25:28,2025-10-24 19:43:28,Network,Low,48,20.76,42.3,False,Resolved,Desktop Support,J. Kim,Remote,Email,5
INC100625,2025-10-23 09:17:16,2025-10-24 00:20:52,Email,Low,48,15.06,15.06,False,Resolved,Network Ops,L. Fernandes,Branch - London,Email,3
INC101801,2025-10-23 11:28:20,2025-10-25 09:47:32,Printer,Low,48,10.49,46.32,False,Closed,App Support,C. Novak,Branch - London,Email,5
INC100503,2025-10-23 12:37:58,2025-10-23 15:57:46,Printer,Critical,4,1.87,3.33,False,Resolved,Security Team,L. Fernandes,Remote,Email,5
INC100340,2025-10-23 14:35:29,2025-10-24 02:58:17,Hardware,Medium,24,5.64,12.38,False,Resolved,Service Desk L1,G. Petrov,Branch - London,Email,5
INC100378,2025-10-23 15:38:24,2025-10-24 22:13:12,Access Management,Low,48,22.7,30.58,False,Resolved,Systems Admin,H. Osei,Branch - London,Chat,5
INC101478,2025-10-23 18:22:53,2025-10-24 02:08:29,Email,Low,48,7.76,7.76,False,Resolved,Systems Admin,L. Fernandes,Branch - London,Self-Service Portal,5
INC102394,2025-10-23 18:26:54,,Software,Low,48,1.08,46.07,False,Reopened,Desktop Support,D. Ahmed,Remote,Chat,
INC102672,2025-10-23 20:01:38,2025-10-24 18:59:14,Access Management,High,8,0.8,22.96,True,Closed,Service Desk L1,B. Silva,Remote,Email,2
INC100842,2025-10-23 20:06:04,2025-10-23 22:33:40,Hardware,Critical,4,1.76,2.46,False,Resolved,Systems Admin,B. Silva,HQ - Dubai,Phone,5
INC102556,2025-10-24 02:54:49,2025-10-25 02:57:49,Software,Low,48,1.88,24.05,False,Resolved,App Support,B. Silva,Remote,Email,5
INC100778,2025-10-24 04:42:27,2025-10-24 05:02:51,Hardware,High,8,0.34,0.34,False,Closed,Systems Admin,D. Ahmed,HQ - Dubai,Self-Service Portal,5
INC101981,2025-10-24 14:05:21,2025-10-25 04:32:57,Printer,Medium,24,0.69,14.46,False,Closed,Desktop Support,F. Torres,Branch - Singapore,Self-Service Portal,5
INC102212,2025-10-24 22:19:56,2025-10-25 00:06:08,Hardware,High,8,0.59,1.77,False,Resolved,Service Desk L1,H. Osei,HQ - Dubai,Email,4
INC101511,2025-10-25 01:28:59,2025-10-27 05:21:11,Application Support,Low,48,17.41,51.87,True,Reopened,Service Desk L1,E. Zhou,Branch - London,Self-Service Portal,
INC101029,2025-10-25 03:39:37,2025-10-25 13:22:49,Application Support,Medium,24,2.92,9.72,False,Resolved,Systems Admin,L. Fernandes,Branch - New York,Email,5
INC101546,2025-10-25 04:33:55,2025-10-25 06:11:43,Software,High,8,1.63,1.63,False,Resolved,Desktop Support,K. Meyer,Branch - London,Phone,3
INC100826,2025-10-25 06:12:17,2025-10-25 14:47:05,Application Support,Critical,4,0.09,8.58,True,Resolved,Desktop Support,K. Meyer,Branch - London,Walk-in,2
INC102932,2025-10-25 07:30:22,,Security Incident,High,8,1.17,2.75,False,Reopened,Network Ops,C. Novak,Remote,Email,
INC100817,2025-10-25 08:34:14,2025-10-28 11:07:50,Hardware,Low,48,15.71,74.56,True,Resolved,Systems Admin,I. Rossi,Remote,Self-Service Portal,4
INC101252,2025-10-25 08:35:17,2025-10-27 18:49:05,Software,Low,48,9.77,58.23,True,Reopened,App Support,K. Meyer,Branch - New York,Self-Service Portal,
INC100050,2025-10-25 09:13:22,,Hardware,High,8,3.79,7.81,False,Reopened,Network Ops,L. Fernandes,Remote,Chat,
INC101274,2025-10-25 12:41:41,2025-10-26 08:15:17,Software,Low,48,9.02,19.56,False,Resolved,Service Desk L1,G. Petrov,HQ - Dubai,Phone,5
INC100613,2025-10-25 12:51:16,2025-10-28 14:41:04,Application Support,Low,48,2.37,73.83,True,Reopened,Service Desk L1,J. Kim,Remote,Self-Service Portal,
INC102018,2025-10-25 17:08:45,2025-10-26 21:50:09,Network,Low,48,10.85,28.69,False,Resolved,App Support,D. Ahmed,Remote,Phone,4
INC101949,2025-10-25 17:59:07,2025-10-26 08:28:31,Application Support,Medium,24,1.05,14.49,False,Reopened,Desktop Support,I. Rossi,Branch - London,Email,
INC101239,2025-10-25 21:35:59,2025-10-27 06:21:35,Hardware,Medium,24,0.92,32.76,True,Reopened,Systems Admin,E. Zhou,HQ - Dubai,Email,
INC101096,2025-10-26 13:11:25,2025-10-26 19:08:25,Printer,High,8,0.9,5.95,False,Resolved,App Support,D. Ahmed,Remote,Self-Service Portal,4
INC102512,2025-10-26 16:05:06,2025-10-29 06:03:18,Email,Low,48,10.06,61.97,True,Reopened,App Support,G. Petrov,HQ - Dubai,Email,
INC101833,2025-10-26 17:43:32,2025-10-27 15:35:08,Hardware,High,8,2.06,21.86,True,Resolved,Security Team,I. Rossi,Remote,Email,3
INC101089,2025-10-26 19:07:03,2025-10-27 03:37:39,Email,Low,48,8.51,8.51,False,Resolved,Service Desk L1,B. Silva,HQ - Dubai,Self-Service Portal,4
INC101333,2025-10-26 20:55:26,2025-10-27 10:55:26,Application Support,Medium,24,2.62,14.0,False,Closed,Systems Admin,A. Khan,Remote,Email,4
INC101102,2025-10-26 22:17:18,2025-10-27 03:42:30,Hardware,Medium,24,5.42,5.42,False,Resolved,Security Team,J. Kim,HQ - Dubai,Self-Service Portal,5
INC101109,2025-10-26 23:47:01,2025-10-27 16:02:37,Security Incident,Low,48,15.37,16.26,False,Resolved,App Support,B. Silva,Branch - New York,Phone,5
INC100377,2025-10-27 00:07:38,2025-10-27 06:25:38,Email,High,8,1.37,6.3,False,Resolved,Security Team,B. Silva,Branch - London,Email,4
INC101496,2025-10-27 00:48:32,2025-10-27 12:05:20,Application Support,Medium,24,4.08,11.28,False,Resolved,Security Team,D. Ahmed,HQ - Dubai,Chat,4
INC101958,2025-10-27 02:17:26,2025-10-28 02:28:14,Hardware,Low,48,22.37,24.18,False,Resolved,Desktop Support,L. Fernandes,Branch - London,Email,4
INC100289,2025-10-27 03:51:33,2025-10-28 00:19:45,Access Management,Medium,24,4.73,20.47,False,Closed,Service Desk L1,L. Fernandes,Remote,Phone,4
INC100732,2025-10-27 06:28:39,2025-10-27 16:14:15,Email,High,8,2.13,9.76,True,Closed,App Support,B. Silva,Remote,Email,3
INC101829,2025-10-27 11:21:26,2025-10-29 02:17:50,Email,Low,48,9.22,38.94,False,Resolved,Desktop Support,J. Kim,Remote,Self-Service Portal,4
INC100822,2025-10-27 14:00:40,2025-10-27 19:57:04,Access Management,High,8,3.57,5.94,False,Resolved,Security Team,B. Silva,Branch - Singapore,Walk-in,5
INC102877,2025-10-27 22:17:17,2025-10-29 11:00:29,Network,Low,48,22.52,36.72,False,Resolved,Security Team,H. Osei,HQ - Dubai,Chat,5
INC102616,2025-10-27 23:45:39,2025-10-29 01:06:03,Email,Medium,24,11.09,25.34,True,Resolved,Service Desk L1,C. Novak,HQ - Dubai,Email,5
INC102896,2025-10-28 00:12:54,2025-10-28 07:09:54,Hardware,High,8,1.88,6.95,False,Closed,Security Team,G. Petrov,Branch - London,Self-Service Portal,5
INC102029,2025-10-28 03:49:34,2025-10-29 07:37:34,Software,Medium,24,6.32,27.8,True,Closed,Systems Admin,B. Silva,Remote,Self-Service Portal,2
INC101570,2025-10-28 04:44:37,2025-10-28 12:01:25,Access Management,High,8,2.93,7.28,False,Resolved,App Support,K. Meyer,HQ - Dubai,Chat,5
INC101904,2025-10-28 05:54:19,2025-10-28 14:36:19,Application Support,Medium,24,2.21,8.7,False,Resolved,Systems Admin,C. Novak,HQ - Dubai,Chat,4
INC102522,2025-10-28 09:46:16,2025-10-28 12:19:16,Hardware,High,8,2.38,2.55,False,Resolved,Desktop Support,D. Ahmed,HQ - Dubai,Phone,5
INC101959,2025-10-28 15:29:26,2025-10-28 23:49:50,Network,Medium,24,8.34,8.34,False,Resolved,Network Ops,H. Osei,Branch - New York,Self-Service Portal,3
INC101243,2025-10-29 06:05:46,2025-10-29 09:02:10,Application Support,High,8,1.67,2.94,False,Resolved,Systems Admin,I. Rossi,Remote,Email,3
INC102003,2025-10-29 08:12:27,2025-10-29 11:50:15,Network,High,8,0.55,3.63,False,Resolved,Security Team,B. Silva,HQ - Dubai,Chat,3
INC102811,2025-10-29 10:58:56,2025-10-29 16:58:20,Hardware,Medium,24,5.99,5.99,False,Closed,App Support,C. Novak,HQ - Dubai,Chat,2
INC100175,2025-10-29 15:47:25,2025-10-30 11:28:13,Security Incident,Low,48,6.88,19.68,False,Resolved,App Support,J. Kim,Branch - London,Email,5
INC100372,2025-10-29 18:32:21,2025-10-30 03:29:57,Application Support,Medium,24,8.96,8.96,False,Closed,Network Ops,E. Zhou,Branch - New York,Email,5
INC101165,2025-10-29 20:24:16,2025-10-30 14:18:16,Hardware,Low,48,9.82,17.9,False,Resolved,Network Ops,C. Novak,Remote,Chat,4
INC102301,2025-10-29 22:13:41,2025-10-30 03:43:41,Network,High,8,3.3,5.5,False,Resolved,Security Team,L. Fernandes,Branch - New York,Self-Service Portal,5
INC101223,2025-10-29 23:08:19,2025-10-31 03:44:55,Security Incident,Medium,24,0.3,28.61,True,Resolved,App Support,F. Torres,Remote,Email,4
INC102288,2025-10-29 23:11:08,2025-10-31 19:54:20,Application Support,Low,48,0.7,44.72,False,Resolved,Network Ops,F. Torres,HQ - Dubai,Email,4
INC102491,2025-10-30 01:37:21,2025-10-30 14:09:09,Email,Low,48,0.16,12.53,False,Reopened,Network Ops,C. Novak,Branch - London,Email,
INC100561,2025-10-30 12:22:29,2025-10-30 22:48:17,Hardware,Medium,24,10.42,10.43,False,Resolved,Service Desk L1,F. Torres,Branch - New York,Email,5
INC102858,2025-10-30 16:48:15,2025-10-30 21:37:27,Printer,High,8,3.54,4.82,False,Closed,Security Team,H. Osei,HQ - Dubai,Self-Service Portal,4
INC102923,2025-10-30 18:39:54,2025-11-01 18:12:54,Hardware,Low,48,8.57,47.55,False,Resolved,App Support,E. Zhou,Branch - London,Email,5
INC100546,2025-10-31 03:25:39,2025-11-01 00:14:51,Software,Medium,24,5.72,20.82,False,Resolved,Network Ops,E. Zhou,HQ - Dubai,Walk-in,4
INC101311,2025-10-31 10:18:37,2025-11-01 12:33:37,Hardware,Low,48,15.51,26.25,False,Closed,Desktop Support,D. Ahmed,Remote,Walk-in,3
INC102698,2025-10-31 11:36:10,2025-10-31 13:33:46,Access Management,Critical,4,0.41,1.96,False,Closed,Network Ops,C. Novak,Remote,Email,5
INC100148,2025-10-31 18:15:35,2025-11-04 23:08:23,Software,Low,48,22.2,100.88,True,Resolved,Service Desk L1,L. Fernandes,HQ - Dubai,Phone,3
INC102569,2025-10-31 21:30:29,2025-11-01 05:27:29,Security Incident,High,8,3.31,7.95,False,Resolved,Network Ops,L. Fernandes,Branch - London,Email,5
INC102310,2025-11-01 00:34:28,2025-11-01 15:53:04,Access Management,Medium,24,1.98,15.31,False,Resolved,App Support,F. Torres,Branch - Singapore,Phone,5
INC101848,2025-11-01 04:06:57,,Access Management,High,8,1.05,3.91,False,Reopened,Security Team,F. Torres,Remote,Self-Service Portal,
INC102213,2025-11-01 06:43:38,2025-11-01 12:10:02,Printer,High,8,1.37,5.44,False,Resolved,Security Team,I. Rossi,Branch - London,Email,5
INC101640,2025-11-01 07:37:03,2025-11-01 18:48:27,Software,Medium,24,8.5,11.19,False,Reopened,App Support,H. Osei,HQ - Dubai,Phone,
INC100453,2025-11-01 08:49:49,2025-11-03 13:22:13,Access Management,Low,48,17.42,52.54,True,Resolved,App Support,G. Petrov,Remote,Chat,4
INC100577,2025-11-01 09:51:12,2025-11-01 10:44:36,Software,Critical,4,0.89,0.89,False,Resolved,Systems Admin,I. Rossi,HQ - Dubai,Email,5
INC100009,2025-11-01 10:04:58,2025-11-01 11:31:22,Network,High,8,1.44,1.44,False,Reopened,Service Desk L1,E. Zhou,Branch - London,Phone,
INC102478,2025-11-01 13:08:31,2025-11-02 12:49:55,Hardware,Low,48,15.42,23.69,False,Resolved,Systems Admin,J. Kim,HQ - Dubai,Email,3
INC100735,2025-11-01 17:32:32,2025-11-01 20:58:20,Application Support,High,8,1.14,3.43,False,Resolved,Security Team,I. Rossi,Branch - London,Self-Service Portal,4
INC102713,2025-11-01 19:37:43,2025-11-02 19:47:55,Software,Low,48,10.08,24.17,False,Resolved,Service Desk L1,D. Ahmed,HQ - Dubai,Email,5
INC101279,2025-11-01 19:54:43,2025-11-03 15:27:43,Security Incident,Medium,24,7.18,43.55,True,Resolved,Service Desk L1,F. Torres,Branch - New York,Phone,4
INC101893,2025-11-02 01:35:26,2025-11-02 20:04:14,Hardware,Low,48,18.48,18.48,False,Resolved,Security Team,B. Silva,Branch - New York,Email,5
INC100429,2025-11-02 03:40:10,2025-11-06 02:59:58,Application Support,Low,48,6.54,95.33,True,Resolved,Service Desk L1,K. Meyer,Branch - London,Self-Service Portal,4
INC101263,2025-11-02 05:48:38,2025-11-05 07:37:50,Security Incident,Low,48,17.59,73.82,True,Closed,Service Desk L1,G. Petrov,Branch - London,Email,3
INC102160,2025-11-02 06:40:33,2025-11-02 18:49:33,Software,Medium,24,9.38,12.15,False,Resolved,Service Desk L1,L. Fernandes,Remote,Email,3
INC101445,2025-11-02 10:22:24,2025-11-02 13:45:48,Hardware,High,8,3.39,3.39,False,Closed,Service Desk L1,D. Ahmed,HQ - Dubai,Phone,5
INC100760,2025-11-02 11:13:51,2025-11-03 02:00:03,Hardware,Critical,4,0.08,14.77,True,Closed,Network Ops,K. Meyer,Remote,Chat,3
INC101849,2025-11-02 11:19:36,2025-11-04 02:53:12,Email,Low,48,23.37,39.56,False,Closed,Service Desk L1,E. Zhou,Remote,Email,3
INC101553,2025-11-02 11:59:20,2025-11-04 16:29:20,Application Support,Low,48,21.63,52.5,True,Closed,Network Ops,H. Osei,Remote,Walk-in,3
INC102075,2025-11-02 13:37:06,,Printer,Medium,24,7.5,9.4,False,Reopened,Security Team,F. Torres,Branch - London,Email,
INC102425,2025-11-02 15:49:15,2025-11-04 09:13:15,Software,Low,48,20.2,41.4,False,Resolved,Desktop Support,G. Petrov,Branch - London,Self-Service Portal,4
INC102879,2025-11-02 18:18:22,2025-11-03 20:47:46,Network,Low,48,13.56,26.49,False,Resolved,Systems Admin,J. Kim,HQ - Dubai,Email,4
INC101085,2025-11-02 21:54:24,2025-11-03 00:05:12,Security Incident,High,8,2.18,2.18,False,Closed,Systems Admin,B. Silva,Remote,Chat,5
INC100970,2025-11-03 00:35:56,2025-11-03 07:10:08,Hardware,High,8,1.6,6.57,False,Resolved,Network Ops,G. Petrov,Remote,Phone,4
INC100521,2025-11-03 03:45:49,2025-11-03 11:39:13,Printer,Medium,24,5.15,7.89,False,Resolved,Security Team,D. Ahmed,HQ - Dubai,Email,5
INC101588,2025-11-03 06:18:46,2025-11-04 08:49:58,Security Incident,Medium,24,1.51,26.52,True,Reopened,Network Ops,B. Silva,Remote,Chat,
INC101117,2025-11-03 09:13:38,2025-11-04 22:59:14,Software,Medium,24,11.6,37.76,True,Closed,App Support,L. Fernandes,Remote,Self-Service Portal,2
INC100103,2025-11-03 10:52:40,2025-11-06 20:29:16,Network,Low,48,5.72,81.61,True,Resolved,Desktop Support,H. Osei,Remote,Email,3
INC102828,2025-11-03 12:23:35,2025-11-04 15:14:35,Hardware,Medium,24,1.25,26.85,True,Resolved,Desktop Support,I. Rossi,HQ - Dubai,Phone,4
INC102063,2025-11-03 22:13:08,2025-11-04 09:43:44,Hardware,Medium,24,10.62,11.51,False,Resolved,App Support,I. Rossi,Remote,Self-Service Portal,4
INC101071,2025-11-04 01:25:57,2025-11-07 07:39:45,Printer,Low,48,5.58,78.23,True,Closed,Systems Admin,F. Torres,HQ - Dubai,Self-Service Portal,4
INC102223,2025-11-04 04:19:56,2025-11-07 01:00:44,Email,Low,48,8.82,68.68,True,Resolved,Network Ops,G. Petrov,HQ - Dubai,Chat,4
INC101573,2025-11-04 05:21:10,2025-11-04 17:55:58,Hardware,Medium,24,5.82,12.58,False,Resolved,App Support,G. Petrov,HQ - Dubai,Email,5
INC100987,2025-11-04 06:43:38,2025-11-04 18:28:02,Printer,Medium,24,7.56,11.74,False,Resolved,Network Ops,I. Rossi,HQ - Dubai,Self-Service Portal,4
INC102293,2025-11-04 07:41:16,2025-11-04 09:28:04,Network,Critical,4,1.19,1.78,False,Resolved,Security Team,J. Kim,Remote,Self-Service Portal,3
INC102552,2025-11-04 09:02:42,2025-11-05 03:29:06,Access Management,Medium,24,7.89,18.44,False,Resolved,Systems Admin,B. Silva,Remote,Self-Service Portal,5
INC100914,2025-11-04 16:08:21,2025-11-06 15:44:21,Hardware,Medium,24,8.36,47.6,True,Closed,Security Team,E. Zhou,HQ - Dubai,Walk-in,4
INC101770,2025-11-05 09:37:39,2025-11-06 21:11:15,Access Management,Medium,24,6.39,35.56,True,Resolved,Desktop Support,J. Kim,Branch - London,Email,5
INC101368,2025-11-05 10:37:28,2025-11-05 17:31:28,Hardware,High,8,1.01,6.9,False,Resolved,Security Team,H. Osei,HQ - Dubai,Chat,5
INC100508,2025-11-05 13:10:09,2025-11-05 15:58:09,Application Support,High,8,0.88,2.8,False,Resolved,Desktop Support,C. Novak,HQ - Dubai,Walk-in,5
INC100039,2025-11-05 15:26:06,2025-11-06 14:18:54,Software,Low,48,7.88,22.88,False,Resolved,Service Desk L1,J. Kim,HQ - Dubai,Phone,5
INC100353,2025-11-05 20:29:47,2025-11-06 12:33:59,Access Management,Medium,24,7.17,16.07,False,Resolved,App Support,J. Kim,Branch - London,Phone,4
INC102904,2025-11-05 23:43:58,,Network,Medium,24,8.2,8.21,False,Reopened,Systems Admin,E. Zhou,Branch - London,Chat,
INC101418,2025-11-06 01:53:45,2025-11-07 07:18:21,Hardware,Low,48,15.6,29.41,False,Resolved,Security Team,G. Petrov,Remote,Email,5
INC101083,2025-11-06 06:54:01,2025-11-06 09:46:13,Hardware,Critical,4,1.06,2.87,False,Reopened,Network Ops,D. Ahmed,HQ - Dubai,Email,
INC100930,2025-11-06 08:45:23,2025-11-12 03:58:35,Email,Low,48,1.64,139.22,True,Closed,Systems Admin,H. Osei,HQ - Dubai,Self-Service Portal,3
INC101767,2025-11-06 09:44:31,2025-11-09 15:26:31,Application Support,Low,48,22.95,77.7,True,Resolved,Security Team,I. Rossi,Remote,Chat,3
INC101169,2025-11-06 09:54:22,2025-11-06 16:18:58,Access Management,Medium,24,2.72,6.41,False,Resolved,Network Ops,L. Fernandes,Remote,Self-Service Portal,4
INC100007,2025-11-06 10:37:10,2025-11-07 21:40:10,Access Management,Medium,24,1.8,35.05,True,Closed,Systems Admin,B. Silva,HQ - Dubai,Self-Service Portal,3
INC100493,2025-11-06 14:23:37,2025-11-07 05:17:37,Printer,High,8,2.71,14.9,True,Resolved,Service Desk L1,H. Osei,Remote,Email,3
INC100098,2025-11-06 14:37:02,2025-11-08 00:19:38,Software,Low,48,20.86,33.71,False,Resolved,Systems Admin,K. Meyer,HQ - Dubai,Phone,5
INC101847,2025-11-06 22:12:58,2025-11-07 00:52:34,Network,High,8,2.66,2.66,False,Resolved,Desktop Support,G. Petrov,Branch - New York,Email,4
INC100764,2025-11-06 22:30:42,2025-11-07 11:00:42,Access Management,Low,48,6.8,12.5,False,Resolved,App Support,F. Torres,Branch - London,Phone,4
INC102561,2025-11-06 23:31:13,2025-11-07 01:15:01,Access Management,High,8,1.73,1.73,False,Resolved,Security Team,C. Novak,Branch - London,Phone,4
INC102450,2025-11-07 01:35:35,2025-11-08 03:39:11,Printer,Low,48,5.19,26.06,False,Resolved,App Support,K. Meyer,Branch - Singapore,Self-Service Portal,4
INC101635,2025-11-07 01:59:35,2025-11-08 03:34:59,Email,Low,48,20.49,25.59,False,Resolved,Network Ops,B. Silva,HQ - Dubai,Phone,4
INC102435,2025-11-07 03:14:33,2025-11-09 07:16:57,Email,Medium,24,10.23,52.04,True,Closed,Service Desk L1,C. Novak,Branch - Singapore,Email,4
INC100654,2025-11-07 06:24:33,2025-11-07 11:51:33,Software,High,8,0.73,5.45,False,Resolved,Systems Admin,C. Novak,Branch - New York,Email,5
INC102353,2025-11-07 10:26:07,,Hardware,High,8,1.22,1.22,False,Reopened,Systems Admin,F. Torres,HQ - Dubai,Phone,
INC102719,2025-11-07 16:48:31,2025-11-08 03:32:55,Email,High,8,2.69,10.74,True,Resolved,Network Ops,D. Ahmed,Branch - London,Self-Service Portal,3
INC101039,2025-11-07 17:06:12,2025-11-07 21:09:12,Email,High,8,0.06,4.05,False,Resolved,App Support,F. Torres,Remote,Phone,4
INC101968,2025-11-07 19:31:36,2025-11-09 12:18:24,Network,Medium,24,6.04,40.78,True,Resolved,App Support,L. Fernandes,HQ - Dubai,Self-Service Portal,3
INC100003,2025-11-07 20:42:47,2025-11-08 19:24:11,Application Support,Low,48,9.76,22.69,False,Resolved,Service Desk L1,G. Petrov,Remote,Email,4
INC101220,2025-11-07 22:08:44,2025-11-16 19:49:32,Printer,Low,48,13.82,213.68,True,Resolved,Service Desk L1,G. Petrov,Remote,Email,2
INC102863,2025-11-07 23:11:31,2025-11-08 17:22:19,Application Support,Low,48,18.18,18.18,False,Resolved,Network Ops,J. Kim,HQ - Dubai,Chat,5
INC101464,2025-11-08 00:51:56,2025-11-08 05:09:56,Access Management,High,8,1.41,4.3,False,Resolved,App Support,L. Fernandes,Remote,Self-Service Portal,5
INC100297,2025-11-08 10:08:37,2025-11-08 18:44:37,Software,Medium,24,8.6,8.6,False,Resolved,Systems Admin,D. Ahmed,HQ - Dubai,Self-Service Portal,3
INC100131,2025-11-08 13:12:30,2025-11-08 18:28:42,Software,High,8,0.31,5.27,False,Resolved,Security Team,C. Novak,Branch - Singapore,Email,4
INC102395,2025-11-08 17:03:26,2025-11-08 20:16:38,Hardware,High,8,2.11,3.22,False,Closed,Network Ops,B. Silva,Branch - London,Phone,5
INC100079,2025-11-08 19:07:19,2025-11-10 07:40:55,Access Management,Low,48,12.76,36.56,False,Closed,Service Desk L1,I. Rossi,Branch - London,Phone,5
INC101933,2025-11-09 03:32:44,2025-11-09 05:18:20,Access Management,High,8,1.76,1.76,False,Resolved,Service Desk L1,J. Kim,Remote,Email,4
INC102687,2025-11-09 04:37:14,2025-11-09 09:48:02,Email,Medium,24,4.75,5.18,False,Reopened,Security Team,D. Ahmed,Remote,Chat,
INC102276,2025-11-09 11:03:59,2025-11-10 06:50:47,Software,Low,48,19.78,19.78,False,Resolved,App Support,I. Rossi,HQ - Dubai,Phone,3
INC100147,2025-11-09 14:33:44,2025-11-09 16:21:44,Access Management,High,8,1.8,1.8,False,Resolved,Systems Admin,F. Torres,Branch - New York,Chat,5
INC100154,2025-11-09 22:00:54,2025-11-10 20:15:18,Printer,Low,48,19.38,22.24,False,Resolved,App Support,I. Rossi,Remote,Chat,3
INC102436,2025-11-10 02:08:21,2025-11-10 06:49:09,Access Management,Low,48,0.31,4.68,False,Reopened,Network Ops,E. Zhou,HQ - Dubai,Self-Service Portal,
INC101434,2025-11-10 06:08:36,2025-11-10 19:43:24,Application Support,Medium,24,5.26,13.58,False,Closed,Security Team,A. Khan,Remote,Phone,5
INC101492,2025-11-10 08:35:51,2025-11-14 15:44:15,Network,Medium,24,8.92,103.14,True,Resolved,Desktop Support,D. Ahmed,HQ - Dubai,Chat,4
INC102692,2025-11-10 13:03:45,2025-11-11 05:42:45,Hardware,High,8,3.85,16.65,True,Closed,Service Desk L1,A. Khan,Branch - New York,Self-Service Portal,3
INC100460,2025-11-10 15:06:24,2025-11-10 22:44:48,Hardware,High,8,3.51,7.64,False,Resolved,App Support,B. Silva,Branch - Singapore,Email,4
INC101370,2025-11-10 21:52:13,2025-11-11 19:05:25,Email,Medium,24,5.4,21.22,False,Resolved,Systems Admin,L. Fernandes,Branch - New York,Email,3
INC101282,2025-11-11 00:40:21,2025-11-11 14:07:21,Security Incident,Medium,24,1.2,13.45,False,Resolved,Systems Admin,I. Rossi,Branch - London,Self-Service Portal,4
INC101731,2025-11-11 05:34:35,2025-11-13 00:03:23,Access Management,Medium,24,7.59,42.48,True,Reopened,Service Desk L1,C. Novak,Branch - London,Chat,
INC102918,2025-11-11 06:39:39,2025-11-15 00:58:51,Access Management,Low,48,7.88,90.32,True,Resolved,Network Ops,J. Kim,Remote,Self-Service Portal,3
INC102448,2025-11-11 07:35:07,2025-11-11 13:42:55,Email,Medium,24,6.13,6.13,False,Resolved,Systems Admin,F. Torres,Remote,Chat,5
INC102991,2025-11-11 09:33:41,2025-11-11 10:18:41,Hardware,High,8,0.72,0.75,False,Resolved,Security Team,B. Silva,HQ - Dubai,Chat,4
INC100945,2025-11-11 11:13:12,2025-11-12 03:06:36,Hardware,Medium,24,3.07,15.89,False,Resolved,Service Desk L1,J. Kim,Branch - London,Self-Service Portal,4
INC100432,2025-11-11 14:05:08,2025-11-12 22:36:20,Printer,Low,48,3.32,32.52,False,Closed,Security Team,D. Ahmed,Remote,Phone,4
INC100183,2025-11-11 14:42:20,2025-11-12 05:06:56,Application Support,Low,48,8.53,14.41,False,Resolved,Network Ops,D. Ahmed,Branch - London,Email,2
INC101539,2025-11-11 18:14:38,2025-11-11 20:28:26,Access Management,High,8,2.23,2.23,False,Resolved,Network Ops,E. Zhou,Remote,Email,5
INC102302,2025-11-11 22:06:02,2025-11-12 09:59:26,Network,Medium,24,10.36,11.89,False,Closed,Security Team,A. Khan,Branch - London,Walk-in,3
INC102711,2025-11-11 23:38:35,,Access Management,Medium,24,11.76,12.24,False,Reopened,Security Team,H. Osei,Branch - London,Self-Service Portal,
INC100552,2025-11-12 02:24:36,2025-11-15 05:10:12,Application Support,Low,48,14.03,74.76,True,Resolved,Systems Admin,E. Zhou,Remote,Email,4
INC102844,2025-11-12 07:00:30,2025-11-13 10:00:30,Email,High,8,2.83,27.0,True,Resolved,Network Ops,D. Ahmed,HQ - Dubai,Walk-in,3
INC101997,2025-11-12 11:59:57,2025-11-13 01:11:21,Application Support,Medium,24,0.58,13.19,False,Resolved,App Support,D. Ahmed,Branch - Singapore,Email,4
INC100089,2025-11-12 12:35:29,2025-11-14 04:51:05,Access Management,Medium,24,3.39,40.26,True,Resolved,Systems Admin,L. Fernandes,Remote,Self-Service Portal,1
INC101148,2025-11-12 19:31:37,2025-11-13 10:48:25,Software,Medium,24,10.29,15.28,False,Resolved,Security Team,L. Fernandes,Branch - Singapore,Self-Service Portal,5
INC100952,2025-11-13 12:03:40,2025-11-14 01:10:16,Network,Medium,24,11.27,13.11,False,Reopened,App Support,I. Rossi,HQ - Dubai,Phone,
INC102499,2025-11-13 12:09:22,2025-11-13 14:47:46,Software,High,8,1.2,2.64,False,Reopened,App Support,B. Silva,HQ - Dubai,Email,
INC100737,2025-11-13 12:56:15,,Email,Low,48,20.69,73.05,True,Reopened,Desktop Support,D. Ahmed,HQ - Dubai,Self-Service Portal,
INC102599,2025-11-13 17:13:55,2025-11-13 19:37:19,Network,High,8,2.25,2.39,False,Resolved,Systems Admin,C. Novak,Remote,Email,3
INC102015,2025-11-13 19:36:12,2025-11-14 00:42:12,Access Management,High,8,1.55,5.1,False,Resolved,Desktop Support,L. Fernandes,Branch - London,Self-Service Portal,5
INC101284,2025-11-13 20:13:17,2025-11-17 10:33:41,Access Management,Low,48,18.62,86.34,True,Resolved,Security Team,E. Zhou,Branch - London,Email,4
INC102077,2025-11-13 21:58:29,2025-11-18 12:29:05,Software,Low,48,5.08,110.51,True,Resolved,App Support,C. Novak,Branch - Singapore,Phone,4
INC101264,2025-11-13 23:30:16,2025-11-14 09:54:16,Printer,Medium,24,1.68,10.4,False,Resolved,App Support,K. Meyer,HQ - Dubai,Email,5
INC100918,2025-11-14 08:15:52,2025-11-16 03:12:52,Software,Low,48,1.94,42.95,False,Resolved,Service Desk L1,E. Zhou,Remote,Phone,5
INC102209,2025-11-14 10:38:30,2025-11-15 06:49:18,Software,Medium,24,6.35,20.18,False,Resolved,Network Ops,K. Meyer,Branch - London,Chat,4
INC100765,2025-11-14 14:35:28,2025-11-16 01:32:28,Security Incident,Low,48,22.02,34.95,False,Reopened,Network Ops,H. Osei,Remote,Self-Service Portal,
INC101159,2025-11-14 16:07:24,2025-11-16 00:36:48,Email,Low,48,11.75,32.49,False,Closed,Systems Admin,C. Novak,HQ - Dubai,Phone,4
INC100548,2025-11-14 16:10:54,2025-11-16 00:33:06,Application Support,Low,48,23.52,32.37,False,Closed,Network Ops,D. Ahmed,Remote,Chat,4
INC101155,2025-11-14 16:54:53,2025-11-14 22:45:53,Application Support,Medium,24,5.85,5.85,False,Resolved,App Support,C. Novak,HQ - Dubai,Self-Service Portal,4
INC100667,2025-11-14 17:28:47,2025-11-15 07:42:35,Network,High,8,2.54,14.23,True,Resolved,Service Desk L1,F. Torres,Remote,Phone,3
INC101164,2025-11-14 17:57:27,2025-11-15 05:19:39,Access Management,Medium,24,4.8,11.37,False,Resolved,Service Desk L1,E. Zhou,Branch - London,Email,4
INC100496,2025-11-14 19:52:48,2025-11-15 21:28:12,Network,Medium,24,11.08,25.59,True,Resolved,App Support,H. Osei,HQ - Dubai,Phone,4
INC101976,2025-11-14 23:53:33,2025-11-16 23:28:21,Email,Low,48,22.49,47.58,False,Resolved,Service Desk L1,B. Silva,Remote,Email,5
INC101304,2025-11-15 06:30:35,2025-11-16 06:25:47,Hardware,High,8,3.5,23.92,True,Resolved,Desktop Support,K. Meyer,HQ - Dubai,Walk-in,5
INC100184,2025-11-15 11:29:54,2025-11-15 13:15:30,Security Incident,Critical,4,0.84,1.76,False,Reopened,Security Team,L. Fernandes,Branch - London,Phone,
INC102224,2025-11-15 12:54:58,2025-11-15 18:05:46,Application Support,Medium,24,0.11,5.18,False,Resolved,Security Team,H. Osei,Branch - Singapore,Self-Service Portal,4
INC102567,2025-11-15 18:48:18,2025-11-15 21:32:06,Application Support,High,8,2.22,2.73,False,Closed,Network Ops,A. Khan,Remote,Email,5
INC102402,2025-11-15 19:35:01,2025-11-16 02:13:25,Printer,High,8,0.53,6.64,False,Resolved,Desktop Support,A. Khan,HQ - Dubai,Chat,4
INC101327,2025-11-16 00:55:29,2025-11-16 08:51:53,Application Support,High,8,1.42,7.94,False,Resolved,App Support,J. Kim,HQ - Dubai,Email,3
INC101514,2025-11-16 05:11:36,2025-11-17 07:31:24,Network,Low,48,0.96,26.33,False,Resolved,Systems Admin,D. Ahmed,HQ - Dubai,Phone,4
INC100045,2025-11-16 05:40:06,2025-11-17 03:55:06,Hardware,Low,48,13.9,22.25,False,Resolved,Network Ops,H. Osei,HQ - Dubai,Email,4
INC102608,2025-11-16 07:49:54,2025-11-16 17:43:54,Software,Medium,24,9.9,9.9,False,Resolved,Systems Admin,J. Kim,HQ - Dubai,Self-Service Portal,4
INC100373,2025-11-17 00:53:11,2025-11-18 21:04:35,Software,Low,48,16.0,44.19,False,Resolved,Security Team,L. Fernandes,Remote,Self-Service Portal,3
INC101724,2025-11-17 02:03:13,2025-11-17 04:33:13,Network,Medium,24,2.5,2.5,False,Closed,Systems Admin,J. Kim,Remote,Email,5
INC100590,2025-11-17 02:35:42,2025-11-17 05:02:06,Printer,Critical,4,1.69,2.44,False,Resolved,Network Ops,I. Rossi,Remote,Chat,4
INC100458,2025-11-17 07:28:23,2025-11-17 08:53:35,Security Incident,High,8,0.41,1.42,False,Resolved,Systems Admin,I. Rossi,HQ - Dubai,Phone,5
INC102744,2025-11-17 12:36:40,2025-11-17 13:45:04,Software,Critical,4,1.14,1.14,False,Resolved,Security Team,H. Osei,Remote,Self-Service Portal,4
INC101469,2025-11-17 13:17:38,2025-11-17 16:35:38,Email,Critical,4,1.28,3.3,False,Closed,Service Desk L1,A. Khan,Branch - Singapore,Phone,5
INC101082,2025-11-17 13:20:03,2025-11-18 22:44:39,Hardware,Low,48,19.86,33.41,False,Resolved,Systems Admin,I. Rossi,Remote,Chat,4
INC102956,2025-11-17 21:19:28,2025-11-18 10:57:16,Software,Medium,24,3.16,13.63,False,Resolved,Systems Admin,E. Zhou,HQ - Dubai,Email,4
INC101419,2025-11-18 02:34:39,2025-11-18 06:23:51,Network,Medium,24,3.82,3.82,False,Resolved,Systems Admin,I. Rossi,HQ - Dubai,Self-Service Portal,5
INC100052,2025-11-18 05:01:08,2025-11-19 03:42:32,Printer,Medium,24,0.27,22.69,False,Resolved,Systems Admin,F. Torres,HQ - Dubai,Self-Service Portal,5
INC102049,2025-11-18 07:51:38,2025-11-19 08:37:50,Access Management,Medium,24,7.13,24.77,True,Resolved,Service Desk L1,C. Novak,Branch - London,Self-Service Portal,4
INC100479,2025-11-18 11:45:34,2025-11-20 00:22:10,Hardware,Low,48,16.77,36.61,False,Closed,App Support,D. Ahmed,Remote,Chat,4
INC100844,2025-11-18 12:54:59,2025-11-19 01:35:11,Application Support,Medium,24,2.92,12.67,False,Resolved,Network Ops,J. Kim,Branch - London,Chat,5
INC102217,2025-11-18 13:38:47,2025-11-19 15:45:59,Hardware,Low,48,7.69,26.12,False,Closed,Systems Admin,E. Zhou,Branch - New York,Chat,5
INC102154,2025-11-18 15:21:00,2025-11-19 11:41:24,Software,Medium,24,4.02,20.34,False,Resolved,Desktop Support,H. Osei,HQ - Dubai,Walk-in,5
INC101048,2025-11-18 18:55:18,2025-11-19 11:10:18,Software,Low,48,4.62,16.25,False,Resolved,Network Ops,I. Rossi,Remote,Self-Service Portal,5
INC100650,2025-11-18 21:05:13,2025-11-19 03:52:37,Software,High,8,0.48,6.79,False,Reopened,Security Team,H. Osei,HQ - Dubai,Self-Service Portal,
INC100706,2025-11-18 21:43:35,2025-11-19 03:29:11,Software,Medium,24,4.23,5.76,False,Closed,Network Ops,H. Osei,HQ - Dubai,Self-Service Portal,3
INC100665,2025-11-18 22:22:07,2025-11-19 19:13:43,Hardware,Low,48,17.82,20.86,False,Reopened,Systems Admin,B. Silva,Branch - Singapore,Phone,
INC100047,2025-11-18 23:26:55,2025-11-19 05:17:55,Printer,High,8,2.07,5.85,False,Resolved,Service Desk L1,H. Osei,Branch - London,Email,4
INC101818,2025-11-19 06:39:16,2025-11-20 04:02:04,Software,Low,48,16.39,21.38,False,Resolved,App Support,C. Novak,Remote,Chat,4
INC100369,2025-11-19 09:12:34,2025-11-19 14:10:10,Application Support,Medium,24,4.96,4.96,False,Closed,Service Desk L1,I. Rossi,Remote,Self-Service Portal,5
INC101476,2025-11-19 10:29:39,2025-11-19 13:20:39,Access Management,Critical,4,0.56,2.85,False,Resolved,Security Team,F. Torres,Remote,Self-Service Portal,5
INC101974,2025-11-19 12:42:17,2025-11-20 20:41:41,Access Management,Low,48,17.7,31.99,False,Resolved,Desktop Support,D. Ahmed,HQ - Dubai,Email,4
INC102002,2025-11-19 14:24:55,2025-11-20 05:45:19,Application Support,Medium,24,2.09,15.34,False,Resolved,Desktop Support,G. Petrov,Remote,Self-Service Portal,3
INC100144,2025-11-19 19:42:32,2025-11-22 04:16:08,Email,Low,48,1.56,56.56,True,Resolved,Systems Admin,H. Osei,Branch - New York,Phone,3
INC100607,2025-11-19 22:30:12,2025-11-21 05:15:48,Network,Low,48,0.81,30.76,False,Closed,App Support,F. Torres,HQ - Dubai,Self-Service Portal,5
INC102271,2025-11-20 01:04:10,2025-11-20 10:57:34,Application Support,Low,48,9.89,9.89,False,Resolved,App Support,C. Novak,HQ - Dubai,Self-Service Portal,3
INC102690,2025-11-20 01:56:49,2025-11-20 06:35:49,Email,High,8,0.06,4.65,False,Closed,Desktop Support,I. Rossi,HQ - Dubai,Self-Service Portal,5
INC101568,2025-11-20 02:10:02,2025-11-20 06:53:50,Access Management,Critical,4,0.86,4.73,True,Resolved,App Support,B. Silva,Remote,Walk-in,2
INC100230,2025-11-20 11:26:56,2025-11-20 15:31:44,Software,Critical,4,0.84,4.08,True,Reopened,Service Desk L1,I. Rossi,Branch - London,Self-Service Portal,
INC102557,2025-11-20 11:56:36,2025-11-21 23:50:00,Software,Low,48,10.04,35.89,False,Reopened,Security Team,B. Silva,Branch - New York,Self-Service Portal,
INC100682,2025-11-20 22:42:04,2025-11-21 23:45:40,Software,Low,48,21.99,25.06,False,Resolved,Service Desk L1,D. Ahmed,HQ - Dubai,Phone,3
INC100194,2025-11-21 01:24:52,2025-11-21 05:40:28,Software,Critical,4,0.77,4.26,True,Closed,Network Ops,E. Zhou,Remote,Email,3
INC101870,2025-11-21 02:50:05,2025-11-21 09:54:17,Security Incident,Critical,4,1.6,7.07,True,Closed,Service Desk L1,H. Osei,HQ - Dubai,Walk-in,2
INC102457,2025-11-21 08:19:17,2025-11-22 01:52:53,Hardware,Medium,24,1.41,17.56,False,Resolved,Security Team,E. Zhou,HQ - Dubai,Chat,5
INC101062,2025-11-21 09:02:41,2025-11-21 16:48:17,Software,Medium,24,7.76,7.76,False,Resolved,Service Desk L1,H. Osei,Remote,Email,4
INC102752,2025-11-21 10:16:45,2025-11-21 22:05:57,Software,Low,48,11.82,11.82,False,Resolved,Service Desk L1,D. Ahmed,Branch - London,Email,4
INC102635,2025-11-21 10:44:35,2025-11-22 08:03:47,Application Support,Medium,24,0.21,21.32,False,Closed,Security Team,L. Fernandes,HQ - Dubai,Phone,4
INC102705,2025-11-21 21:51:59,2025-11-23 15:15:23,Application Support,Low,48,0.53,41.39,False,Resolved,Desktop Support,A. Khan,Remote,Phone,5
INC100854,2025-11-21 22:31:37,2025-11-23 12:05:49,Email,Low,48,17.82,37.57,False,Reopened,Service Desk L1,A. Khan,Remote,Self-Service Portal,
INC101197,2025-11-22 01:08:02,2025-11-24 19:18:50,Network,Low,48,19.74,66.18,True,Resolved,Service Desk L1,K. Meyer,HQ - Dubai,Self-Service Portal,2
INC101547,2025-11-22 02:23:52,2025-11-23 09:01:40,Printer,Medium,24,6.78,30.63,True,Resolved,Security Team,I. Rossi,Branch - Singapore,Email,4
INC102710,2025-11-22 03:39:21,2025-11-23 06:30:21,Network,Medium,24,10.08,26.85,True,Resolved,Service Desk L1,G. Petrov,Branch - Singapore,Email,5
INC101293,2025-11-22 04:25:22,2025-11-22 22:15:10,Application Support,Low,48,15.27,17.83,False,Resolved,Systems Admin,H. Osei,Remote,Email,2
INC101856,2025-11-22 06:45:20,2025-11-23 02:36:56,Access Management,Low,48,16.66,19.86,False,Resolved,Security Team,A. Khan,HQ - Dubai,Phone,4
INC101754,2025-11-22 06:47:17,2025-11-22 10:50:17,Network,Medium,24,4.05,4.05,False,Closed,Security Team,E. Zhou,Branch - New York,Email,5
INC102680,2025-11-22 09:19:46,2025-11-23 19:08:22,Software,Low,48,9.87,33.81,False,Resolved,Service Desk L1,G. Petrov,Remote,Email,5
INC101052,2025-11-22 13:05:17,2025-11-22 15:18:29,Hardware,Critical,4,1.65,2.22,False,Resolved,Network Ops,J. Kim,HQ - Dubai,Phone,5
INC102575,2025-11-22 15:04:46,2025-11-22 20:34:46,Access Management,High,8,0.74,5.5,False,Resolved,Systems Admin,B. Silva,HQ - Dubai,Chat,2
INC100683,2025-11-22 19:34:10,2025-11-23 05:57:34,Network,Low,48,6.85,10.39,False,Closed,Systems Admin,B. Silva,Remote,Phone,5
INC101354,2025-11-22 19:47:22,2025-11-25 16:46:46,Email,Low,48,9.15,68.99,True,Resolved,Security Team,E. Zhou,HQ - Dubai,Self-Service Portal,3
INC100163,2025-11-22 21:31:14,2025-11-23 04:31:14,Hardware,Medium,24,7.0,7.0,False,Resolved,Desktop Support,C. Novak,Branch - London,Self-Service Portal,4
INC101862,2025-11-22 22:13:44,2025-11-26 01:44:20,Application Support,Medium,24,9.54,75.51,True,Resolved,Systems Admin,G. Petrov,HQ - Dubai,Email,3
INC101684,2025-11-23 00:37:23,2025-11-23 04:16:59,Software,Medium,24,3.66,3.66,False,Reopened,Security Team,L. Fernandes,HQ - Dubai,Phone,
INC101909,2025-11-23 01:35:40,2025-11-23 02:42:16,Hardware,Critical,4,1.11,1.11,False,Reopened,Network Ops,C. Novak,Branch - New York,Chat,
INC101028,2025-11-23 02:04:22,2025-11-24 04:51:10,Application Support,Low,48,4.38,26.78,False,Resolved,Systems Admin,K. Meyer,HQ - Dubai,Chat,3
INC102573,2025-11-23 02:38:31,2025-11-23 18:46:55,Software,Medium,24,2.65,16.14,False,Reopened,Service Desk L1,B. Silva,HQ - Dubai,Email,
INC102909,2025-11-23 05:42:01,2025-11-23 07:00:01,Software,Critical,4,1.3,1.3,False,Resolved,Network Ops,E. Zhou,Branch - London,Self-Service Portal,4
INC102577,2025-11-23 11:32:50,2025-11-23 13:55:02,Hardware,High,8,2.02,2.37,False,Closed,Desktop Support,K. Meyer,Remote,Email,5
INC102969,2025-11-23 15:28:21,2025-11-23 21:45:45,Hardware,Medium,24,1.13,6.29,False,Closed,Network Ops,K. Meyer,Branch - London,Self-Service Portal,4
INC100211,2025-11-23 15:43:57,2025-11-24 00:45:09,Application Support,Low,48,9.02,9.02,False,Resolved,Systems Admin,D. Ahmed,Branch - Singapore,Self-Service Portal,4
INC102565,2025-11-23 16:30:30,2025-11-23 19:19:42,Application Support,High,8,1.74,2.82,False,Closed,Systems Admin,A. Khan,HQ - Dubai,Phone,4
INC102358,2025-11-23 18:48:25,2025-11-27 17:23:13,Security Incident,Low,48,9.5,94.58,True,Resolved,Service Desk L1,C. Novak,Branch - Singapore,Email,4
INC100624,2025-11-24 03:25:44,,Access Management,Low,48,21.51,64.06,True,Reopened,Desktop Support,G. Petrov,HQ - Dubai,Phone,
INC100988,2025-11-24 03:59:44,2025-11-24 22:35:08,Software,Low,48,4.67,18.59,False,Resolved,App Support,J. Kim,Branch - London,Self-Service Portal,4
INC101250,2025-11-24 05:35:16,2025-11-24 23:22:04,Hardware,Low,48,6.16,17.78,False,Closed,Security Team,G. Petrov,Remote,Phone,4
INC102595,2025-11-24 06:11:08,2025-11-26 01:51:20,Hardware,Low,48,5.9,43.67,False,Resolved,Security Team,A. Khan,Remote,Email,3
INC101480,2025-11-24 10:18:15,2025-11-24 18:04:27,Access Management,Low,48,2.51,7.77,False,Resolved,Systems Admin,F. Torres,Remote,Self-Service Portal,3
INC100172,2025-11-24 13:49:13,2025-11-25 09:10:13,Application Support,High,8,0.95,19.35,True,Resolved,Security Team,E. Zhou,HQ - Dubai,Walk-in,3
INC100358,2025-11-24 15:04:43,2025-11-25 20:34:07,Network,Medium,24,2.15,29.49,True,Resolved,Desktop Support,L. Fernandes,Remote,Self-Service Portal,3
INC100435,2025-11-24 15:49:47,2025-11-24 21:01:47,Application Support,High,8,0.54,5.2,False,Closed,Systems Admin,J. Kim,Remote,Email,5
INC100865,2025-11-25 00:45:07,2025-11-25 08:45:07,Security Incident,High,8,3.69,8.0,False,Resolved,App Support,B. Silva,HQ - Dubai,Self-Service Portal,4
INC101025,2025-11-25 02:22:19,2025-11-25 16:22:55,Access Management,Medium,24,3.91,14.01,False,Reopened,Systems Admin,G. Petrov,Remote,Phone,
INC101940,2025-11-25 02:40:17,2025-11-25 13:20:29,Email,Low,48,10.67,10.67,False,Resolved,Security Team,I. Rossi,Branch - Singapore,Email,5
INC101865,2025-11-25 04:52:18,2025-11-26 06:46:18,Email,Low,48,5.79,25.9,False,Resolved,Desktop Support,B. Silva,Branch - New York,Email,5
INC100537,2025-11-25 07:01:13,2025-11-25 16:32:25,Email,Medium,24,5.6,9.52,False,Resolved,App Support,E. Zhou,Branch - New York,Self-Service Portal,4
INC100725,2025-11-25 09:10:44,2025-11-26 10:38:56,Network,Low,48,2.01,25.47,False,Closed,App Support,A. Khan,Branch - New York,Phone,4
INC100766,2025-11-25 14:23:31,2025-11-27 00:43:55,Application Support,Low,48,2.61,34.34,False,Resolved,Network Ops,K. Meyer,Branch - New York,Self-Service Portal,5
INC100553,2025-11-25 23:53:04,2025-11-26 05:41:04,Email,Medium,24,0.73,5.8,False,Resolved,Security Team,F. Torres,Remote,Self-Service Portal,5
INC100126,2025-11-26 01:41:43,2025-11-26 10:51:55,Network,Low,48,3.71,9.17,False,Resolved,Systems Admin,C. Novak,HQ - Dubai,Phone,5
INC102883,2025-11-26 02:12:31,2025-11-26 08:07:43,Email,High,8,1.9,5.92,False,Resolved,Systems Admin,J. Kim,HQ - Dubai,Phone,4
INC100188,2025-11-26 02:14:08,2025-11-27 00:13:32,Software,Low,48,21.46,21.99,False,Resolved,Network Ops,E. Zhou,Remote,Email,4
INC102810,2025-11-26 07:12:31,2025-11-26 22:16:43,Software,Medium,24,9.68,15.07,False,Resolved,App Support,L. Fernandes,HQ - Dubai,Email,4
INC102590,2025-11-26 17:13:09,2025-11-29 05:50:21,Access Management,Low,48,19.88,60.62,True,Resolved,Network Ops,L. Fernandes,Remote,Email,2
INC101530,2025-11-26 17:55:47,2025-11-27 23:02:23,Software,Medium,24,6.37,29.11,True,Reopened,Systems Admin,J. Kim,HQ - Dubai,Email,
INC102207,2025-11-26 20:49:16,2025-11-28 04:25:16,Printer,Low,48,12.53,31.6,False,Resolved,Systems Admin,I. Rossi,Remote,Chat,5
INC101387,2025-11-26 21:10:31,2025-11-28 17:29:43,Security Incident,Low,48,5.39,44.32,False,Resolved,Service Desk L1,E. Zhou,Branch - Singapore,Self-Service Portal,4
INC102188,2025-11-26 22:24:04,2025-11-28 00:39:04,Access Management,Medium,24,0.19,26.25,True,Resolved,App Support,I. Rossi,Remote,Self-Service Portal,4
INC101952,2025-11-27 02:39:29,2025-11-27 03:37:05,Application Support,Critical,4,0.33,0.96,False,Reopened,Service Desk L1,H. Osei,HQ - Dubai,Self-Service Portal,
INC101106,2025-11-27 03:09:03,2025-11-27 13:16:51,Software,Low,48,0.1,10.13,False,Reopened,Network Ops,H. Osei,Remote,Email,
INC100726,2025-11-27 05:28:28,2025-11-27 22:03:52,Printer,Medium,24,4.72,16.59,False,Resolved,Service Desk L1,A. Khan,Branch - New York,Email,5
INC100884,2025-11-27 11:45:56,2025-11-29 14:38:44,Printer,Low,48,8.65,50.88,True,Resolved,Network Ops,K. Meyer,HQ - Dubai,Self-Service Portal,3
INC100066,2025-11-27 14:19:07,2025-11-27 18:10:43,Software,Medium,24,3.86,3.86,False,Resolved,Systems Admin,J. Kim,HQ - Dubai,Email,5
INC101213,2025-11-27 18:25:28,2025-11-29 22:50:40,Application Support,Low,48,3.04,52.42,True,Resolved,Desktop Support,D. Ahmed,Branch - New York,Phone,2
INC100520,2025-11-27 18:59:11,2025-11-28 19:25:35,Network,Low,48,0.49,24.44,False,Resolved,Systems Admin,I. Rossi,Remote,Self-Service Portal,5
INC102993,2025-11-28 02:00:06,,Software,Medium,24,4.75,10.67,False,Reopened,App Support,H. Osei,HQ - Dubai,Email,
INC101455,2025-11-28 04:25:27,2025-11-28 15:11:39,Access Management,Low,48,1.09,10.77,False,Resolved,Security Team,E. Zhou,Remote,Phone,3
INC100830,2025-11-28 08:19:49,2025-11-28 12:56:25,Hardware,Medium,24,4.61,4.61,False,Resolved,Desktop Support,A. Khan,Remote,Chat,4
INC100202,2025-11-28 10:31:59,2025-11-28 21:11:35,Hardware,Low,48,10.66,10.66,False,Closed,App Support,I. Rossi,HQ - Dubai,Phone,5
INC100046,2025-11-28 11:41:39,2025-11-28 13:52:27,Printer,Critical,4,1.79,2.18,False,Resolved,App Support,A. Khan,Branch - Singapore,Chat,3
INC101668,2025-11-28 13:12:34,2025-11-28 20:17:22,Printer,Medium,24,2.27,7.08,False,Resolved,App Support,I. Rossi,Remote,Self-Service Portal,5
INC102954,2025-11-28 15:47:47,2025-11-29 02:24:59,Network,Low,48,10.62,10.62,False,Reopened,Systems Admin,H. Osei,HQ - Dubai,Walk-in,
INC101641,2025-11-28 21:47:53,2025-12-01 08:29:53,Software,Medium,24,0.45,58.7,True,Resolved,Network Ops,L. Fernandes,Branch - London,Phone,2
INC102256,2025-11-29 00:59:38,2025-11-29 19:27:14,Security Incident,Medium,24,10.38,18.46,False,Reopened,Systems Admin,E. Zhou,HQ - Dubai,Walk-in,
INC101486,2025-11-29 01:05:29,,Access Management,Low,48,21.43,39.01,False,Reopened,Systems Admin,I. Rossi,HQ - Dubai,Self-Service Portal,
INC100035,2025-11-29 03:10:33,2025-11-29 18:44:45,Network,Medium,24,1.94,15.57,False,Resolved,Service Desk L1,C. Novak,Remote,Phone,4
INC101762,2025-11-29 04:19:34,2025-11-29 19:40:34,Access Management,Medium,24,11.67,15.35,False,Resolved,Desktop Support,B. Silva,Branch - Singapore,Email,3
INC100664,2025-11-29 06:49:39,2025-11-29 20:20:51,Email,Low,48,5.69,13.52,False,Closed,Network Ops,D. Ahmed,Remote,Walk-in,5
INC102927,2025-11-29 12:07:17,2025-11-30 21:46:17,Access Management,Low,48,5.87,33.65,False,Resolved,Systems Admin,H. Osei,Branch - New York,Self-Service Portal,4
INC100968,2025-11-29 12:09:21,2025-11-29 15:24:21,Software,Medium,24,3.25,3.25,False,Resolved,Network Ops,I. Rossi,HQ - Dubai,Email,5
INC101605,2025-11-29 17:11:57,2025-11-30 10:41:57,Software,Low,48,0.94,17.5,False,Resolved,App Support,K. Meyer,Branch - Singapore,Self-Service Portal,3
INC101031,2025-11-29 17:31:33,2025-11-29 20:21:21,Network,High,8,2.28,2.83,False,Resolved,App Support,B. Silva,Branch - Singapore,Email,4
INC100626,2025-11-29 22:35:57,2025-11-30 01:04:09,Network,Critical,4,1.32,2.47,False,Closed,App Support,K. Meyer,Branch - London,Phone,5
INC102886,2025-11-29 23:22:05,2025-11-30 20:49:41,Software,Low,48,19.64,21.46,False,Closed,Service Desk L1,A. Khan,Branch - Singapore,Chat,5
INC102415,2025-11-30 02:11:27,2025-11-30 13:35:27,Hardware,Low,48,11.4,11.4,False,Resolved,Desktop Support,G. Petrov,Remote,Self-Service Portal,4
INC101788,2025-11-30 04:28:53,2025-12-02 05:57:05,Hardware,Low,48,4.15,49.47,True,Reopened,Service Desk L1,L. Fernandes,Branch - London,Self-Service Portal,
INC101011,2025-11-30 13:08:36,2025-12-01 03:18:48,Hardware,Low,48,14.17,14.17,False,Resolved,Security Team,J. Kim,HQ - Dubai,Email,5
INC100829,2025-11-30 16:34:44,2025-12-01 08:19:08,Software,High,8,0.2,15.74,True,Resolved,Network Ops,D. Ahmed,Branch - London,Email,3
INC102700,2025-11-30 20:29:10,2025-12-03 12:59:46,Access Management,Low,48,20.81,64.51,True,Resolved,Security Team,L. Fernandes,Branch - Singapore,Chat,5
INC101374,2025-11-30 22:16:04,2025-12-01 10:05:16,Email,Medium,24,9.65,11.82,False,Resolved,Systems Admin,L. Fernandes,Remote,Self-Service Portal,4
INC102778,2025-12-01 02:03:25,2025-12-02 07:58:01,Software,Medium,24,11.23,29.91,True,Resolved,Desktop Support,I. Rossi,Remote,Self-Service Portal,3
INC100631,2025-12-01 08:12:13,2025-12-01 23:36:13,Hardware,Low,48,15.4,15.4,False,Reopened,App Support,B. Silva,HQ - Dubai,Self-Service Portal,
INC100522,2025-12-01 13:24:31,2025-12-01 18:33:31,Security Incident,High,8,2.23,5.15,False,Resolved,Network Ops,C. Novak,Branch - New York,Email,2
INC101059,2025-12-01 15:47:07,2025-12-01 21:44:07,Printer,High,8,0.99,5.95,False,Closed,Desktop Support,A. Khan,HQ - Dubai,Walk-in,5
INC101361,2025-12-02 07:52:07,2025-12-03 08:58:07,Security Incident,Low,48,3.56,25.1,False,Resolved,Network Ops,J. Kim,Remote,Phone,3
INC102073,2025-12-02 13:58:08,2025-12-05 09:40:44,Application Support,Low,48,4.05,67.71,True,Resolved,Security Team,I. Rossi,HQ - Dubai,Chat,3
INC100669,2025-12-02 14:58:09,2025-12-05 23:02:57,Software,Low,48,23.54,80.08,True,Resolved,Security Team,C. Novak,HQ - Dubai,Chat,3
INC102683,2025-12-02 17:49:07,2025-12-03 00:02:19,Hardware,Medium,24,2.78,6.22,False,Reopened,Desktop Support,I. Rossi,Remote,Phone,
INC101535,2025-12-02 21:08:05,2025-12-06 10:00:53,Network,Low,48,22.6,84.88,True,Reopened,Network Ops,L. Fernandes,Branch - London,Self-Service Portal,
INC100290,2025-12-03 00:04:06,2025-12-03 16:52:06,Application Support,Medium,24,10.42,16.8,False,Resolved,Systems Admin,I. Rossi,HQ - Dubai,Self-Service Portal,4
INC101869,2025-12-03 03:14:58,,Printer,High,8,1.33,3.93,False,Reopened,Security Team,K. Meyer,Branch - Singapore,Self-Service Portal,
INC100862,2025-12-03 06:28:01,2025-12-04 07:06:25,Access Management,Low,48,3.88,24.64,False,Resolved,Security Team,D. Ahmed,Remote,Phone,5
INC101932,2025-12-03 08:44:06,,Network,High,8,2.28,2.28,False,Reopened,Service Desk L1,A. Khan,Remote,Phone,
INC101792,2025-12-03 09:10:35,2025-12-03 11:05:47,Network,High,8,1.39,1.92,False,Resolved,App Support,J. Kim,Remote,Walk-in,5
INC100517,2025-12-03 17:38:27,2025-12-03 23:51:39,Access Management,High,8,2.67,6.22,False,Resolved,App Support,J. Kim,Remote,Email,3
INC102875,2025-12-03 20:45:35,2025-12-04 20:25:11,Printer,High,8,3.99,23.66,True,Closed,Desktop Support,D. Ahmed,Branch - London,Chat,3
INC101532,2025-12-04 00:07:20,2025-12-04 21:08:32,Software,High,8,1.2,21.02,True,Resolved,Network Ops,F. Torres,Remote,Email,2
INC101607,2025-12-04 01:33:46,2025-12-04 10:19:22,Hardware,Medium,24,8.76,8.76,False,Closed,Network Ops,G. Petrov,HQ - Dubai,Self-Service Portal,4
INC101417,2025-12-04 01:35:03,2025-12-04 07:39:51,Software,Low,48,6.08,6.08,False,Resolved,Security Team,E. Zhou,Branch - New York,Self-Service Portal,5
INC102588,2025-12-04 02:15:00,2025-12-04 03:06:00,Access Management,Critical,4,0.85,0.85,False,Resolved,Security Team,K. Meyer,Branch - Singapore,Email,3
INC102357,2025-12-04 07:14:03,,Software,High,8,1.06,4.44,False,Reopened,Service Desk L1,H. Osei,HQ - Dubai,Email,
INC101578,2025-12-04 07:37:04,2025-12-05 05:41:16,Network,Medium,24,5.96,22.07,False,Reopened,Desktop Support,D. Ahmed,HQ - Dubai,Email,
INC102373,2025-12-04 12:57:19,2025-12-05 07:45:55,Software,Medium,24,4.66,18.81,False,Resolved,App Support,E. Zhou,HQ - Dubai,Phone,4
INC101589,2025-12-04 14:21:04,2025-12-05 04:45:40,Hardware,Medium,24,7.64,14.41,False,Resolved,Systems Admin,K. Meyer,HQ - Dubai,Email,5
INC102055,2025-12-04 17:06:59,2025-12-05 03:37:35,Access Management,Low,48,0.47,10.51,False,Closed,Security Team,J. Kim,Remote,Chat,5
INC100315,2025-12-04 20:18:10,2025-12-04 22:55:22,Email,High,8,2.62,2.62,False,Resolved,Security Team,K. Meyer,Branch - New York,Email,5
INC100216,2025-12-04 21:14:03,2025-12-04 23:36:51,Network,High,8,1.76,2.38,False,Resolved,Security Team,C. Novak,Remote,Self-Service Portal,5
INC101090,2025-12-04 23:14:12,2025-12-06 06:59:12,Software,Medium,24,4.51,31.75,True,Resolved,Desktop Support,C. Novak,Branch - New York,Self-Service Portal,3
INC100010,2025-12-05 02:05:11,2025-12-05 08:52:35,Software,High,8,0.35,6.79,False,Closed,Network Ops,F. Torres,HQ - Dubai,Self-Service Portal,4
INC101632,2025-12-05 03:59:58,2025-12-06 15:37:10,Printer,Low,48,16.68,35.62,False,Resolved,Network Ops,L. Fernandes,HQ - Dubai,Phone,4
INC102285,2025-12-05 05:02:59,2025-12-05 12:50:23,Email,Medium,24,3.92,7.79,False,Resolved,Network Ops,K. Meyer,Branch - London,Self-Service Portal,5
INC102125,2025-12-05 06:03:19,2025-12-08 03:44:07,Software,Low,48,3.86,69.68,True,Reopened,App Support,C. Novak,HQ - Dubai,Chat,
INC101756,2025-12-05 06:57:46,2025-12-05 22:33:10,Software,Low,48,6.68,15.59,False,Resolved,Desktop Support,L. Fernandes,Remote,Email,5
INC101643,2025-12-05 07:10:10,2025-12-05 17:56:22,Software,Low,48,10.03,10.77,False,Resolved,Service Desk L1,G. Petrov,Remote,Email,5
INC100761,2025-12-05 07:23:04,2025-12-05 18:58:28,Software,Low,48,11.59,11.59,False,Resolved,Systems Admin,B. Silva,HQ - Dubai,Chat,3
INC101941,2025-12-05 12:08:26,2025-12-06 03:49:14,Software,Low,48,15.47,15.68,False,Resolved,Desktop Support,J. Kim,Branch - New York,Self-Service Portal,5
INC101157,2025-12-05 12:31:58,2025-12-06 16:21:46,Application Support,Low,48,4.95,27.83,False,Reopened,Desktop Support,B. Silva,Remote,Self-Service Portal,
INC101775,2025-12-05 13:20:36,2025-12-07 15:53:00,Security Incident,Medium,24,0.21,50.54,True,Resolved,App Support,J. Kim,Remote,Phone,3
INC102097,2025-12-05 14:00:34,2025-12-05 16:16:46,Printer,High,8,0.16,2.27,False,Resolved,App Support,C. Novak,Branch - Singapore,Email,3
INC102093,2025-12-05 14:14:41,2025-12-06 12:14:05,Security Incident,Medium,24,3.73,21.99,False,Resolved,Desktop Support,I. Rossi,Branch - New York,Phone,5
INC102216,2025-12-05 16:51:28,2025-12-07 20:13:04,Hardware,Medium,24,10.83,51.36,True,Resolved,App Support,D. Ahmed,Branch - New York,Email,3
INC100773,2025-12-05 16:58:46,2025-12-06 10:53:22,Application Support,Medium,24,0.78,17.91,False,Resolved,Network Ops,G. Petrov,HQ - Dubai,Self-Service Portal,5
INC101285,2025-12-06 06:38:47,2025-12-08 10:35:47,Software,Medium,24,10.95,51.95,True,Resolved,Security Team,I. Rossi,HQ - Dubai,Walk-in,2
INC101955,2025-12-06 09:40:58,2025-12-10 13:27:10,Security Incident,Low,48,14.05,99.77,True,Reopened,Network Ops,K. Meyer,Remote,Email,
INC100788,2025-12-06 10:10:59,2025-12-07 00:48:47,Network,High,8,2.15,14.63,True,Resolved,Systems Admin,G. Petrov,Remote,Self-Service Portal,3
INC102149,2025-12-06 11:56:33,2025-12-07 06:13:21,Hardware,High,8,1.66,18.28,True,Closed,Desktop Support,K. Meyer,HQ - Dubai,Walk-in,3
INC100312,2025-12-06 13:42:29,2025-12-07 04:05:53,Hardware,Low,48,14.39,14.39,False,Resolved,Security Team,H. Osei,Remote,Chat,4
INC102171,2025-12-06 14:34:08,2025-12-06 19:31:08,Email,Critical,4,1.41,4.95,True,Reopened,Systems Admin,J. Kim,HQ - Dubai,Email,
INC100781,2025-12-06 21:06:54,2025-12-07 06:01:30,Network,Low,48,7.26,8.91,False,Resolved,App Support,L. Fernandes,HQ - Dubai,Phone,5
INC101061,2025-12-06 21:31:17,2025-12-08 18:00:05,Security Incident,Low,48,3.76,44.48,False,Closed,App Support,H. Osei,Branch - Singapore,Self-Service Portal,4
INC102703,2025-12-06 22:57:23,2025-12-07 05:49:35,Application Support,High,8,0.64,6.87,False,Resolved,Network Ops,E. Zhou,HQ - Dubai,Phone,4
INC101744,2025-12-07 05:34:42,2025-12-07 11:40:42,Software,Medium,24,6.1,6.1,False,Resolved,Desktop Support,A. Khan,Remote,Email,5
INC102859,2025-12-07 12:01:50,2025-12-09 04:16:50,Network,Medium,24,7.7,40.25,True,Closed,App Support,H. Osei,Branch - London,Phone,4
INC100746,2025-12-07 12:40:04,2025-12-08 01:52:04,Access Management,High,8,1.69,13.2,True,Resolved,Security Team,A. Khan,Branch - Singapore,Phone,1
INC100808,2025-12-07 16:16:28,2025-12-09 12:20:40,Network,Low,48,20.83,44.07,False,Closed,App Support,D. Ahmed,Remote,Email,4
INC102814,2025-12-07 17:48:21,2025-12-08 14:02:09,Hardware,Medium,24,6.18,20.23,False,Resolved,Desktop Support,F. Torres,Remote,Walk-in,5
INC102894,2025-12-07 19:34:53,2025-12-08 00:43:53,Software,High,8,0.54,5.15,False,Resolved,Network Ops,J. Kim,Branch - New York,Email,4
INC102748,2025-12-07 23:45:04,2025-12-08 06:25:52,Security Incident,Medium,24,6.68,6.68,False,Resolved,Network Ops,G. Petrov,HQ - Dubai,Email,4
INC100301,2025-12-08 01:03:29,2025-12-08 14:33:29,Software,Low,48,3.04,13.5,False,Resolved,Systems Admin,I. Rossi,Remote,Email,4
INC100695,2025-12-08 01:51:08,2025-12-09 18:39:08,Network,Medium,24,3.27,40.8,True,Resolved,Security Team,G. Petrov,Branch - Singapore,Phone,3
INC102580,2025-12-08 15:25:23,2025-12-08 23:46:23,Network,High,8,0.34,8.35,True,Resolved,Systems Admin,H. Osei,Remote,Walk-in,1
INC102756,2025-12-08 15:29:44,2025-12-08 16:22:32,Application Support,High,8,0.88,0.88,False,Resolved,Systems Admin,L. Fernandes,Branch - London,Email,3
INC102430,2025-12-08 20:30:04,2025-12-09 00:23:28,Printer,High,8,1.66,3.89,False,Reopened,Systems Admin,K. Meyer,HQ - Dubai,Phone,
INC101257,2025-12-08 23:35:38,,Network,High,8,1.57,7.41,False,Reopened,Systems Admin,K. Meyer,Branch - Singapore,Phone,
INC100563,2025-12-09 00:12:15,2025-12-10 04:41:03,Network,Medium,24,1.31,28.48,True,Closed,Security Team,A. Khan,Branch - Singapore,Self-Service Portal,3
INC102997,2025-12-09 01:20:38,2025-12-09 10:54:50,Network,Medium,24,2.23,9.57,False,Resolved,Network Ops,H. Osei,Branch - London,Chat,4
INC100217,2025-12-09 03:12:43,2025-12-12 16:41:31,Access Management,Low,48,20.56,85.48,True,Reopened,Network Ops,D. Ahmed,Remote,Self-Service Portal,
INC102977,2025-12-09 04:44:56,2025-12-11 01:18:32,Software,Low,48,1.32,44.56,False,Closed,Network Ops,F. Torres,Branch - Singapore,Self-Service Portal,5
INC102673,2025-12-09 07:56:53,2025-12-11 23:28:41,Network,Low,48,5.04,63.53,True,Resolved,App Support,I. Rossi,Branch - London,Chat,5
INC102009,2025-12-09 17:05:23,2025-12-10 02:31:47,Security Incident,Critical,4,1.84,9.44,True,Reopened,Network Ops,B. Silva,Branch - New York,Walk-in,
INC100142,2025-12-10 03:52:06,2025-12-10 09:26:54,Printer,High,8,1.17,5.58,False,Resolved,App Support,D. Ahmed,Branch - London,Self-Service Portal,3
INC101563,2025-12-10 06:30:40,2025-12-12 04:39:40,Hardware,Low,48,8.69,46.15,False,Closed,Service Desk L1,I. Rossi,Remote,Phone,4
INC101685,2025-12-10 11:37:23,2025-12-11 02:15:11,Hardware,Medium,24,8.84,14.63,False,Resolved,Network Ops,K. Meyer,HQ - Dubai,Self-Service Portal,5
INC100691,2025-12-10 15:42:01,2025-12-11 09:08:25,Application Support,Medium,24,6.35,17.44,False,Resolved,App Support,D. Ahmed,HQ - Dubai,Self-Service Portal,5
INC101393,2025-12-10 16:46:52,2025-12-10 18:20:28,Access Management,High,8,1.56,1.56,False,Resolved,Security Team,H. Osei,HQ - Dubai,Self-Service Portal,4
INC101002,2025-12-10 18:48:34,2025-12-10 23:33:34,Application Support,Critical,4,1.38,4.75,True,Resolved,App Support,K. Meyer,Remote,Phone,4
INC102349,2025-12-10 20:10:25,2025-12-10 23:38:37,Printer,Medium,24,3.47,3.47,False,Resolved,App Support,I. Rossi,Branch - London,Self-Service Portal,5
INC102667,2025-12-10 21:43:47,,Application Support,High,8,2.69,2.86,False,Reopened,Desktop Support,H. Osei,HQ - Dubai,Email,
INC102812,2025-12-10 23:13:38,2025-12-11 11:14:14,Email,Medium,24,5.72,12.01,False,Resolved,Security Team,A. Khan,Remote,Self-Service Portal,5
INC100628,2025-12-11 23:54:44,2025-12-13 04:49:20,Hardware,Low,48,2.82,28.91,False,Resolved,Network Ops,I. Rossi,Remote,Phone,5
INC101667,2025-12-12 03:56:20,2025-12-12 05:05:20,Email,High,8,1.15,1.15,False,Resolved,Network Ops,B. Silva,Branch - Singapore,Self-Service Portal,4
INC100769,2025-12-12 05:04:40,2025-12-13 12:50:16,Access Management,Low,48,16.2,31.76,False,Resolved,Desktop Support,H. Osei,HQ - Dubai,Self-Service Portal,4
INC100330,2025-12-12 08:07:03,2025-12-12 11:02:51,Software,Medium,24,2.93,2.93,False,Closed,Service Desk L1,C. Novak,Branch - Singapore,Chat,5
INC100407,2025-12-12 08:56:15,2025-12-12 18:59:51,Hardware,Low,48,7.61,10.06,False,Resolved,Network Ops,I. Rossi,HQ - Dubai,Self-Service Portal,5
INC102264,2025-12-12 10:03:38,2025-12-12 13:07:50,Software,High,8,1.47,3.07,False,Resolved,Service Desk L1,H. Osei,HQ - Dubai,Walk-in,4
INC102741,2025-12-12 11:08:59,2025-12-13 04:47:23,Hardware,Low,48,14.27,17.64,False,Resolved,Desktop Support,C. Novak,HQ - Dubai,Email,3
INC100239,2025-12-12 14:12:54,2025-12-14 05:21:54,Access Management,Medium,24,7.52,39.15,True,Resolved,Security Team,F. Torres,Remote,Email,4
INC101367,2025-12-12 23:27:03,2025-12-14 02:18:39,Hardware,Low,48,19.33,26.86,False,Reopened,Service Desk L1,E. Zhou,Branch - Singapore,Self-Service Portal,
INC100720,2025-12-13 00:22:34,2025-12-15 09:00:22,Email,Low,48,9.81,56.63,True,Resolved,Systems Admin,K. Meyer,HQ - Dubai,Walk-in,4
INC101718,2025-12-13 01:16:52,2025-12-13 04:55:52,Hardware,High,8,1.35,3.65,False,Resolved,App Support,G. Petrov,Branch - Singapore,Phone,5
INC101992,2025-12-13 01:46:27,2025-12-13 20:39:15,Hardware,Medium,24,11.87,18.88,False,Resolved,App Support,B. Silva,Branch - New York,Self-Service Portal,5
INC102316,2025-12-13 10:48:37,2025-12-14 08:29:25,Software,Medium,24,10.21,21.68,False,Closed,Security Team,L. Fernandes,HQ - Dubai,Walk-in,5
INC100960,2025-12-13 10:57:03,2025-12-13 13:04:15,Access Management,High,8,0.35,2.12,False,Closed,Desktop Support,E. Zhou,HQ - Dubai,Walk-in,5
INC102407,2025-12-13 16:28:34,2025-12-19 03:15:22,Software,Low,48,9.78,130.78,True,Resolved,Security Team,A. Khan,HQ - Dubai,Phone,3
INC101346,2025-12-13 20:25:40,2025-12-15 16:49:40,Email,Medium,24,8.06,44.4,True,Resolved,Network Ops,C. Novak,HQ - Dubai,Self-Service Portal,4
INC100901,2025-12-13 22:36:18,2025-12-16 13:47:42,Access Management,Low,48,5.96,63.19,True,Resolved,Service Desk L1,F. Torres,Branch - Singapore,Email,4
INC102596,2025-12-14 00:32:13,2025-12-14 02:43:01,Access Management,Low,48,2.18,2.18,False,Closed,Systems Admin,J. Kim,Remote,Email,3
INC102913,2025-12-14 03:13:07,2025-12-14 04:39:31,Software,Medium,24,1.44,1.44,False,Resolved,Network Ops,J. Kim,Remote,Walk-in,4
INC100038,2025-12-14 07:37:51,2025-12-17 00:30:39,Hardware,Low,48,17.17,64.88,True,Reopened,App Support,F. Torres,Branch - New York,Email,
INC101214,2025-12-14 10:38:04,2025-12-16 02:03:16,Network,Medium,24,9.8,39.42,True,Resolved,Security Team,H. Osei,Remote,Self-Service Portal,5
INC100510,2025-12-14 12:03:24,2025-12-15 01:58:00,Network,Medium,24,4.34,13.91,False,Resolved,Service Desk L1,D. Ahmed,Branch - Singapore,Self-Service Portal,5
INC102198,2025-12-14 15:59:38,2025-12-15 13:13:26,Software,Low,48,20.95,21.23,False,Reopened,Systems Admin,L. Fernandes,Branch - New York,Self-Service Portal,
INC101104,2025-12-14 16:21:42,2025-12-14 18:36:42,Printer,Critical,4,1.86,2.25,False,Closed,Security Team,A. Khan,HQ - Dubai,Email,5
INC102889,2025-12-14 22:07:44,2025-12-15 04:29:56,Software,High,8,2.68,6.37,False,Resolved,Systems Admin,I. Rossi,Remote,Email,5
INC101022,2025-12-14 22:17:11,2025-12-15 20:45:23,Application Support,Low,48,15.9,22.47,False,Resolved,Network Ops,G. Petrov,HQ - Dubai,Self-Service Portal,4
INC102106,2025-12-15 02:13:28,2025-12-15 14:53:04,Email,Medium,24,9.0,12.66,False,Resolved,Systems Admin,K. Meyer,Branch - New York,Self-Service Portal,3
INC102597,2025-12-15 05:07:03,2025-12-15 08:08:15,Software,High,8,3.02,3.02,False,Resolved,Service Desk L1,A. Khan,Branch - Singapore,Email,5
INC102483,2025-12-15 06:13:45,2025-12-17 01:01:45,Hardware,Low,48,15.33,42.8,False,Resolved,Systems Admin,K. Meyer,Remote,Email,1
INC100441,2025-12-15 06:20:31,2025-12-15 11:51:43,Application Support,Low,48,5.52,5.52,False,Closed,Systems Admin,L. Fernandes,Branch - London,Self-Service Portal,4
INC101516,2025-12-15 09:32:34,2025-12-17 11:20:34,Software,Low,48,2.16,49.8,True,Resolved,Desktop Support,H. Osei,Remote,Phone,3
INC102600,2025-12-15 15:15:13,2025-12-15 19:08:01,Application Support,High,8,0.48,3.88,False,Resolved,Network Ops,K. Meyer,Branch - Singapore,Self-Service Portal,4
INC102979,2025-12-15 17:47:56,2025-12-16 04:30:32,Software,Medium,24,0.77,10.71,False,Resolved,Desktop Support,E. Zhou,HQ - Dubai,Self-Service Portal,4
INC100081,2025-12-16 03:26:57,2025-12-16 12:47:21,Hardware,Medium,24,9.34,9.34,False,Resolved,App Support,D. Ahmed,Remote,Phone,3
INC101004,2025-12-16 04:35:34,,Network,High,8,0.69,18.01,True,Reopened,Security Team,A. Khan,HQ - Dubai,Phone,
INC101499,2025-12-16 05:37:46,2025-12-17 17:18:34,Software,Low,48,3.2,35.68,False,Resolved,Network Ops,B. Silva,Remote,Email,3
INC100697,2025-12-16 08:44:14,2025-12-16 12:59:14,Network,Critical,4,0.66,4.25,True,Resolved,Service Desk L1,B. Silva,Branch - Singapore,Phone,4
INC102452,2025-12-16 14:03:40,2025-12-17 15:27:04,Network,Low,48,7.88,25.39,False,Closed,Security Team,E. Zhou,HQ - Dubai,Chat,5
INC101432,2025-12-16 16:33:36,2025-12-16 19:03:36,Software,High,8,0.53,2.5,False,Closed,App Support,K. Meyer,Remote,Email,4
INC101191,2025-12-16 16:40:27,2025-12-17 03:35:39,Access Management,Low,48,10.92,10.92,False,Resolved,Security Team,A. Khan,HQ - Dubai,Self-Service Portal,3
INC101038,2025-12-16 18:35:23,2025-12-17 02:09:35,Security Incident,High,8,2.31,7.57,False,Resolved,Network Ops,L. Fernandes,Remote,Self-Service Portal,5
INC100333,2025-12-17 02:00:49,2025-12-17 06:32:01,Network,Medium,24,4.52,4.52,False,Resolved,App Support,B. Silva,Branch - London,Chat,5
INC101494,2025-12-17 04:32:17,2025-12-17 08:19:41,Email,High,8,1.52,3.79,False,Resolved,Systems Admin,B. Silva,Branch - London,Phone,4
INC102022,2025-12-17 05:18:53,2025-12-18 20:30:17,Application Support,Medium,24,6.84,39.19,True,Resolved,Security Team,C. Novak,HQ - Dubai,Email,4
INC102048,2025-12-17 09:07:35,2025-12-17 20:58:35,Printer,Low,48,7.86,11.85,False,Resolved,App Support,K. Meyer,Branch - New York,Self-Service Portal,5
INC101410,2025-12-17 11:34:10,2025-12-18 00:47:58,Software,Low,48,1.13,13.23,False,Resolved,App Support,D. Ahmed,HQ - Dubai,Self-Service Portal,5
INC101297,2025-12-17 18:48:57,,Hardware,Low,48,16.91,16.91,False,Reopened,App Support,B. Silva,Branch - London,Email,
INC101580,2025-12-17 20:46:20,2025-12-18 11:00:44,Hardware,Medium,24,4.07,14.24,False,Resolved,Network Ops,H. Osei,HQ - Dubai,Email,4
INC102871,2025-12-17 20:54:42,2025-12-18 08:07:18,Email,High,8,2.35,11.21,True,Resolved,Service Desk L1,D. Ahmed,Branch - London,Chat,3
INC102399,2025-12-17 22:02:00,2025-12-19 20:22:24,Software,Low,48,6.86,46.34,False,Resolved,Systems Admin,G. Petrov,Remote,Phone,3
INC100544,2025-12-18 02:11:33,,Network,Medium,24,1.42,11.6,False,Reopened,Desktop Support,G. Petrov,HQ - Dubai,Phone,
INC102766,2025-12-18 03:16:48,2025-12-18 16:45:36,Hardware,High,8,0.8,13.48,True,Resolved,Network Ops,J. Kim,Branch - Singapore,Self-Service Portal,4
INC100232,2025-12-18 05:01:14,2025-12-19 17:04:14,Application Support,Medium,24,0.55,36.05,True,Resolved,Service Desk L1,G. Petrov,Remote,Email,5
INC100029,2025-12-18 06:26:04,2025-12-24 01:36:16,Access Management,Low,48,11.25,139.17,True,Closed,App Support,E. Zhou,Branch - London,Chat,1
INC101256,2025-12-18 07:53:01,2025-12-18 14:51:13,Access Management,Medium,24,6.97,6.97,False,Closed,App Support,F. Torres,Remote,Self-Service Portal,2
INC102846,2025-12-18 11:44:47,2025-12-18 17:47:11,Software,Low,48,6.04,6.04,False,Resolved,Service Desk L1,E. Zhou,Branch - London,Email,5
INC101544,2025-12-18 13:30:48,2025-12-18 17:50:36,Software,Medium,24,2.36,4.33,False,Resolved,Security Team,I. Rossi,Remote,Chat,4
INC100487,2025-12-18 23:58:38,2025-12-19 05:34:38,Access Management,High,8,0.81,5.6,False,Resolved,App Support,G. Petrov,Branch - New York,Phone,5
INC101007,2025-12-19 00:11:53,,Security Incident,Low,48,9.61,14.65,False,Reopened,Desktop Support,A. Khan,Remote,Email,
INC100833,2025-12-19 02:41:51,2025-12-21 14:22:03,Security Incident,Medium,24,6.24,59.67,True,Reopened,Service Desk L1,F. Torres,Branch - London,Email,
INC100489,2025-12-19 03:52:54,2025-12-19 12:43:18,Hardware,Medium,24,8.84,8.84,False,Closed,Service Desk L1,I. Rossi,Branch - Singapore,Email,4
INC101753,2025-12-19 05:27:36,2025-12-19 08:09:36,Email,High,8,2.7,2.7,False,Resolved,Security Team,F. Torres,Branch - Singapore,Chat,5
INC101426,2025-12-19 05:49:17,2025-12-19 07:33:05,Software,High,8,1.73,1.73,False,Resolved,Network Ops,K. Meyer,Branch - New York,Self-Service Portal,4
INC102799,2025-12-19 06:33:47,2025-12-19 20:09:47,Access Management,Low,48,4.1,13.6,False,Closed,Systems Admin,J. Kim,Remote,Self-Service Portal,4
INC102944,2025-12-19 08:19:48,2025-12-20 00:54:36,Hardware,Low,48,7.75,16.58,False,Resolved,Network Ops,E. Zhou,Remote,Self-Service Portal,4
INC100409,2025-12-19 15:12:55,2025-12-20 16:26:43,Software,Medium,24,0.78,25.23,True,Resolved,Service Desk L1,J. Kim,HQ - Dubai,Self-Service Portal,2
INC102148,2025-12-19 23:01:32,,Software,High,8,3.11,12.85,True,Reopened,Service Desk L1,L. Fernandes,HQ - Dubai,Email,
INC101963,2025-12-20 00:59:35,,Hardware,Low,48,0.61,22.65,False,Reopened,Security Team,L. Fernandes,HQ - Dubai,Chat,
INC100571,2025-12-20 01:06:20,2025-12-22 00:17:44,Security Incident,Low,48,8.67,47.19,False,Resolved,Systems Admin,J. Kim,Branch - New York,Chat,5
INC100195,2025-12-20 04:16:22,2025-12-20 05:51:46,Application Support,High,8,1.59,1.59,False,Reopened,Desktop Support,I. Rossi,HQ - Dubai,Phone,
INC100178,2025-12-20 07:58:00,2025-12-21 16:14:48,Network,Low,48,20.02,32.28,False,Reopened,Network Ops,H. Osei,Branch - London,Self-Service Portal,
INC102730,2025-12-20 09:40:58,2025-12-20 15:52:58,Application Support,Medium,24,0.05,6.2,False,Resolved,Service Desk L1,E. Zhou,Branch - Singapore,Phone,4
INC101351,2025-12-20 10:13:33,2025-12-22 03:33:57,Hardware,Low,48,19.97,41.34,False,Resolved,Desktop Support,L. Fernandes,HQ - Dubai,Email,5
INC101183,2025-12-20 15:26:50,2025-12-24 14:25:02,Network,Low,48,4.66,94.97,True,Resolved,Desktop Support,C. Novak,HQ - Dubai,Email,3
INC102729,2025-12-20 15:35:53,2025-12-21 02:44:17,Hardware,Medium,24,6.52,11.14,False,Closed,Desktop Support,F. Torres,HQ - Dubai,Phone,5
INC102502,2025-12-20 16:49:58,2025-12-22 18:48:46,Hardware,Low,48,7.88,49.98,True,Resolved,App Support,F. Torres,Remote,Phone,2
INC100748,2025-12-20 21:19:44,2025-12-21 02:25:08,Application Support,Critical,4,1.66,5.09,True,Reopened,Desktop Support,G. Petrov,Remote,Email,
INC101567,2025-12-21 06:51:23,2025-12-21 13:56:11,Printer,Medium,24,7.08,7.08,False,Reopened,Service Desk L1,K. Meyer,Remote,Email,
INC101118,2025-12-21 10:33:03,2025-12-25 09:15:39,Printer,Low,48,7.14,94.71,True,Closed,Security Team,I. Rossi,Branch - London,Self-Service Portal,2
INC101831,2025-12-22 01:01:41,2025-12-22 13:13:41,Hardware,Medium,24,3.65,12.2,False,Resolved,Network Ops,J. Kim,Branch - London,Chat,4
INC101965,2025-12-22 12:03:15,2025-12-23 10:34:27,Application Support,Low,48,17.64,22.52,False,Resolved,Service Desk L1,B. Silva,Branch - New York,Self-Service Portal,4
INC102419,2025-12-22 13:13:55,2025-12-23 21:52:19,Software,Low,48,0.71,32.64,False,Resolved,Network Ops,F. Torres,Branch - Singapore,Email,5
INC100809,2025-12-23 04:11:22,,Printer,Medium,24,1.36,3.77,False,Reopened,Desktop Support,H. Osei,HQ - Dubai,Chat,
INC100356,2025-12-23 04:29:35,2025-12-23 14:04:23,Printer,Low,48,9.58,9.58,False,Resolved,Network Ops,E. Zhou,HQ - Dubai,Phone,5
INC101916,2025-12-23 05:22:24,2025-12-23 20:08:36,Printer,Low,48,14.77,14.77,False,Resolved,Service Desk L1,C. Novak,HQ - Dubai,Phone,4
INC100209,2025-12-23 06:01:13,2025-12-25 05:45:37,Network,Low,48,22.32,47.74,False,Resolved,Security Team,E. Zhou,Branch - Singapore,Phone,3
INC100500,2025-12-23 12:01:46,2025-12-24 06:20:58,Software,Medium,24,1.87,18.32,False,Resolved,Desktop Support,D. Ahmed,Remote,Email,5
INC101399,2025-12-23 14:38:24,2025-12-24 00:56:24,Email,High,8,3.19,10.3,True,Resolved,App Support,A. Khan,Remote,Email,5
INC100308,2025-12-23 19:05:04,2025-12-24 11:07:28,Access Management,Medium,24,10.59,16.04,False,Resolved,Service Desk L1,B. Silva,Branch - London,Phone,3
INC100376,2025-12-23 20:13:39,2025-12-25 08:04:03,Software,Medium,24,6.26,35.84,True,Resolved,Network Ops,E. Zhou,Branch - Singapore,Chat,3
INC100745,2025-12-23 21:06:39,2025-12-25 18:51:03,Hardware,Low,48,23.93,45.74,False,Reopened,Network Ops,A. Khan,Branch - New York,Email,
INC101210,2025-12-24 03:51:53,2025-12-24 13:29:41,Email,High,8,2.5,9.63,True,Resolved,Desktop Support,D. Ahmed,Remote,Chat,4
INC102850,2025-12-24 04:43:29,2025-12-24 16:33:53,Access Management,High,8,2.47,11.84,True,Resolved,Network Ops,G. Petrov,Branch - London,Email,4
INC102670,2025-12-24 10:33:36,2025-12-24 23:57:36,Hardware,Medium,24,7.94,13.4,False,Resolved,Systems Admin,H. Osei,HQ - Dubai,Self-Service Portal,5
INC101834,2025-12-24 12:55:19,2025-12-25 01:54:07,Application Support,Medium,24,2.8,12.98,False,Closed,Security Team,D. Ahmed,HQ - Dubai,Email,5
INC100524,2025-12-24 13:23:23,2025-12-25 13:34:47,Printer,Low,48,2.14,24.19,False,Closed,Systems Admin,A. Khan,Branch - London,Phone,5
INC101868,2025-12-24 17:43:07,2025-12-25 04:05:19,Access Management,Medium,24,8.36,10.37,False,Resolved,Network Ops,E. Zhou,Branch - London,Phone,5
INC102298,2025-12-24 19:17:02,2025-12-25 03:03:14,Software,Medium,24,7.77,7.77,False,Resolved,Systems Admin,J. Kim,Branch - London,Phone,5
INC100367,2025-12-25 04:42:23,2025-12-26 04:56:11,Software,Low,48,21.31,24.23,False,Closed,Desktop Support,L. Fernandes,Branch - Singapore,Self-Service Portal,4
INC101783,2025-12-25 05:08:37,2025-12-25 08:56:01,Network,High,8,2.55,3.79,False,Resolved,Systems Admin,J. Kim,Branch - Singapore,Email,4
INC100119,2025-12-25 11:03:56,2025-12-26 00:45:56,Access Management,Low,48,12.41,13.7,False,Resolved,Network Ops,B. Silva,Branch - New York,Email,4
INC102532,2025-12-25 15:50:22,2025-12-27 04:20:58,Software,Low,48,18.16,36.51,False,Resolved,Systems Admin,L. Fernandes,Branch - Singapore,Email,5
INC102374,2025-12-25 21:15:36,2025-12-26 04:06:00,Software,High,8,3.25,6.84,False,Resolved,App Support,K. Meyer,HQ - Dubai,Email,5
INC100560,2025-12-26 00:43:47,2025-12-27 10:52:47,Hardware,Medium,24,7.62,34.15,True,Closed,Service Desk L1,L. Fernandes,Branch - Singapore,Email,4
INC102418,2025-12-26 03:15:39,2025-12-27 22:36:39,Access Management,Low,48,3.15,43.35,False,Resolved,Desktop Support,C. Novak,Branch - Singapore,Self-Service Portal,4
INC101596,2025-12-26 03:22:03,2025-12-28 03:19:39,Application Support,Low,48,7.07,47.96,False,Closed,Systems Admin,F. Torres,HQ - Dubai,Self-Service Portal,5
INC102761,2025-12-26 05:13:21,2025-12-26 07:40:21,Application Support,Critical,4,1.04,2.45,False,Resolved,Service Desk L1,G. Petrov,Branch - New York,Email,5
INC101216,2025-12-26 06:31:31,2025-12-26 12:01:31,Printer,Medium,24,5.5,5.5,False,Closed,Network Ops,D. Ahmed,HQ - Dubai,Email,5
INC102654,2025-12-26 08:58:03,2025-12-26 18:05:51,Printer,Medium,24,9.13,9.13,False,Resolved,Service Desk L1,B. Silva,HQ - Dubai,Self-Service Portal,4
INC102458,2025-12-26 09:13:44,2025-12-26 12:01:08,Network,High,8,0.91,2.79,False,Resolved,Desktop Support,A. Khan,Branch - New York,Self-Service Portal,5
INC101275,2025-12-26 10:26:09,2025-12-26 14:13:33,Security Incident,Critical,4,1.13,3.79,False,Closed,Network Ops,I. Rossi,HQ - Dubai,Email,4
INC102047,2025-12-26 12:08:13,2025-12-26 21:26:13,Application Support,Medium,24,9.3,9.3,False,Reopened,Security Team,F. Torres,Branch - New York,Self-Service Portal,
INC102679,2025-12-26 15:27:44,2026-01-01 08:04:56,Software,Low,48,14.62,136.62,True,Resolved,App Support,E. Zhou,Remote,Self-Service Portal,2
INC100640,2025-12-26 22:41:51,2025-12-27 17:10:39,Application Support,Low,48,14.09,18.48,False,Resolved,App Support,H. Osei,Remote,Phone,5
INC102020,2025-12-27 04:21:23,2025-12-27 21:03:59,Software,Low,48,16.15,16.71,False,Resolved,Network Ops,I. Rossi,HQ - Dubai,Self-Service Portal,5
INC101512,2025-12-27 07:02:54,2025-12-28 01:52:06,Security Incident,Low,48,4.12,18.82,False,Resolved,Network Ops,K. Meyer,Remote,Phone,4
INC102034,2025-12-27 09:39:15,2025-12-29 02:40:27,Email,Low,48,19.92,41.02,False,Closed,Security Team,E. Zhou,HQ - Dubai,Self-Service Portal,4
INC100388,2025-12-27 11:41:22,2025-12-27 21:49:46,Access Management,Medium,24,5.17,10.14,False,Resolved,Systems Admin,J. Kim,HQ - Dubai,Email,3
INC102338,2025-12-27 16:39:35,2025-12-27 23:31:47,Software,Medium,24,6.87,6.87,False,Resolved,Service Desk L1,G. Petrov,Branch - New York,Phone,3
INC101583,2025-12-28 02:38:13,2025-12-29 12:02:13,Application Support,Low,48,18.15,33.4,False,Closed,App Support,J. Kim,Branch - London,Email,4
INC102320,2025-12-28 02:52:42,2025-12-28 04:29:54,Email,Critical,4,0.09,1.62,False,Resolved,Service Desk L1,K. Meyer,Branch - London,Self-Service Portal,4
INC101006,2025-12-28 04:20:52,2025-12-30 07:05:52,Application Support,Medium,24,1.93,50.75,True,Resolved,App Support,E. Zhou,HQ - Dubai,Chat,3
INC101380,2025-12-28 07:02:27,2025-12-28 07:27:39,Network,Critical,4,0.42,0.42,False,Reopened,Network Ops,K. Meyer,HQ - Dubai,Email,
INC100490,2025-12-28 11:15:13,2025-12-28 14:11:37,Software,High,8,2.94,2.94,False,Resolved,Network Ops,G. Petrov,HQ - Dubai,Chat,4
INC102602,2025-12-28 14:03:49,2025-12-28 20:50:01,Printer,High,8,3.21,6.77,False,Reopened,Systems Admin,L. Fernandes,Branch - London,Chat,
INC102359,2025-12-28 15:47:14,2025-12-28 18:11:14,Application Support,High,8,2.01,2.4,False,Resolved,Desktop Support,J. Kim,Remote,Self-Service Portal,5
INC101758,2025-12-28 16:51:37,2025-12-29 15:51:37,Application Support,Low,48,1.65,23.0,False,Resolved,Service Desk L1,F. Torres,HQ - Dubai,Email,3
INC100205,2025-12-29 03:16:02,2025-12-29 10:07:02,Security Incident,High,8,3.93,6.85,False,Resolved,Network Ops,F. Torres,HQ - Dubai,Chat,4
INC100705,2025-12-29 03:30:33,2025-12-29 07:09:33,Security Incident,Critical,4,0.83,3.65,False,Resolved,Systems Admin,L. Fernandes,HQ - Dubai,Phone,3
INC101587,2025-12-29 06:10:28,2025-12-29 14:30:16,Network,High,8,2.01,8.33,True,Resolved,Security Team,E. Zhou,Branch - Singapore,Email,3
INC101611,2025-12-29 14:28:45,2026-01-01 01:38:57,Printer,Low,48,11.02,59.17,True,Resolved,Network Ops,L. Fernandes,Remote,Email,3
INC102008,2025-12-29 14:40:38,2025-12-29 22:46:38,Hardware,Medium,24,1.73,8.1,False,Reopened,App Support,K. Meyer,Branch - New York,Email,
INC102891,2025-12-29 20:09:39,2025-12-29 23:04:51,Software,High,8,2.02,2.92,False,Resolved,App Support,C. Novak,HQ - Dubai,Phone,5
INC101828,2025-12-29 21:42:57,2025-12-30 04:08:09,Application Support,High,8,1.55,6.42,False,Resolved,Desktop Support,D. Ahmed,Remote,Self-Service Portal,4
INC101732,2025-12-29 22:03:03,2025-12-30 02:16:51,Access Management,Medium,24,3.73,4.23,False,Closed,Desktop Support,E. Zhou,HQ - Dubai,Phone,5
INC101774,2025-12-30 00:49:20,,Access Management,Medium,24,6.78,6.78,False,Reopened,App Support,E. Zhou,Branch - London,Phone,
INC100300,2025-12-30 04:11:31,2025-12-30 12:29:31,Email,Medium,24,8.3,8.3,False,Resolved,Service Desk L1,D. Ahmed,Branch - London,Self-Service Portal,4
INC101747,2025-12-30 11:29:12,2025-12-30 18:49:36,Printer,Medium,24,2.45,7.34,False,Closed,App Support,I. Rossi,Branch - London,Phone,5
INC102035,2025-12-30 16:47:07,2025-12-31 21:24:19,Access Management,Low,48,20.98,28.62,False,Resolved,Service Desk L1,D. Ahmed,Branch - Singapore,Email,4
INC101572,2025-12-30 20:27:04,2025-12-31 20:22:52,Network,Low,48,20.25,23.93,False,Resolved,Systems Admin,I. Rossi,Branch - New York,Self-Service Portal,5
INC101337,2025-12-30 22:22:00,2025-12-31 08:56:12,Access Management,Low,48,2.83,10.57,False,Resolved,App Support,K. Meyer,HQ - Dubai,Phone,5
INC102114,2025-12-31 14:15:22,2026-01-02 05:39:22,Software,Low,48,21.05,39.4,False,Resolved,Desktop Support,E. Zhou,HQ - Dubai,Self-Service Portal,4
INC100442,2025-12-31 14:49:54,2025-12-31 21:54:06,Application Support,High,8,3.49,7.07,False,Reopened,Systems Admin,E. Zhou,Remote,Self-Service Portal,
INC102401,2025-12-31 16:21:15,2026-01-02 09:31:27,Application Support,Low,48,1.66,41.17,False,Closed,App Support,A. Khan,Remote,Self-Service Portal,5
INC102493,2025-12-31 22:19:55,2026-01-01 14:45:43,Email,Medium,24,1.78,16.43,False,Closed,Network Ops,F. Torres,Remote,Email,4
INC100570,2025-12-31 22:33:23,2026-01-01 07:42:59,Printer,Medium,24,0.75,9.16,False,Resolved,Systems Admin,A. Khan,Branch - Singapore,Self-Service Portal,3
